{
  "id": "b590401",
  "specification": "1.0.0",
  "description": "Libgrape-lite LDBC Benchmark",
  "system": {
    "platform": {
      "name": "libgrape-lite",
      "acronym": "libgrape",
      "version": "0.3.1",
      "link": "https://github.com/alibaba/libgrape-lite"
    },
    "environment": {
      "name": "ecs.r7.16xlarge",
      "acronym": "r7",
      "version": "1.0.0",
      "link": "https://help.aliyun.com/document_detail/25378.html?spm\u003d5176.ecsnewbuy.help.dexternal.155d3675Y8BpwF#r7\"",
      "machines": [
        {
          "quantity": "8",
          "cpu": "Intel(R) Xeon(R) Platinum 8369B CPU @ 2.70GHz",
          "memory": "512GiB",
          "network": "VPC",
          "storage": "Cloud Parallel File Storage"
        }
      ]
    },
    "tool": {
      "graphalytics-core": {
        "name": "graphalytics-core",
        "version": "1.10.0",
        "link": "https://github.com/ldbc/ldbc_graphalytics"
      },
      "graphalytics-platforms-libgrape": {
        "name": "graphalytics-platforms-libgrape",
        "version": "0.4-SNAPSHOT",
        "link": "https://github.com/alibaba/libgrape-lite"
      }
    },
    "pricing": "199308.88"
  },
  "benchmark": {
    "type": "custom",
    "name": "Benchmark for dataset size 2XL+",
    "duration": "20827364",
    "timeout": "10800",
    "resources": {},
    "output": {
      "required": "-",
      "directory": "./output"
    },
    "validation": {
      "required": "-",
      "directory": "/mnt/nas/ldbc_graphalytics_datasets"
    },
    "configurations": {
      "graph.graph500-30.cdlp.max-iterations": "10",
      "environment.machine.memory": "512GiB",
      "graph.datagen-9_4-fb.sssp.weight-property": "weight",
      "graph.graph500-27.meta.vertices": "63081040",
      "graph.datagen-9_1-fb.meta.vertices": "16087483",
      "graph.com-friendster.cdlp.max-iterations": "10",
      "graph.com-friendster.bfs.source-vertex": "101",
      "environment.machine.quantity": "8",
      "environment.machine.storage": "Cloud Parallel File Storage",
      "graph.graph500-29.pr.damping-factor": "0.85",
      "graphs.validation-directory": "/mnt/nas/ldbc_graphalytics_datasets",
      "benchmark.runner.max-memory": "",
      "graph.datagen-sf3k-fb.pr.num-iterations": "10",
      "graph.graph500-28.pr.damping-factor": "0.85",
      "graph.datagen-9_2-zf.vertex-file": "datagen-9_2-zf.v",
      "graph.datagen-sf3k-fb.pr.damping-factor": "0.85",
      "graph.graph500-27.pr.damping-factor": "0.85",
      "graph.datagen-9_4-fb.edge-properties.types": "real",
      "graph.datagen-sf10k-fb.directed": "false",
      "graph.graph500-30.edge-file": "graph500-30.e",
      "graph.graph500-28.pr.num-iterations": "10",
      "graph.twitter_mpi.cdlp.max-iterations": "10",
      "graph.graph500-30.pr.damping-factor": "0.85",
      "benchmark.name": "Benchmark for dataset size 2XL+",
      "graph.datagen-9_1-fb.edge-properties.types": "real",
      "graph.datagen-sf10k-fb.algorithms": "bfs",
      "graph.datagen-sf10k-fb.vertex-file": "datagen-sf10k-fb.v",
      "graph.datagen-sf10k-fb.edge-properties.types": "real",
      "graph.com-friendster.meta.edges": "1806067135",
      "graph.graph500-26.meta.vertices": "32804978",
      "benchmark.custom.timeout": "10800",
      "graph.datagen-9_0-fb.edge-file": "datagen-9_0-fb.e",
      "graph.datagen-9_2-zf.sssp.weight-property": "weight",
      "graph.datagen-9_2-zf.sssp.source-vertex": "6",
      "graph.datagen-9_1-fb.cdlp.max-iterations": "10",
      "platform.name": "libgrape-lite",
      "graph.datagen-9_2-zf.bfs.source-vertex": "6",
      "graph.datagen-sf10k-fb.cdlp.max-iterations": "10",
      "graph.datagen-9_4-fb.sssp.source-vertex": "6",
      "graph.graph500-26.meta.edges": "1051922853",
      "graph.datagen-9_2-zf.pr.damping-factor": "0.85",
      "graph.datagen-9_3-zf.pr.num-iterations": "10",
      "graph.datagen-9_3-zf.edge-properties.types": "real",
      "graph.graph500-30.directed": "false",
      "graph.graph500-28.meta.vertices": "121242388",
      "graph.graph500-30.meta.vertices": "447797986",
      "graph.datagen-9_4-fb.cdlp.max-iterations": "10",
      "graph.datagen-9_1-fb.algorithms": "bfs",
      "benchmark.custom.algorithms": "BFS",
      "graph.datagen-9_3-zf.bfs.source-vertex": "6",
      "graph.twitter_mpi.meta.edges": "1963263508",
      "graph.graph500-27.pr.num-iterations": "10",
      "graph.datagen-9_4-fb.edge-properties.names": "weight",
      "graph.datagen-9_3-zf.vertex-file": "datagen-9_3-zf.v",
      "graph.datagen-9_4-fb.vertex-file": "datagen-9_4-fb.v",
      "graph.datagen-9_2-zf.directed": "false",
      "graph.datagen-9_2-zf.edge-file": "datagen-9_2-zf.e",
      "graph.graph500-26.cdlp.max-iterations": "10",
      "graph.datagen-9_3-zf.edge-file": "datagen-9_3-zf.e",
      "graph.datagen-sf3k-fb.algorithms": "bfs",
      "graph.graph500-26.bfs.source-vertex": "62455266",
      "graph.datagen-9_2-zf.cdlp.max-iterations": "10",
      "graph.graph500-26.algorithms": "bfs",
      "environment.name": "ecs.r7.16xlarge",
      "graphs.output-directory": "./output",
      "graph.datagen-9_4-fb.meta.vertices": "29310565",
      "graph.datagen-sf3k-fb.meta.edges": "2912009743",
      "graph.datagen-sf3k-fb.edge-properties.names": "weight",
      "graph.graph500-27.bfs.source-vertex": "0",
      "graph.graph500-27.cdlp.max-iterations": "10",
      "graph.graph500-30.pr.num-iterations": "10",
      "graph.graph500-30.vertex-file": "graph500-30.v",
      "graph.datagen-sf3k-fb.bfs.source-vertex": "933",
      "graph.graph500-29.edge-file": "graph500-29.e",
      "graph.twitter_mpi.algorithms": "bfs",
      "graph.datagen-9_2-zf.meta.vertices": "434943376",
      "graph.graph500-28.directed": "false",
      "graph.datagen-9_1-fb.pr.num-iterations": "10",
      "graph.datagen-sf10k-fb.pr.num-iterations": "10",
      "graph.datagen-sf10k-fb.sssp.source-vertex": "6",
      "graph.graph500-30.bfs.source-vertex": "0",
      "graph.twitter_mpi.bfs.source-vertex": "420",
      "graph.graph500-28.cdlp.max-iterations": "10",
      "graph.graph500-28.algorithms": "bfs",
      "graph.datagen-9_0-fb.edge-properties.names": "weight",
      "graph.datagen-sf3k-fb.meta.vertices": "33484375",
      "graph.datagen-9_3-zf.edge-properties.names": "weight",
      "graph.twitter_mpi.edge-file": "twitter_mpi.e",
      "graph.graph500-26.pr.damping-factor": "0.85",
      "graph.graph500-29.meta.vertices": "232999630",
      "graph.datagen-sf3k-fb.edge-file": "datagen-sf3k-fb.e",
      "graph.datagen-9_0-fb.vertex-file": "datagen-9_0-fb.v",
      "graph.datagen-9_1-fb.sssp.source-vertex": "6",
      "graph.graph500-29.cdlp.max-iterations": "10",
      "graph.datagen-9_0-fb.pr.damping-factor": "0.85",
      "platform.acronym": "libgrape",
      "graph.com-friendster.edge-file": "com-friendster.e",
      "graph.graph500-26.vertex-file": "graph500-26.v",
      "graph.graph500-27.algorithms": "bfs",
      "benchmark.type": "custom",
      "graph.com-friendster.pr.damping-factor": "0.85",
      "graph.datagen-9_0-fb.algorithms": "bfs",
      "graph.graph500-28.vertex-file": "graph500-28.v",
      "graph.datagen-9_1-fb.directed": "false",
      "graph.datagen-9_3-zf.meta.edges": "1309998551",
      "graph.graph500-27.vertex-file": "graph500-27.v",
      "graph.graph500-29.vertex-file": "graph500-29.v",
      "graph.datagen-9_4-fb.directed": "false",
      "environment.machine.cpu": "Intel(R) Xeon(R) Platinum 8369B CPU @ 2.70GHz",
      "environment.acronym": "r7",
      "graph.datagen-9_0-fb.cdlp.max-iterations": "10",
      "graph.datagen-sf3k-fb.edge-properties.types": "real",
      "graph.datagen-9_0-fb.meta.edges": "1049527225",
      "graph.graph500-28.meta.edges": "4236163958",
      "graph.datagen-9_2-zf.edge-properties.types": "real",
      "graph.datagen-sf3k-fb.sssp.weight-property": "weight",
      "graph.datagen-sf3k-fb.vertex-file": "datagen-sf3k-fb.v",
      "graph.graph500-27.meta.edges": "2111642032",
      "graph.datagen-9_0-fb.sssp.source-vertex": "6",
      "graph.datagen-9_1-fb.bfs.source-vertex": "6",
      "graph.datagen-9_3-zf.sssp.weight-property": "weight",
      "graphs.names": "[com-friendster, datagen-9_0-fb, datagen-9_1-fb, datagen-9_2-zf, datagen-9_3-zf, datagen-9_4-fb, datagen-sf10k-fb, datagen-sf3k-fb, graph500-26, graph500-27, graph500-28, graph500-29, graph500-30, twitter_mpi]",
      "graph.twitter_mpi.pr.damping-factor": "0.85",
      "graph.datagen-9_0-fb.sssp.weight-property": "weight",
      "platform.libgrape.nodes": "\"172.24.177.188,172.24.177.192,172.24.177.191,172.24.177.187,172.24.177.186,172.24.177.190,172.24.177.189,172.24.177.185\"",
      "graph.datagen-9_3-zf.cdlp.max-iterations": "10",
      "graph.com-friendster.meta.vertices": "65608366",
      "graph.graph500-30.algorithms": "bfs",
      "graph.datagen-9_4-fb.edge-file": "datagen-9_4-fb.e",
      "graph.graph500-28.edge-file": "graph500-28.e",
      "graph.com-friendster.pr.num-iterations": "10",
      "graph.graph500-29.directed": "false",
      "graph.twitter_mpi.pr.num-iterations": "10",
      "benchmark.runner.port": "8014",
      "graph.datagen-9_0-fb.bfs.source-vertex": "6",
      "graph.datagen-sf3k-fb.directed": "false",
      "graph.graph500-29.bfs.source-vertex": "0",
      "graph.datagen-9_0-fb.edge-properties.types": "real",
      "graph.datagen-sf10k-fb.sssp.weight-property": "weight",
      "graph.com-friendster.directed": "false",
      "graph.datagen-9_1-fb.vertex-file": "datagen-9_1-fb.v",
      "graph.datagen-9_2-zf.meta.edges": "1042340732",
      "benchmark.description": "Libgrape-lite LDBC Benchmark",
      "graph.datagen-sf10k-fb.bfs.source-vertex": "933",
      "benchmark.custom.validation-required": "true",
      "graph.graph500-29.meta.edges": "8493569115",
      "graph.datagen-9_4-fb.pr.num-iterations": "10",
      "graph.datagen-9_0-fb.meta.vertices": "12857671",
      "graph.graph500-27.edge-file": "graph500-27.e",
      "graph.datagen-9_1-fb.edge-properties.names": "weight",
      "graph.datagen-9_2-zf.pr.num-iterations": "10",
      "graph.graph500-27.directed": "false",
      "graph.datagen-sf3k-fb.cdlp.max-iterations": "10",
      "benchmark.custom.graphs": "graph500-28",
      "graph.datagen-sf3k-fb.sssp.source-vertex": "6",
      "graph.datagen-9_4-fb.pr.damping-factor": "0.85",
      "graph.datagen-9_2-zf.edge-properties.names": "weight",
      "graph.datagen-9_4-fb.algorithms": "bfs",
      "environment.machine.network": "VPC",
      "graph.twitter_mpi.vertex-file": "twitter_mpi.v",
      "platform.version": "0.3.0",
      "graph.datagen-9_3-zf.pr.damping-factor": "0.85",
      "graph.graph500-26.edge-file": "graph500-26.e",
      "graph.datagen-9_1-fb.meta.edges": "1342158397",
      "graph.datagen-9_3-zf.directed": "false",
      "graph.graph500-30.meta.edges": "17022117362",
      "graph.datagen-sf10k-fb.meta.vertices": "100218750",
      "graph.datagen-9_1-fb.sssp.weight-property": "weight",
      "graph.graph500-26.pr.num-iterations": "10",
      "graph.graph500-26.directed": "false",
      "environment.link": "https://help.aliyun.com/document_detail/25378.html?spm\u003d5176.ecsnewbuy.help.dexternal.155d3675Y8BpwF#r7\"",
      "graph.datagen-9_3-zf.meta.vertices": "555270053",
      "graph.graph500-28.bfs.source-vertex": "0",
      "graph.datagen-9_3-zf.algorithms": "bfs",
      "graph.datagen-9_4-fb.meta.edges": "2588948669",
      "platform.libgrape.home": "/mnt/nas/libgrape-lite",
      "graph.twitter_mpi.directed": "true",
      "platform.link": "https://github.com/alibaba/libgrape-lite",
      "graph.datagen-9_1-fb.pr.damping-factor": "0.85",
      "graph.datagen-sf10k-fb.pr.damping-factor": "0.85",
      "system.pricing": "199308.88",
      "benchmark.executor.port": "8013",
      "benchmark.custom.repetitions": "3",
      "graphs.root-directory": "/mnt/nas/ldbc_graphalytics_datasets",
      "graph.com-friendster.vertex-file": "com-friendster.v",
      "graph.twitter_mpi.meta.vertices": "52579678",
      "graph.datagen-9_2-zf.algorithms": "bfs",
      "graph.datagen-9_0-fb.pr.num-iterations": "10",
      "graph.graph500-29.algorithms": "bfs",
      "graph.datagen-9_1-fb.edge-file": "datagen-9_1-fb.e",
      "graph.datagen-9_0-fb.directed": "false",
      "benchmark.custom.output-required": "true",
      "graph.datagen-sf10k-fb.edge-properties.names": "weight",
      "environment.version": "1.0.0",
      "graph.graph500-29.pr.num-iterations": "10",
      "graph.datagen-9_4-fb.bfs.source-vertex": "6",
      "graph.com-friendster.algorithms": "bfs",
      "graph.datagen-9_3-zf.sssp.source-vertex": "6",
      "graph.datagen-sf10k-fb.edge-file": "datagen-sf10k-fb.e",
      "graph.datagen-sf10k-fb.meta.edges": "9404822538"
    }
  },
  "result": {
    "experiments": {
      "e636627": {
        "id": "e636627",
        "type": "custom:exp",
        "jobs": [
          "j726507",
          "j868214",
          "j915140",
          "j676040",
          "j869844",
          "j567423",
          "j529063",
          "j680219",
          "j501274",
          "j836288",
          "j589647",
          "j864905",
          "j683449",
          "j728785",
          "j549478",
          "j599704",
          "j491993",
          "j582378",
          "j488080",
          "j834019",
          "j873996"
        ]
      }
    },
    "jobs": {
      "j488080": {
        "id": "j488080",
        "algorithm": "PR",
        "dataset": "graph500-28",
        "scale": "1",
        "repetition": "3",
        "runs": [
          "r604335",
          "r659576",
          "r826264"
        ]
      },
      "j726507": {
        "id": "j726507",
        "algorithm": "WCC",
        "dataset": "graph500-29",
        "scale": "1",
        "repetition": "3",
        "runs": [
          "r819071",
          "r725981",
          "r837647"
        ]
      },
      "j501274": {
        "id": "j501274",
        "algorithm": "CDLP",
        "dataset": "graph500-30",
        "scale": "1",
        "repetition": "3",
        "runs": [
          "r513955",
          "r696317",
          "r906438"
        ]
      },
      "j834019": {
        "id": "j834019",
        "algorithm": "PR",
        "dataset": "datagen-sf10k-fb",
        "scale": "1",
        "repetition": "3",
        "runs": [
          "r722048",
          "r830462",
          "r750766"
        ]
      },
      "j864905": {
        "id": "j864905",
        "algorithm": "BFS",
        "dataset": "datagen-sf10k-fb",
        "scale": "1",
        "repetition": "3",
        "runs": [
          "r912611",
          "r604327",
          "r554112"
        ]
      },
      "j728785": {
        "id": "j728785",
        "algorithm": "LCC",
        "dataset": "graph500-29",
        "scale": "1",
        "repetition": "3",
        "runs": [
          "r832712",
          "r867295",
          "r720710"
        ]
      },
      "j836288": {
        "id": "j836288",
        "algorithm": "BFS",
        "dataset": "graph500-29",
        "scale": "1",
        "repetition": "3",
        "runs": [
          "r699924",
          "r786860",
          "r480856"
        ]
      },
      "j873996": {
        "id": "j873996",
        "algorithm": "PR",
        "dataset": "graph500-30",
        "scale": "1",
        "repetition": "3",
        "runs": [
          "r840351",
          "r496462",
          "r470437"
        ]
      },
      "j869844": {
        "id": "j869844",
        "algorithm": "SSSP",
        "dataset": "datagen-sf10k-fb",
        "scale": "1",
        "repetition": "3",
        "runs": [
          "r583361",
          "r546750",
          "r579504"
        ]
      },
      "j567423": {
        "id": "j567423",
        "algorithm": "CDLP",
        "dataset": "graph500-29",
        "scale": "1",
        "repetition": "3",
        "runs": [
          "r642530",
          "r562356",
          "r850863"
        ]
      },
      "j868214": {
        "id": "j868214",
        "algorithm": "WCC",
        "dataset": "graph500-28",
        "scale": "1",
        "repetition": "3",
        "runs": [
          "r510157",
          "r767367",
          "r703342"
        ]
      },
      "j680219": {
        "id": "j680219",
        "algorithm": "CDLP",
        "dataset": "datagen-sf10k-fb",
        "scale": "1",
        "repetition": "3",
        "runs": [
          "r744046",
          "r824512",
          "r526971"
        ]
      },
      "j599704": {
        "id": "j599704",
        "algorithm": "LCC",
        "dataset": "datagen-sf10k-fb",
        "scale": "1",
        "repetition": "3",
        "runs": [
          "r822913",
          "r649686",
          "r818741"
        ]
      },
      "j683449": {
        "id": "j683449",
        "algorithm": "BFS",
        "dataset": "graph500-30",
        "scale": "1",
        "repetition": "3",
        "runs": [
          "r591811",
          "r835025",
          "r607326"
        ]
      },
      "j589647": {
        "id": "j589647",
        "algorithm": "BFS",
        "dataset": "graph500-28",
        "scale": "1",
        "repetition": "3",
        "runs": [
          "r808691",
          "r854264",
          "r595872"
        ]
      },
      "j549478": {
        "id": "j549478",
        "algorithm": "LCC",
        "dataset": "graph500-28",
        "scale": "1",
        "repetition": "3",
        "runs": [
          "r586087",
          "r603294",
          "r921577"
        ]
      },
      "j676040": {
        "id": "j676040",
        "algorithm": "WCC",
        "dataset": "graph500-30",
        "scale": "1",
        "repetition": "3",
        "runs": [
          "r869608",
          "r749200",
          "r709757"
        ]
      },
      "j529063": {
        "id": "j529063",
        "algorithm": "CDLP",
        "dataset": "graph500-28",
        "scale": "1",
        "repetition": "3",
        "runs": [
          "r734661",
          "r640396",
          "r668925"
        ]
      },
      "j491993": {
        "id": "j491993",
        "algorithm": "LCC",
        "dataset": "graph500-30",
        "scale": "1",
        "repetition": "3",
        "runs": [
          "r576233",
          "r765868",
          "r697847"
        ]
      },
      "j582378": {
        "id": "j582378",
        "algorithm": "PR",
        "dataset": "graph500-29",
        "scale": "1",
        "repetition": "3",
        "runs": [
          "r705630",
          "r824288",
          "r653064"
        ]
      },
      "j915140": {
        "id": "j915140",
        "algorithm": "WCC",
        "dataset": "datagen-sf10k-fb",
        "scale": "1",
        "repetition": "3",
        "runs": [
          "r891041",
          "r789852",
          "r871364"
        ]
      }
    },
    "runs": {
      "r824288": {
        "id": "r824288",
        "timestamp": "1687340665760",
        "success": "true",
        "load_time": "0.001",
        "makespan": "144.930",
        "processing_time": "9.484"
      },
      "r765868": {
        "id": "r765868",
        "timestamp": "1687357605700",
        "success": "true",
        "load_time": "0.001",
        "makespan": "587.883",
        "processing_time": "334.743"
      },
      "r826264": {
        "id": "r826264",
        "timestamp": "1687345812356",
        "success": "true",
        "load_time": "0.000",
        "makespan": "77.336",
        "processing_time": "4.596"
      },
      "r668925": {
        "id": "r668925",
        "timestamp": "1687346388445",
        "success": "true",
        "load_time": "0.000",
        "makespan": "67.342",
        "processing_time": "3.569"
      },
      "r554112": {
        "id": "r554112",
        "timestamp": "1687347892687",
        "success": "true",
        "load_time": "0.000",
        "makespan": "52.877",
        "processing_time": "0.160"
      },
      "r720710": {
        "id": "r720710",
        "timestamp": "1687339788661",
        "success": "true",
        "load_time": "0.001",
        "makespan": "338.422",
        "processing_time": "145.432"
      },
      "r603294": {
        "id": "r603294",
        "timestamp": "1687346505466",
        "success": "true",
        "load_time": "0.000",
        "makespan": "135.820",
        "processing_time": "64.422"
      },
      "r867295": {
        "id": "r867295",
        "timestamp": "1687343624097",
        "success": "true",
        "load_time": "0.001",
        "makespan": "277.622",
        "processing_time": "145.597"
      },
      "r640396": {
        "id": "r640396",
        "timestamp": "1687347140562",
        "success": "true",
        "load_time": "0.000",
        "makespan": "67.176",
        "processing_time": "3.541"
      },
      "r496462": {
        "id": "r496462",
        "timestamp": "1687356606610",
        "success": "true",
        "load_time": "0.001",
        "makespan": "398.794",
        "processing_time": "19.743"
      },
      "r583361": {
        "id": "r583361",
        "timestamp": "1687349879999",
        "success": "true",
        "load_time": "0.000",
        "makespan": "79.302",
        "processing_time": "0.945"
      },
      "r705630": {
        "id": "r705630",
        "timestamp": "1687342972025",
        "success": "true",
        "load_time": "0.001",
        "makespan": "145.631",
        "processing_time": "9.378"
      },
      "r744046": {
        "id": "r744046",
        "timestamp": "1687347990706",
        "success": "true",
        "load_time": "0.000",
        "makespan": "59.856",
        "processing_time": "6.676"
      },
      "r767367": {
        "id": "r767367",
        "timestamp": "1687345953377",
        "success": "true",
        "load_time": "0.000",
        "makespan": "64.251",
        "processing_time": "1.390"
      },
      "r659576": {
        "id": "r659576",
        "timestamp": "1687346248422",
        "success": "true",
        "load_time": "0.000",
        "makespan": "76.985",
        "processing_time": "4.616"
      },
      "r891041": {
        "id": "r891041",
        "timestamp": "1687348918859",
        "success": "true",
        "load_time": "0.000",
        "makespan": "53.557",
        "processing_time": "0.915"
      },
      "r824512": {
        "id": "r824512",
        "timestamp": "1687348353764",
        "success": "true",
        "load_time": "0.000",
        "makespan": "60.473",
        "processing_time": "6.657"
      },
      "r653064": {
        "id": "r653064",
        "timestamp": "1687342155935",
        "success": "true",
        "load_time": "0.001",
        "makespan": "145.449",
        "processing_time": "9.449"
      },
      "r850863": {
        "id": "r850863",
        "timestamp": "1687340453730",
        "success": "true",
        "load_time": "0.001",
        "makespan": "126.970",
        "processing_time": "7.148"
      },
      "r906438": {
        "id": "r906438",
        "timestamp": "1687358948833",
        "success": "true",
        "load_time": "0.001",
        "makespan": "244.794",
        "processing_time": "15.352"
      },
      "r604335": {
        "id": "r604335",
        "timestamp": "1687345259281",
        "success": "true",
        "load_time": "0.000",
        "makespan": "77.154",
        "processing_time": "4.591"
      },
      "r607326": {
        "id": "r607326",
        "timestamp": "1687355300478",
        "success": "true",
        "load_time": "0.001",
        "makespan": "238.835",
        "processing_time": "1.431"
      },
      "r576233": {
        "id": "r576233",
        "timestamp": "1687355698516",
        "success": "true",
        "load_time": "0.001",
        "makespan": "694.237",
        "processing_time": "333.823"
      },
      "r649686": {
        "id": "r649686",
        "timestamp": "1687347457619",
        "success": "true",
        "load_time": "0.000",
        "makespan": "111.328",
        "processing_time": "20.855"
      },
      "r709757": {
        "id": "r709757",
        "timestamp": "1687354184389",
        "success": "true",
        "load_time": "0.001",
        "makespan": "275.082",
        "processing_time": "6.386"
      },
      "r579504": {
        "id": "r579504",
        "timestamp": "1687350015020",
        "success": "true",
        "load_time": "0.000",
        "makespan": "78.484",
        "processing_time": "0.945"
      },
      "r591811": {
        "id": "r591811",
        "timestamp": "1687359345873",
        "success": "true",
        "load_time": "0.001",
        "makespan": "309.520",
        "processing_time": "1.437"
      },
      "r921577": {
        "id": "r921577",
        "timestamp": "1687346822514",
        "success": "true",
        "load_time": "0.000",
        "makespan": "134.658",
        "processing_time": "64.090"
      },
      "r642530": {
        "id": "r642530",
        "timestamp": "1687341741879",
        "success": "true",
        "load_time": "0.001",
        "makespan": "125.780",
        "processing_time": "7.024"
      },
      "r696317": {
        "id": "r696317",
        "timestamp": "1687353663333",
        "success": "true",
        "load_time": "0.001",
        "makespan": "369.285",
        "processing_time": "15.353"
      },
      "r697847": {
        "id": "r697847",
        "timestamp": "1687359814916",
        "success": "true",
        "load_time": "0.001",
        "makespan": "586.071",
        "processing_time": "334.892"
      },
      "r510157": {
        "id": "r510157",
        "timestamp": "1687345400303",
        "success": "true",
        "load_time": "0.000",
        "makespan": "64.757",
        "processing_time": "1.414"
      },
      "r562356": {
        "id": "r562356",
        "timestamp": "1687340242700",
        "success": "true",
        "load_time": "0.001",
        "makespan": "126.905",
        "processing_time": "7.087"
      },
      "r854264": {
        "id": "r854264",
        "timestamp": "1687347024541",
        "success": "true",
        "load_time": "0.000",
        "makespan": "63.223",
        "processing_time": "0.388"
      },
      "r703342": {
        "id": "r703342",
        "timestamp": "1687344931245",
        "success": "true",
        "load_time": "0.000",
        "makespan": "92.903",
        "processing_time": "1.407"
      },
      "r750766": {
        "id": "r750766",
        "timestamp": "1687349541951",
        "success": "true",
        "load_time": "0.000",
        "makespan": "62.371",
        "processing_time": "3.823"
      },
      "r722048": {
        "id": "r722048",
        "timestamp": "1687349421930",
        "success": "true",
        "load_time": "0.000",
        "makespan": "63.001",
        "processing_time": "3.819"
      },
      "r526971": {
        "id": "r526971",
        "timestamp": "1687348809840",
        "success": "true",
        "load_time": "0.000",
        "makespan": "60.438",
        "processing_time": "6.677"
      },
      "r470437": {
        "id": "r470437",
        "timestamp": "1687358406783",
        "success": "true",
        "load_time": "0.001",
        "makespan": "336.970",
        "processing_time": "19.648"
      },
      "r786860": {
        "id": "r786860",
        "timestamp": "1687341535852",
        "success": "true",
        "load_time": "0.001",
        "makespan": "119.187",
        "processing_time": "0.760"
      },
      "r546750": {
        "id": "r546750",
        "timestamp": "1687349660971",
        "success": "true",
        "load_time": "0.000",
        "makespan": "163.710",
        "processing_time": "0.947"
      },
      "r734661": {
        "id": "r734661",
        "timestamp": "1687344785225",
        "success": "true",
        "load_time": "0.000",
        "makespan": "96.062",
        "processing_time": "3.536"
      },
      "r840351": {
        "id": "r840351",
        "timestamp": "1687350656087",
        "success": "true",
        "load_time": "0.001",
        "makespan": "408.241",
        "processing_time": "19.695"
      },
      "r818741": {
        "id": "r818741",
        "timestamp": "1687349284909",
        "success": "true",
        "load_time": "0.000",
        "makespan": "79.855",
        "processing_time": "20.814"
      },
      "r725981": {
        "id": "r725981",
        "timestamp": "1687340921792",
        "success": "true",
        "load_time": "0.001",
        "makespan": "180.298",
        "processing_time": "3.053"
      },
      "r808691": {
        "id": "r808691",
        "timestamp": "1687345697335",
        "success": "true",
        "load_time": "0.000",
        "makespan": "63.421",
        "processing_time": "0.389"
      },
      "r513955": {
        "id": "r513955",
        "timestamp": "1687357210661",
        "success": "true",
        "load_time": "0.001",
        "makespan": "243.442",
        "processing_time": "15.387"
      },
      "r830462": {
        "id": "r830462",
        "timestamp": "1687349165890",
        "success": "true",
        "load_time": "0.000",
        "makespan": "62.422",
        "processing_time": "3.777"
      },
      "r604327": {
        "id": "r604327",
        "timestamp": "1687348462783",
        "success": "true",
        "load_time": "0.000",
        "makespan": "52.708",
        "processing_time": "0.156"
      },
      "r789852": {
        "id": "r789852",
        "timestamp": "1687348098727",
        "success": "true",
        "load_time": "0.000",
        "makespan": "53.533",
        "processing_time": "0.912"
      },
      "r871364": {
        "id": "r871364",
        "timestamp": "1687348560801",
        "success": "true",
        "load_time": "0.000",
        "makespan": "53.724",
        "processing_time": "0.920"
      },
      "r595872": {
        "id": "r595872",
        "timestamp": "1687346707494",
        "success": "true",
        "load_time": "0.000",
        "makespan": "63.365",
        "processing_time": "0.436"
      },
      "r586087": {
        "id": "r586087",
        "timestamp": "1687347257583",
        "success": "true",
        "load_time": "0.000",
        "makespan": "134.023",
        "processing_time": "63.526"
      },
      "r832712": {
        "id": "r832712",
        "timestamp": "1687343229055",
        "success": "true",
        "load_time": "0.001",
        "makespan": "277.609",
        "processing_time": "144.991"
      },
      "r749200": {
        "id": "r749200",
        "timestamp": "1687352478240",
        "success": "true",
        "load_time": "0.001",
        "makespan": "355.017",
        "processing_time": "6.416"
      },
      "r480856": {
        "id": "r480856",
        "timestamp": "1687341951906",
        "success": "true",
        "load_time": "0.001",
        "makespan": "117.092",
        "processing_time": "0.768"
      },
      "r837647": {
        "id": "r837647",
        "timestamp": "1687342413975",
        "success": "true",
        "load_time": "0.001",
        "makespan": "119.681",
        "processing_time": "3.018"
      },
      "r835025": {
        "id": "r835025",
        "timestamp": "1687350149040",
        "success": "true",
        "load_time": "0.001",
        "makespan": "348.505",
        "processing_time": "1.436"
      },
      "r822913": {
        "id": "r822913",
        "timestamp": "1687347626643",
        "success": "true",
        "load_time": "0.000",
        "makespan": "79.275",
        "processing_time": "20.301"
      },
      "r912611": {
        "id": "r912611",
        "timestamp": "1687347763665",
        "success": "true",
        "load_time": "0.000",
        "makespan": "83.917",
        "processing_time": "0.161"
      },
      "r869608": {
        "id": "r869608",
        "timestamp": "1687351271147",
        "success": "true",
        "load_time": "0.001",
        "makespan": "356.167",
        "processing_time": "6.458"
      },
      "r699924": {
        "id": "r699924",
        "timestamp": "1687344581197",
        "success": "true",
        "load_time": "0.001",
        "makespan": "117.170",
        "processing_time": "0.782"
      },
      "r819071": {
        "id": "r819071",
        "timestamp": "1687344019141",
        "success": "true",
        "load_time": "0.001",
        "makespan": "119.524",
        "processing_time": "2.982"
      }
    }
  }
}
