{
  "id": "b495232",
  "specification": "1.0.0",
  "description": "Libgrape-lite LDBC Benchmark",
  "system": {
    "platform": {
      "name": "libgrape-gpu",
      "acronym": "libgrape",
      "version": "0.3.1",
      "link": "https://github.com/alibaba/libgrape-lite"
    },
    "environment": {
      "name": "ecs.ebmgn7e.32xlarge",
      "acronym": "ebmgn7e",
      "version": "1.0.0",
      "link": "https://www.alibabacloud.com/help/en/elastic-gpu-service/latest/gpu-accelerated-compute-optimized-instance-families#section-dem-yjl-04w",
      "machines": [
        {
          "quantity": "1",
          "cpu": "Intel(R) Xeon(R) Platinum 8369",
          "memory": "1056444788 kB",
          "network": "Mellanox Technologies MT2892",
          "storage": "HDD 2TB"
        }
      ]
    },
    "tool": {
      "graphalytics-core": {
        "name": "graphalytics-core",
        "version": "1.10.0",
        "link": "https://github.com/ldbc/ldbc_graphalytics"
      },
      "graphalytics-platforms-libgrape": {
        "name": "graphalytics-platforms-libgrape",
        "version": "0.4-SNAPSHOT",
        "link": "https://github.com/alibaba/libgrape-lite"
      }
    },
    "pricing": "456697"
  },
  "benchmark": {
    "type": "custom",
    "name": "Custom Benchmark",
    "duration": "41110510",
    "timeout": "9000",
    "resources": {},
    "output": {
      "required": "-",
      "directory": "/root/libgrape-lite/ldbc_driver/workspace/output"
    },
    "validation": {
      "required": "-",
      "directory": "/root/libgrape-lite/ldbc_driver/workspace/graphs"
    },
    "configurations": {
      "graph.test-cdlp-directed.directed": "true",
      "graph.datagen-8_9-fb.edge-properties.types": "real",
      "environment.machine.memory": "1056444788 kB",
      "graph.datagen-8_8-zf.sssp.source-vertex": "6",
      "graph.datagen-9_4-fb.sssp.weight-property": "weight",
      "graph.graph500-27.meta.vertices": "63081040",
      "graph.test-cdlp-directed.cdlp.max-iterations": "5",
      "graph.p2p-31.pr.num-iterations": "10",
      "graph.datagen-8_9-fb.sssp.source-vertex": "6",
      "graph.datagen-9_1-fb.meta.vertices": "16087483",
      "graph.graph500-22.meta.vertices": "2396657",
      "graph.p2p-31.edge-properties.names": "weight",
      "graph.test-pr-directed.edge-file": "test-pr-directed.e",
      "graph.com-friendster.cdlp.max-iterations": "10",
      "graph.com-friendster.bfs.source-vertex": "101",
      "graph.test-lcc-undirected.meta.vertices": "9",
      "environment.machine.quantity": "1",
      "environment.machine.storage": "HDD 2TB",
      "graph.datagen-8_7-zf.bfs.source-vertex": "6",
      "graph.graph500-29.pr.damping-factor": "0.85",
      "graphs.validation-directory": "/root/libgrape-lite/ldbc_driver/workspace/graphs",
      "benchmark.runner.max-memory": "",
      "graph.p2p-31.pr.damping-factor": "0.85",
      "graph.datagen-8_6-fb.algorithms": "bfs",
      "graph.datagen-8_7-zf.edge-properties.names": "weight",
      "graph.datagen-8_9-fb.pr.num-iterations": "10",
      "graph.datagen-sf3k-fb.pr.num-iterations": "10",
      "graph.p2p-31.sssp.weight-property": "weight",
      "graph.datagen-8_7-zf.vertex-file": "datagen-8_7-zf.v",
      "graph.datagen-8_8-zf.meta.vertices": "168308893",
      "graph.graph500-28.pr.damping-factor": "0.85",
      "graph.datagen-9_2-zf.vertex-file": "datagen-9_2-zf.v",
      "graph.datagen-8_7-zf.meta.vertices": "145050709",
      "graph.datagen-8_6-fb.meta.edges": "421988619",
      "graph.datagen-sf3k-fb.pr.damping-factor": "0.85",
      "graph.datagen-8_5-fb.sssp.source-vertex": "6",
      "graph.datagen-8_8-zf.edge-properties.types": "real",
      "graph.datagen-8_9-fb.meta.vertices": "10572901",
      "graph.p2p-31.sssp.source-vertex": "6",
      "platform.libgrape.serialization": "/#/mnt/serial",
      "graph.graph500-22.cdlp.max-iterations": "10",
      "graph.graph500-22.edge-file": "graph500-22.e",
      "graph.datagen-8_9-fb.pr.damping-factor": "0.85",
      "platform.libgrape.HashPartitioner": "twitter_mpi",
      "graph.graph500-27.pr.damping-factor": "0.85",
      "graph.datagen-9_4-fb.edge-properties.types": "real",
      "graph.datagen-sf10k-fb.directed": "false",
      "graph.test-lcc-undirected.meta.edges": "12",
      "graph.graph500-28.pr.num-iterations": "10",
      "graph.twitter_mpi.cdlp.max-iterations": "10",
      "graph.datagen-8_5-fb.meta.edges": "332026902",
      "graph.graph500-22.bfs.source-vertex": "248533",
      "graph.datagen-8_6-fb.sssp.weight-property": "weight",
      "benchmark.name": "Custom Benchmark",
      "graph.p2p-31.edge-file": "p2p-31.e",
      "graph.test-lcc-directed.meta.edges": "17",
      "graph.test-cdlp-directed.meta.vertices": "8",
      "graph.datagen-9_1-fb.edge-properties.types": "real",
      "graph.datagen-sf10k-fb.algorithms": "bfs",
      "graph.datagen-8_5-fb.vertex-file": "datagen-8_5-fb.v",
      "graph.datagen-sf10k-fb.vertex-file": "datagen-sf10k-fb.v",
      "graph.datagen-sf10k-fb.edge-properties.types": "real",
      "graph.datagen-8_9-fb.cdlp.max-iterations": "10",
      "graph.test-pr-directed.vertex-file": "test-pr-directed.v",
      "graph.com-friendster.meta.edges": "1806067135",
      "graph.graph500-26.meta.vertices": "32804978",
      "graph.datagen-8_5-fb.edge-properties.names": "weight",
      "benchmark.custom.timeout": "9000",
      "graph.datagen-9_0-fb.edge-file": "datagen-9_0-fb.e",
      "graph.datagen-9_2-zf.sssp.weight-property": "weight",
      "graph.datagen-8_8-zf.meta.edges": "413354288",
      "graph.datagen-9_2-zf.sssp.source-vertex": "6",
      "graph.test-sssp-directed.meta.vertices": "10",
      "graph.datagen-9_1-fb.cdlp.max-iterations": "10",
      "graph.graph500-25.pr.damping-factor": "0.85",
      "platform.name": "libgrape-gpu",
      "graph.datagen-8_8-zf.bfs.source-vertex": "6",
      "graph.test-wcc-directed.meta.edges": "10",
      "graph.datagen-9_2-zf.bfs.source-vertex": "6",
      "graph.graph500-25.edge-file": "graph500-25.e",
      "graph.datagen-sf10k-fb.cdlp.max-iterations": "10",
      "graph.test-bfs-directed.meta.vertices": "10",
      "graph.test-pr-directed.algorithms": "pr",
      "graph.datagen-9_4-fb.sssp.source-vertex": "6",
      "graph.test-sssp-directed.sssp.weight-property": "weight",
      "graph.test-pr-directed.pr.damping-factor": "0.85",
      "graph.graph500-26.meta.edges": "1051922853",
      "graph.datagen-9_2-zf.pr.damping-factor": "0.85",
      "graph.datagen-9_3-zf.pr.num-iterations": "10",
      "graph.datagen-9_3-zf.edge-properties.types": "real",
      "graph.graph500-25.cdlp.max-iterations": "10",
      "graph.graph500-28.meta.vertices": "121242388",
      "graph.test-bfs-directed.meta.edges": "17",
      "graph.datagen-9_4-fb.cdlp.max-iterations": "10",
      "graph.datagen-9_1-fb.algorithms": "bfs",
      "graph.datagen-8_9-fb.vertex-file": "datagen-8_9-fb.v",
      "benchmark.custom.algorithms": "lcc",
      "graph.test-wcc-directed.vertex-file": "test-wcc-directed.v",
      "graph.datagen-9_3-zf.bfs.source-vertex": "6",
      "graph.twitter_mpi.meta.edges": "1963263508",
      "graph.graph500-27.pr.num-iterations": "10",
      "graph.datagen-9_4-fb.edge-properties.names": "weight",
      "graph.datagen-9_3-zf.vertex-file": "datagen-9_3-zf.v",
      "graph.datagen-9_4-fb.vertex-file": "datagen-9_4-fb.v",
      "graph.datagen-8_9-fb.sssp.weight-property": "weight",
      "graph.datagen-9_2-zf.directed": "false",
      "graph.test-lcc-undirected.directed": "false",
      "graph.datagen-9_2-zf.edge-file": "datagen-9_2-zf.e",
      "graph.graph500-26.cdlp.max-iterations": "10",
      "graph.datagen-9_3-zf.edge-file": "datagen-9_3-zf.e",
      "graph.datagen-sf3k-fb.algorithms": "bfs",
      "graph.graph500-26.bfs.source-vertex": "62455266",
      "graph.datagen-9_2-zf.cdlp.max-iterations": "10",
      "graph.graph500-26.algorithms": "bfs",
      "graph.datagen-8_5-fb.algorithms": "bfs",
      "environment.name": "ecs.ebmgn7e.32xlarge",
      "graphs.output-directory": "/root/libgrape-lite/ldbc_driver/workspace/output",
      "graph.test-bfs-directed.algorithms": "bfs",
      "graph.datagen-9_4-fb.meta.vertices": "29310565",
      "graph.datagen-sf3k-fb.meta.edges": "2912009743",
      "graph.datagen-sf3k-fb.edge-properties.names": "weight",
      "graph.graph500-27.bfs.source-vertex": "0",
      "graph.test-sssp-directed.vertex-file": "test-sssp-directed.v",
      "graph.datagen-8_5-fb.pr.num-iterations": "10",
      "graph.graph500-27.cdlp.max-iterations": "10",
      "graph.test-bfs-directed.bfs.source-vertex": "1",
      "graph.graph500-22.pr.damping-factor": "0.85",
      "graph.twitter_mpi.algorithms": "bfs",
      "graph.datagen-sf3k-fb.bfs.source-vertex": "933",
      "graph.graph500-29.edge-file": "graph500-29.e",
      "graph.graph500-22.meta.edges": "64155735",
      "graph.test-cdlp-directed.edge-file": "test-cdlp-directed.e",
      "graph.p2p-31.meta.vertices": "62586",
      "graph.datagen-9_2-zf.meta.vertices": "434943376",
      "graph.graph500-28.directed": "false",
      "graph.graph500-25.directed": "false",
      "graph.datagen-9_1-fb.pr.num-iterations": "10",
      "graph.datagen-sf10k-fb.pr.num-iterations": "10",
      "graph.datagen-sf10k-fb.sssp.source-vertex": "6",
      "graph.datagen-8_8-zf.pr.damping-factor": "0.85",
      "graph.twitter_mpi.bfs.source-vertex": "420",
      "graph.datagen-8_6-fb.sssp.source-vertex": "6",
      "graph.graph500-28.cdlp.max-iterations": "10",
      "graph.graph500-28.algorithms": "bfs",
      "graph.datagen-8_9-fb.bfs.source-vertex": "6",
      "graph.datagen-9_0-fb.edge-properties.names": "weight",
      "graph.datagen-sf3k-fb.meta.vertices": "33484375",
      "graph.datagen-9_3-zf.edge-properties.names": "weight",
      "graph.twitter_mpi.edge-file": "twitter_mpi.e",
      "graph.datagen-8_5-fb.directed": "false",
      "graph.datagen-8_9-fb.directed": "false",
      "graph.graph500-26.pr.damping-factor": "0.85",
      "graph.datagen-8_5-fb.cdlp.max-iterations": "10",
      "graph.graph500-29.meta.vertices": "232999630",
      "graph.datagen-sf3k-fb.edge-file": "datagen-sf3k-fb.e",
      "graph.datagen-9_0-fb.vertex-file": "datagen-9_0-fb.v",
      "graph.datagen-9_1-fb.sssp.source-vertex": "6",
      "graph.graph500-29.cdlp.max-iterations": "10",
      "graph.datagen-9_0-fb.pr.damping-factor": "0.85",
      "graph.datagen-8_6-fb.vertex-file": "datagen-8_6-fb.v",
      "graph.datagen-8_6-fb.pr.damping-factor": "0.85",
      "platform.acronym": "libgrape",
      "graph.datagen-8_8-zf.cdlp.max-iterations": "10",
      "graph.test-bfs-directed.directed": "true",
      "graph.test-pr-directed.meta.vertices": "50",
      "graph.test-sssp-directed.sssp.source-vertex": "1",
      "graph.datagen-8_7-zf.edge-properties.types": "real",
      "graph.test-lcc-directed.vertex-file": "test-lcc-directed.v",
      "graph.test-cdlp-directed.algorithms": "cdlp",
      "graph.datagen-8_6-fb.cdlp.max-iterations": "10",
      "graph.com-friendster.edge-file": "com-friendster.e",
      "graph.p2p-31.meta.edges": "147892",
      "graph.graph500-25.vertex-file": "graph500-25.v",
      "graph.graph500-26.vertex-file": "graph500-26.v",
      "graph.test-sssp-directed.edge-properties.names": "weight",
      "graph.graph500-27.algorithms": "bfs",
      "benchmark.type": "custom",
      "platform.run.gpu.enabled": "true",
      "graph.com-friendster.pr.damping-factor": "0.85",
      "graph.datagen-9_0-fb.algorithms": "bfs",
      "graph.graph500-28.vertex-file": "graph500-28.v",
      "graph.datagen-9_1-fb.directed": "false",
      "graph.datagen-9_3-zf.meta.edges": "1309998551",
      "graph.datagen-8_7-zf.sssp.source-vertex": "6",
      "graph.graph500-27.vertex-file": "graph500-27.v",
      "graph.graph500-29.vertex-file": "graph500-29.v",
      "graph.test-wcc-directed.meta.vertices": "8",
      "graph.datagen-8_6-fb.meta.vertices": "5667674",
      "graph.datagen-8_5-fb.edge-properties.types": "real",
      "graph.test-cdlp-directed.vertex-file": "test-cdlp-directed.v",
      "graph.datagen-9_4-fb.directed": "false",
      "environment.machine.cpu": "Intel(R) Xeon(R) Platinum 8369",
      "graph.test-bfs-directed.vertex-file": "test-bfs-directed.v",
      "graph.test-cdlp-directed.meta.edges": "18",
      "environment.acronym": "ebmgn7e",
      "graph.datagen-9_0-fb.cdlp.max-iterations": "10",
      "graph.datagen-sf3k-fb.edge-properties.types": "real",
      "graph.test-lcc-directed.directed": "true",
      "graph.p2p-31.bfs.source-vertex": "6",
      "graph.datagen-8_7-zf.pr.num-iterations": "10",
      "graph.datagen-9_0-fb.meta.edges": "1049527225",
      "graph.datagen-8_7-zf.edge-file": "datagen-8_7-zf.e",
      "graph.graph500-28.meta.edges": "4236163958",
      "graph.datagen-8_8-zf.edge-file": "datagen-8_8-zf.e",
      "graph.datagen-9_2-zf.edge-properties.types": "real",
      "graph.datagen-sf3k-fb.sssp.weight-property": "weight",
      "graph.datagen-sf3k-fb.vertex-file": "datagen-sf3k-fb.v",
      "graph.graph500-27.meta.edges": "2111642032",
      "graph.graph500-22.vertex-file": "graph500-22.v",
      "graph.datagen-9_0-fb.sssp.source-vertex": "6",
      "graph.datagen-9_1-fb.bfs.source-vertex": "6",
      "graph.graph500-25.meta.vertices": "17062472",
      "graph.p2p-31.edge-properties.types": "real",
      "graph.datagen-9_3-zf.sssp.weight-property": "weight",
      "graphs.names": "[p2p-31, graph500-22, test-lcc-undirected, graph500-25, graph500-26, graph500-27, graph500-28, graph500-29, datagen-8_5-fb, datagen-8_6-fb, datagen-8_7-zf, datagen-8_8-zf, datagen-8_9-fb, datagen-9_0-fb, datagen-9_1-fb, datagen-9_2-zf, datagen-9_3-zf, datagen-9_4-fb, datagen-sf3k-fb, datagen-sf10k-fb, com-friendster, twitter_mpi, test-cdlp-directed, test-lcc-directed, test-pr-directed, test-sssp-directed, test-wcc-directed, test-bfs-directed]",
      "graph.test-lcc-directed.edge-file": "test-lcc-directed.e",
      "graph.datagen-8_5-fb.bfs.source-vertex": "6",
      "graph.twitter_mpi.pr.damping-factor": "0.85",
      "graph.datagen-9_0-fb.sssp.weight-property": "weight",
      "platform.libgrape.nodes": "127.0.0.1",
      "graph.datagen-9_3-zf.cdlp.max-iterations": "10",
      "graph.test-wcc-directed.directed": "true",
      "graph.datagen-8_9-fb.edge-properties.names": "weight",
      "platform.libgrape.serializationSSSP": "/#/mnt/serial-sssp",
      "graph.datagen-8_7-zf.meta.edges": "340157363",
      "graph.test-lcc-undirected.edge-file": "test-lcc-undirected.e",
      "graph.graph500-22.directed": "false",
      "graph.com-friendster.meta.vertices": "65608366",
      "graph.datagen-8_8-zf.directed": "false",
      "graph.datagen-8_9-fb.algorithms": "bfs",
      "graph.datagen-8_7-zf.directed": "false",
      "graph.p2p-31.algorithms": "bfs",
      "graph.datagen-8_6-fb.edge-properties.names": "weight",
      "graph.datagen-8_6-fb.bfs.source-vertex": "6",
      "graph.datagen-9_4-fb.edge-file": "datagen-9_4-fb.e",
      "graph.graph500-28.edge-file": "graph500-28.e",
      "graph.com-friendster.pr.num-iterations": "10",
      "graph.graph500-29.directed": "false",
      "graph.twitter_mpi.pr.num-iterations": "10",
      "benchmark.runner.port": "14671",
      "graph.datagen-9_0-fb.bfs.source-vertex": "6",
      "graph.datagen-sf3k-fb.directed": "false",
      "graph.datagen-8_8-zf.sssp.weight-property": "weight",
      "graph.graph500-29.bfs.source-vertex": "0",
      "graph.datagen-9_0-fb.edge-properties.types": "real",
      "graph.datagen-8_5-fb.edge-file": "datagen-8_5-fb.e",
      "graph.datagen-8_5-fb.sssp.weight-property": "weight",
      "graph.test-lcc-directed.meta.vertices": "10",
      "graph.datagen-sf10k-fb.sssp.weight-property": "weight",
      "graph.com-friendster.directed": "false",
      "graph.datagen-9_1-fb.vertex-file": "datagen-9_1-fb.v",
      "graph.datagen-9_2-zf.meta.edges": "1042340732",
      "benchmark.description": "Libgrape-lite LDBC Benchmark",
      "graph.datagen-sf10k-fb.bfs.source-vertex": "933",
      "graph.test-pr-directed.pr.num-iterations": "14",
      "graph.graph500-22.algorithms": "bfs",
      "graph.test-sssp-directed.algorithms": "sssp",
      "graph.p2p-31.directed": "false",
      "benchmark.custom.validation-required": "true",
      "graph.graph500-29.meta.edges": "8493569115",
      "graph.datagen-9_4-fb.pr.num-iterations": "10",
      "graph.datagen-9_0-fb.meta.vertices": "12857671",
      "graph.datagen-8_5-fb.meta.vertices": "4599739",
      "graph.graph500-25.bfs.source-vertex": "24460635",
      "graph.test-sssp-directed.edge-file": "test-sssp-directed.e",
      "graph.graph500-27.edge-file": "graph500-27.e",
      "graph.datagen-9_1-fb.edge-properties.names": "weight",
      "graph.datagen-9_2-zf.pr.num-iterations": "10",
      "graph.graph500-27.directed": "false",
      "graph.datagen-sf3k-fb.cdlp.max-iterations": "10",
      "graph.datagen-8_7-zf.sssp.weight-property": "weight",
      "graph.datagen-8_8-zf.algorithms": "bfs",
      "graph.graph500-25.pr.num-iterations": "10",
      "benchmark.custom.graphs": "graph500-26",
      "graph.test-sssp-directed.meta.edges": "13",
      "graph.test-pr-directed.directed": "true",
      "graph.datagen-8_9-fb.edge-file": "datagen-8_9-fb.e",
      "graph.datagen-sf3k-fb.sssp.source-vertex": "6",
      "graph.datagen-8_7-zf.cdlp.max-iterations": "10",
      "graph.datagen-9_4-fb.pr.damping-factor": "0.85",
      "graph.datagen-9_2-zf.edge-properties.names": "weight",
      "graph.datagen-9_4-fb.algorithms": "bfs",
      "environment.machine.network": "Mellanox Technologies MT2892",
      "graph.twitter_mpi.vertex-file": "twitter_mpi.v",
      "platform.version": "0.3.1",
      "graph.datagen-9_3-zf.pr.damping-factor": "0.85",
      "graph.graph500-26.edge-file": "graph500-26.e",
      "graph.datagen-8_8-zf.vertex-file": "datagen-8_8-zf.v",
      "graph.datagen-9_1-fb.meta.edges": "1342158397",
      "graph.datagen-9_3-zf.directed": "false",
      "graph.graph500-25.algorithms": "bfs",
      "graph.p2p-31.cdlp.max-iterations": "10",
      "graph.test-lcc-undirected.algorithms": "lcc",
      "graph.p2p-31.vertex-file": "p2p-31.v",
      "graph.datagen-8_8-zf.edge-properties.names": "weight",
      "graph.datagen-sf10k-fb.meta.vertices": "100218750",
      "graph.datagen-9_1-fb.sssp.weight-property": "weight",
      "graph.graph500-26.pr.num-iterations": "10",
      "graph.test-lcc-undirected.vertex-file": "test-lcc-undirected.v",
      "graph.graph500-26.directed": "false",
      "environment.link": "https://www.alibabacloud.com/help/en/elastic-gpu-service/latest/gpu-accelerated-compute-optimized-instance-families#section-dem-yjl-04w",
      "graph.test-bfs-directed.edge-file": "test-bfs-directed.e",
      "graph.datagen-9_3-zf.meta.vertices": "555270053",
      "graph.graph500-28.bfs.source-vertex": "0",
      "graph.datagen-9_3-zf.algorithms": "bfs",
      "graph.datagen-9_4-fb.meta.edges": "2588948669",
      "platform.libgrape.home": "/root/libgrape-lite",
      "graph.twitter_mpi.directed": "true",
      "platform.link": "https://github.com/alibaba/libgrape-lite",
      "graph.datagen-9_1-fb.pr.damping-factor": "0.85",
      "graph.datagen-sf10k-fb.pr.damping-factor": "0.85",
      "system.pricing": "456697",
      "benchmark.executor.port": "16540",
      "benchmark.custom.repetitions": "3",
      "graph.datagen-8_5-fb.pr.damping-factor": "0.85",
      "graph.graph500-22.pr.num-iterations": "10",
      "graph.datagen-8_6-fb.edge-file": "datagen-8_6-fb.e",
      "graph.datagen-8_6-fb.edge-properties.types": "real",
      "graphs.root-directory": "/root/libgrape-lite/ldbc_driver/workspace/graphs",
      "graph.com-friendster.vertex-file": "com-friendster.v",
      "graph.graph500-25.meta.edges": "523602831",
      "graph.test-lcc-directed.algorithms": "lcc",
      "graph.test-pr-directed.meta.edges": "246",
      "graph.test-sssp-directed.directed": "true",
      "graph.twitter_mpi.meta.vertices": "52579678",
      "graph.datagen-8_6-fb.pr.num-iterations": "10",
      "graph.test-sssp-directed.edge-properties.types": "real",
      "graph.test-wcc-directed.edge-file": "test-wcc-directed.e",
      "graph.test-wcc-directed.algorithms": "wcc",
      "graph.datagen-8_6-fb.directed": "false",
      "graph.datagen-9_2-zf.algorithms": "bfs",
      "graph.datagen-9_0-fb.pr.num-iterations": "10",
      "graph.graph500-29.algorithms": "bfs",
      "graph.datagen-8_7-zf.pr.damping-factor": "0.85",
      "graph.datagen-8_8-zf.pr.num-iterations": "10",
      "graph.datagen-9_1-fb.edge-file": "datagen-9_1-fb.e",
      "graph.datagen-8_9-fb.meta.edges": "848681908",
      "graph.datagen-9_0-fb.directed": "false",
      "benchmark.custom.output-required": "true",
      "graph.datagen-sf10k-fb.edge-properties.names": "weight",
      "environment.version": "1.0.0",
      "graph.graph500-29.pr.num-iterations": "10",
      "graph.datagen-9_4-fb.bfs.source-vertex": "6",
      "graph.com-friendster.algorithms": "bfs",
      "graph.datagen-9_3-zf.sssp.source-vertex": "6",
      "graph.datagen-sf10k-fb.edge-file": "datagen-sf10k-fb.e",
      "graph.datagen-8_7-zf.algorithms": "bfs",
      "graph.datagen-sf10k-fb.meta.edges": "9404822538"
    }
  },
  "result": {
    "experiments": {
      "e518261": {
        "id": "e518261",
        "type": "custom:exp",
        "jobs": [
          "j909048",
          "j519883",
          "j564439",
          "j826873",
          "j725396",
          "j835324",
          "j738032",
          "j567754",
          "j782920",
          "j758184",
          "j668838",
          "j901678",
          "j665408",
          "j910561",
          "j624576",
          "j617796",
          "j648242",
          "j778055",
          "j792116",
          "j676017",
          "j574424",
          "j878488",
          "j742940",
          "j538354",
          "j745207",
          "j547699",
          "j612578",
          "j798537",
          "j916794",
          "j896302",
          "j750360",
          "j819439",
          "j843842",
          "j688317",
          "j895805",
          "j722006",
          "j732504",
          "j532706",
          "j647337",
          "j562861",
          "j620558",
          "j802620",
          "j631502",
          "j820717",
          "j649042",
          "j544270",
          "j903776",
          "j807069",
          "j574205",
          "j662714",
          "j465162",
          "j806392",
          "j758282",
          "j894500",
          "j820984",
          "j544464"
        ]
      }
    },
    "jobs": {
      "j798537": {
        "id": "j798537",
        "algorithm": "BFS",
        "dataset": "datagen-sf3k-fb",
        "scale": "1",
        "repetition": "3",
        "runs": [
          "r625082",
          "r685330",
          "r705981"
        ]
      },
      "j668838": {
        "id": "j668838",
        "algorithm": "LCC",
        "dataset": "twitter_mpi",
        "scale": "1",
        "repetition": "3",
        "runs": [
          "r584920",
          "r760747",
          "r568724"
        ]
      },
      "j725396": {
        "id": "j725396",
        "algorithm": "PR",
        "dataset": "datagen-9_3-zf",
        "scale": "1",
        "repetition": "3",
        "runs": [
          "r812259",
          "r541118",
          "r657301"
        ]
      },
      "j758282": {
        "id": "j758282",
        "algorithm": "WCC",
        "dataset": "com-friendster",
        "scale": "1",
        "repetition": "3",
        "runs": [
          "r499824",
          "r584040",
          "r513904"
        ]
      },
      "j738032": {
        "id": "j738032",
        "algorithm": "PR",
        "dataset": "com-friendster",
        "scale": "1",
        "repetition": "3",
        "runs": [
          "r600154",
          "r881933",
          "r676968"
        ]
      },
      "j909048": {
        "id": "j909048",
        "algorithm": "PR",
        "dataset": "twitter_mpi",
        "scale": "1",
        "repetition": "3",
        "runs": [
          "r549587",
          "r744157",
          "r701745"
        ]
      },
      "j649042": {
        "id": "j649042",
        "algorithm": "CDLP",
        "dataset": "datagen-9_1-fb",
        "scale": "1",
        "repetition": "3",
        "runs": [
          "r626180",
          "r648464",
          "r813299"
        ]
      },
      "j835324": {
        "id": "j835324",
        "algorithm": "PR",
        "dataset": "datagen-9_0-fb",
        "scale": "1",
        "repetition": "3",
        "runs": [
          "r583098",
          "r768723",
          "r706809"
        ]
      },
      "j722006": {
        "id": "j722006",
        "algorithm": "BFS",
        "dataset": "datagen-9_2-zf",
        "scale": "1",
        "repetition": "3",
        "runs": [
          "r599877",
          "r681011",
          "r750278"
        ]
      },
      "j745207": {
        "id": "j745207",
        "algorithm": "SSSP",
        "dataset": "datagen-9_1-fb",
        "scale": "1",
        "repetition": "3",
        "runs": [
          "r482227",
          "r762051",
          "r605700"
        ]
      },
      "j676017": {
        "id": "j676017",
        "algorithm": "LCC",
        "dataset": "datagen-9_2-zf",
        "scale": "1",
        "repetition": "3",
        "runs": [
          "r495179",
          "r733796",
          "r548225"
        ]
      },
      "j903776": {
        "id": "j903776",
        "algorithm": "WCC",
        "dataset": "twitter_mpi",
        "scale": "1",
        "repetition": "3",
        "runs": [
          "r745252",
          "r881926",
          "r523738"
        ]
      },
      "j631502": {
        "id": "j631502",
        "algorithm": "CDLP",
        "dataset": "com-friendster",
        "scale": "1",
        "repetition": "3",
        "runs": [
          "r681515",
          "r670516",
          "r731740"
        ]
      },
      "j820984": {
        "id": "j820984",
        "algorithm": "WCC",
        "dataset": "datagen-9_1-fb",
        "scale": "1",
        "repetition": "3",
        "runs": [
          "r511355",
          "r490853",
          "r469031"
        ]
      },
      "j901678": {
        "id": "j901678",
        "algorithm": "LCC",
        "dataset": "datagen-sf3k-fb",
        "scale": "1",
        "repetition": "3",
        "runs": [
          "r499215",
          "r838768",
          "r616236"
        ]
      },
      "j624576": {
        "id": "j624576",
        "algorithm": "LCC",
        "dataset": "datagen-9_3-zf",
        "scale": "1",
        "repetition": "3",
        "runs": [
          "r661812",
          "r684264",
          "r717822"
        ]
      },
      "j819439": {
        "id": "j819439",
        "algorithm": "BFS",
        "dataset": "datagen-9_0-fb",
        "scale": "1",
        "repetition": "3",
        "runs": [
          "r463228",
          "r696155",
          "r527025"
        ]
      },
      "j647337": {
        "id": "j647337",
        "algorithm": "CDLP",
        "dataset": "graph500-27",
        "scale": "1",
        "repetition": "3",
        "runs": [
          "r774272",
          "r817084",
          "r652740"
        ]
      },
      "j792116": {
        "id": "j792116",
        "algorithm": "LCC",
        "dataset": "datagen-9_1-fb",
        "scale": "1",
        "repetition": "3",
        "runs": [
          "r796249",
          "r824862",
          "r918360"
        ]
      },
      "j807069": {
        "id": "j807069",
        "algorithm": "WCC",
        "dataset": "datagen-sf3k-fb",
        "scale": "1",
        "repetition": "3",
        "runs": [
          "r831256",
          "r497043",
          "r558632"
        ]
      },
      "j665408": {
        "id": "j665408",
        "algorithm": "LCC",
        "dataset": "graph500-27",
        "scale": "1",
        "repetition": "3",
        "runs": [
          "r702936",
          "r770836",
          "r817287"
        ]
      },
      "j688317": {
        "id": "j688317",
        "algorithm": "BFS",
        "dataset": "datagen-9_4-fb",
        "scale": "1",
        "repetition": "3",
        "runs": [
          "r825029",
          "r854135",
          "r892315"
        ]
      },
      "j564439": {
        "id": "j564439",
        "algorithm": "PR",
        "dataset": "graph500-27",
        "scale": "1",
        "repetition": "3",
        "runs": [
          "r780599",
          "r467111",
          "r626166"
        ]
      },
      "j574424": {
        "id": "j574424",
        "algorithm": "SSSP",
        "dataset": "datagen-sf3k-fb",
        "scale": "1",
        "repetition": "3",
        "runs": [
          "r795864",
          "r644278",
          "r473811"
        ]
      },
      "j778055": {
        "id": "j778055",
        "algorithm": "LCC",
        "dataset": "datagen-9_4-fb",
        "scale": "1",
        "repetition": "3",
        "runs": [
          "r843973",
          "r867535",
          "r916283"
        ]
      },
      "j894500": {
        "id": "j894500",
        "algorithm": "WCC",
        "dataset": "datagen-9_4-fb",
        "scale": "1",
        "repetition": "3",
        "runs": [
          "r770434",
          "r685835",
          "r712419"
        ]
      },
      "j532706": {
        "id": "j532706",
        "algorithm": "CDLP",
        "dataset": "datagen-sf3k-fb",
        "scale": "1",
        "repetition": "3",
        "runs": [
          "r694904",
          "r549866",
          "r524403"
        ]
      },
      "j826873": {
        "id": "j826873",
        "algorithm": "PR",
        "dataset": "graph500-26",
        "scale": "1",
        "repetition": "3",
        "runs": [
          "r531525",
          "r602797",
          "r716738"
        ]
      },
      "j758184": {
        "id": "j758184",
        "algorithm": "PR",
        "dataset": "datagen-9_2-zf",
        "scale": "1",
        "repetition": "3",
        "runs": [
          "r620257",
          "r683978",
          "r651877"
        ]
      },
      "j896302": {
        "id": "j896302",
        "algorithm": "BFS",
        "dataset": "graph500-26",
        "scale": "1",
        "repetition": "3",
        "runs": [
          "r742045",
          "r652929",
          "r736302"
        ]
      },
      "j782920": {
        "id": "j782920",
        "algorithm": "PR",
        "dataset": "datagen-9_1-fb",
        "scale": "1",
        "repetition": "3",
        "runs": [
          "r806083",
          "r886508",
          "r532605"
        ]
      },
      "j538354": {
        "id": "j538354",
        "algorithm": "SSSP",
        "dataset": "datagen-9_4-fb",
        "scale": "1",
        "repetition": "3",
        "runs": [
          "r641879",
          "r647825",
          "r666249"
        ]
      },
      "j612578": {
        "id": "j612578",
        "algorithm": "BFS",
        "dataset": "twitter_mpi",
        "scale": "1",
        "repetition": "3",
        "runs": [
          "r749686",
          "r680518",
          "r494910"
        ]
      },
      "j648242": {
        "id": "j648242",
        "algorithm": "LCC",
        "dataset": "com-friendster",
        "scale": "1",
        "repetition": "3",
        "runs": [
          "r894675",
          "r766127",
          "r665972"
        ]
      },
      "j843842": {
        "id": "j843842",
        "algorithm": "BFS",
        "dataset": "com-friendster",
        "scale": "1",
        "repetition": "3",
        "runs": [
          "r746480",
          "r837243",
          "r909676"
        ]
      },
      "j567754": {
        "id": "j567754",
        "algorithm": "PR",
        "dataset": "datagen-9_4-fb",
        "scale": "1",
        "repetition": "3",
        "runs": [
          "r533237",
          "r739310",
          "r496801"
        ]
      },
      "j732504": {
        "id": "j732504",
        "algorithm": "CDLP",
        "dataset": "twitter_mpi",
        "scale": "1",
        "repetition": "3",
        "runs": [
          "r887761",
          "r695292",
          "r825644"
        ]
      },
      "j662714": {
        "id": "j662714",
        "algorithm": "WCC",
        "dataset": "graph500-26",
        "scale": "1",
        "repetition": "3",
        "runs": [
          "r899266",
          "r530007",
          "r573980"
        ]
      },
      "j562861": {
        "id": "j562861",
        "algorithm": "CDLP",
        "dataset": "graph500-26",
        "scale": "1",
        "repetition": "3",
        "runs": [
          "r646303",
          "r549881",
          "r701836"
        ]
      },
      "j806392": {
        "id": "j806392",
        "algorithm": "WCC",
        "dataset": "datagen-9_0-fb",
        "scale": "1",
        "repetition": "3",
        "runs": [
          "r865642",
          "r800759",
          "r541038"
        ]
      },
      "j544270": {
        "id": "j544270",
        "algorithm": "CDLP",
        "dataset": "datagen-9_2-zf",
        "scale": "1",
        "repetition": "3",
        "runs": [
          "r865611",
          "r790430",
          "r889209"
        ]
      },
      "j620558": {
        "id": "j620558",
        "algorithm": "CDLP",
        "dataset": "datagen-9_3-zf",
        "scale": "1",
        "repetition": "3",
        "runs": [
          "r654002",
          "r480646",
          "r700046"
        ]
      },
      "j878488": {
        "id": "j878488",
        "algorithm": "SSSP",
        "dataset": "datagen-9_3-zf",
        "scale": "1",
        "repetition": "3",
        "runs": [
          "r681852",
          "r805453",
          "r789001"
        ]
      },
      "j910561": {
        "id": "j910561",
        "algorithm": "LCC",
        "dataset": "graph500-26",
        "scale": "1",
        "repetition": "3",
        "runs": [
          "r519821",
          "r517691",
          "r651261"
        ]
      },
      "j617796": {
        "id": "j617796",
        "algorithm": "LCC",
        "dataset": "datagen-9_0-fb",
        "scale": "1",
        "repetition": "3",
        "runs": [
          "r522143",
          "r655130",
          "r662905"
        ]
      },
      "j465162": {
        "id": "j465162",
        "algorithm": "WCC",
        "dataset": "datagen-9_3-zf",
        "scale": "1",
        "repetition": "3",
        "runs": [
          "r882319",
          "r835307",
          "r527526"
        ]
      },
      "j742940": {
        "id": "j742940",
        "algorithm": "SSSP",
        "dataset": "datagen-9_0-fb",
        "scale": "1",
        "repetition": "3",
        "runs": [
          "r555072",
          "r509541",
          "r483084"
        ]
      },
      "j820717": {
        "id": "j820717",
        "algorithm": "CDLP",
        "dataset": "datagen-9_4-fb",
        "scale": "1",
        "repetition": "3",
        "runs": [
          "r691703",
          "r638183",
          "r672556"
        ]
      },
      "j574205": {
        "id": "j574205",
        "algorithm": "WCC",
        "dataset": "graph500-27",
        "scale": "1",
        "repetition": "3",
        "runs": [
          "r835041",
          "r703068",
          "r562060"
        ]
      },
      "j519883": {
        "id": "j519883",
        "algorithm": "PR",
        "dataset": "datagen-sf3k-fb",
        "scale": "1",
        "repetition": "3",
        "runs": [
          "r881659",
          "r538971",
          "r750971"
        ]
      },
      "j547699": {
        "id": "j547699",
        "algorithm": "SSSP",
        "dataset": "datagen-9_2-zf",
        "scale": "1",
        "repetition": "3",
        "runs": [
          "r504161",
          "r682774",
          "r520139"
        ]
      },
      "j895805": {
        "id": "j895805",
        "algorithm": "BFS",
        "dataset": "datagen-9_1-fb",
        "scale": "1",
        "repetition": "3",
        "runs": [
          "r795797",
          "r791955",
          "r659683"
        ]
      },
      "j750360": {
        "id": "j750360",
        "algorithm": "BFS",
        "dataset": "datagen-9_3-zf",
        "scale": "1",
        "repetition": "3",
        "runs": [
          "r689805",
          "r826540",
          "r681663"
        ]
      },
      "j916794": {
        "id": "j916794",
        "algorithm": "BFS",
        "dataset": "graph500-27",
        "scale": "1",
        "repetition": "3",
        "runs": [
          "r903352",
          "r578877",
          "r813672"
        ]
      },
      "j802620": {
        "id": "j802620",
        "algorithm": "CDLP",
        "dataset": "datagen-9_0-fb",
        "scale": "1",
        "repetition": "3",
        "runs": [
          "r671785",
          "r840777",
          "r626343"
        ]
      },
      "j544464": {
        "id": "j544464",
        "algorithm": "WCC",
        "dataset": "datagen-9_2-zf",
        "scale": "1",
        "repetition": "3",
        "runs": [
          "r852795",
          "r508300",
          "r803820"
        ]
      }
    },
    "runs": {
      "r903352": {
        "id": "r903352",
        "timestamp": "1687287438270",
        "success": "true",
        "load_time": "0.000",
        "makespan": "167.365",
        "processing_time": "0.024"
      },
      "r654002": {
        "id": "r654002",
        "timestamp": "1687300671558",
        "success": "true",
        "load_time": "0.000",
        "makespan": "456.532",
        "processing_time": "1.145"
      },
      "r894675": {
        "id": "r894675",
        "timestamp": "1687308220394",
        "success": "true",
        "load_time": "0.000",
        "makespan": "146.735",
        "processing_time": "0.716"
      },
      "r532605": {
        "id": "r532605",
        "timestamp": "1687311508967",
        "success": "true",
        "load_time": "0.000",
        "makespan": "29.729",
        "processing_time": "0.095"
      },
      "r736302": {
        "id": "r736302",
        "timestamp": "1687289781618",
        "success": "true",
        "load_time": "0.000",
        "makespan": "74.986",
        "processing_time": "0.020"
      },
      "r800759": {
        "id": "r800759",
        "timestamp": "1687306466008",
        "success": "true",
        "load_time": "0.000",
        "makespan": "55.955",
        "processing_time": "0.052"
      },
      "r625082": {
        "id": "r625082",
        "timestamp": "1687286504097",
        "success": "true",
        "load_time": "0.000",
        "makespan": "54.394",
        "processing_time": "0.022"
      },
      "r517691": {
        "id": "r517691",
        "timestamp": "1687290470763",
        "success": "true",
        "load_time": "0.000",
        "makespan": "88.899",
        "processing_time": "1.992"
      },
      "r791955": {
        "id": "r791955",
        "timestamp": "1687311853062",
        "success": "true",
        "load_time": "0.000",
        "makespan": "28.586",
        "processing_time": "0.019"
      },
      "r733796": {
        "id": "r733796",
        "timestamp": "1687317137540",
        "success": "true",
        "load_time": "0.000",
        "makespan": "426.944",
        "processing_time": "0.217"
      },
      "r813672": {
        "id": "r813672",
        "timestamp": "1687288077356",
        "success": "true",
        "load_time": "0.000",
        "makespan": "77.648",
        "processing_time": "0.027"
      },
      "r701836": {
        "id": "r701836",
        "timestamp": "1687290310728",
        "success": "true",
        "load_time": "0.000",
        "makespan": "59.882",
        "processing_time": "0.593"
      },
      "r463228": {
        "id": "r463228",
        "timestamp": "1687306766092",
        "success": "true",
        "load_time": "0.000",
        "makespan": "25.516",
        "processing_time": "0.010"
      },
      "r495179": {
        "id": "r495179",
        "timestamp": "1687322131909",
        "success": "true",
        "load_time": "0.000",
        "makespan": "411.841",
        "processing_time": "0.217"
      },
      "r480646": {
        "id": "r480646",
        "timestamp": "1687302078668",
        "success": "true",
        "load_time": "0.000",
        "makespan": "455.412",
        "processing_time": "1.163"
      },
      "r509541": {
        "id": "r509541",
        "timestamp": "1687306368975",
        "success": "true",
        "load_time": "0.000",
        "makespan": "32.044",
        "processing_time": "0.022"
      },
      "r511355": {
        "id": "r511355",
        "timestamp": "1687312114147",
        "success": "true",
        "load_time": "0.000",
        "makespan": "30.458",
        "processing_time": "0.065"
      },
      "r750971": {
        "id": "r750971",
        "timestamp": "1687286659135",
        "success": "true",
        "load_time": "0.000",
        "makespan": "51.696",
        "processing_time": "0.254"
      },
      "r831256": {
        "id": "r831256",
        "timestamp": "1687286078014",
        "success": "true",
        "load_time": "0.000",
        "makespan": "53.063",
        "processing_time": "0.152"
      },
      "r523738": {
        "id": "r523738",
        "timestamp": "1687285055846",
        "success": "true",
        "load_time": "0.000",
        "makespan": "62.643",
        "processing_time": "0.244"
      },
      "r854135": {
        "id": "r854135",
        "timestamp": "1687310544772",
        "success": "true",
        "load_time": "0.000",
        "makespan": "51.039",
        "processing_time": "0.023"
      },
      "r499824": {
        "id": "r499824",
        "timestamp": "1687307907350",
        "success": "true",
        "load_time": "0.000",
        "makespan": "78.906",
        "processing_time": "0.261"
      },
      "r881926": {
        "id": "r881926",
        "timestamp": "1687283731623",
        "success": "true",
        "load_time": "0.000",
        "makespan": "62.652",
        "processing_time": "0.217"
      },
      "r652740": {
        "id": "r652740",
        "timestamp": "1687289019494",
        "success": "true",
        "load_time": "0.000",
        "makespan": "93.509",
        "processing_time": "1.037"
      },
      "r840777": {
        "id": "r840777",
        "timestamp": "1687306603043",
        "success": "true",
        "load_time": "0.000",
        "makespan": "28.673",
        "processing_time": "0.607"
      },
      "r671785": {
        "id": "r671785",
        "timestamp": "1687307141221",
        "success": "true",
        "load_time": "0.000",
        "makespan": "27.989",
        "processing_time": "0.604"
      },
      "r745252": {
        "id": "r745252",
        "timestamp": "1687285217868",
        "success": "true",
        "load_time": "0.000",
        "makespan": "63.789",
        "processing_time": "0.222"
      },
      "r548225": {
        "id": "r548225",
        "timestamp": "1687316538494",
        "success": "true",
        "load_time": "0.000",
        "makespan": "400.008",
        "processing_time": "0.218"
      },
      "r825644": {
        "id": "r825644",
        "timestamp": "1687284286708",
        "success": "true",
        "load_time": "0.000",
        "makespan": "80.968",
        "processing_time": "4.126"
      },
      "r685835": {
        "id": "r685835",
        "timestamp": "1687310333734",
        "success": "true",
        "load_time": "0.000",
        "makespan": "49.788",
        "processing_time": "0.095"
      },
      "r681515": {
        "id": "r681515",
        "timestamp": "1687307545291",
        "success": "true",
        "load_time": "0.000",
        "makespan": "96.076",
        "processing_time": "1.729"
      },
      "r626180": {
        "id": "r626180",
        "timestamp": "1687312013110",
        "success": "true",
        "load_time": "0.000",
        "makespan": "33.672",
        "processing_time": "0.743"
      },
      "r494910": {
        "id": "r494910",
        "timestamp": "1687284770790",
        "success": "true",
        "load_time": "0.000",
        "makespan": "63.572",
        "processing_time": "0.052"
      },
      "r702936": {
        "id": "r702936",
        "timestamp": "1687289144515",
        "success": "true",
        "load_time": "0.000",
        "makespan": "150.173",
        "processing_time": "4.958"
      },
      "r584040": {
        "id": "r584040",
        "timestamp": "1687308603444",
        "success": "true",
        "load_time": "0.000",
        "makespan": "81.383",
        "processing_time": "0.257"
      },
      "r774272": {
        "id": "r774272",
        "timestamp": "1687289335540",
        "success": "true",
        "load_time": "0.000",
        "makespan": "93.958",
        "processing_time": "1.059"
      },
      "r531525": {
        "id": "r531525",
        "timestamp": "1687290587782",
        "success": "true",
        "load_time": "0.000",
        "makespan": "49.659",
        "processing_time": "0.291"
      },
      "r644278": {
        "id": "r644278",
        "timestamp": "1687287265235",
        "success": "true",
        "load_time": "0.000",
        "makespan": "58.652",
        "processing_time": "0.063"
      },
      "r626343": {
        "id": "r626343",
        "timestamp": "1687306851124",
        "success": "true",
        "load_time": "0.000",
        "makespan": "29.648",
        "processing_time": "0.605"
      },
      "r676968": {
        "id": "r676968",
        "timestamp": "1687308098375",
        "success": "true",
        "load_time": "0.000",
        "makespan": "80.473",
        "processing_time": "0.926"
      },
      "r647825": {
        "id": "r647825",
        "timestamp": "1687311136881",
        "success": "true",
        "load_time": "0.000",
        "makespan": "56.825",
        "processing_time": "0.054"
      },
      "r703068": {
        "id": "r703068",
        "timestamp": "1687288188375",
        "success": "true",
        "load_time": "0.000",
        "makespan": "82.869",
        "processing_time": "0.362"
      },
      "r835041": {
        "id": "r835041",
        "timestamp": "1687287880331",
        "success": "true",
        "load_time": "0.000",
        "makespan": "79.475",
        "processing_time": "0.362"
      },
      "r696155": {
        "id": "r696155",
        "timestamp": "1687307187236",
        "success": "true",
        "load_time": "0.000",
        "makespan": "26.418",
        "processing_time": "0.022"
      },
      "r881933": {
        "id": "r881933",
        "timestamp": "1687309411560",
        "success": "true",
        "load_time": "0.000",
        "makespan": "76.479",
        "processing_time": "0.931"
      },
      "r691703": {
        "id": "r691703",
        "timestamp": "1687309960661",
        "success": "true",
        "load_time": "0.000",
        "makespan": "54.970",
        "processing_time": "1.291"
      },
      "r881659": {
        "id": "r881659",
        "timestamp": "1687286198037",
        "success": "true",
        "load_time": "0.000",
        "makespan": "52.786",
        "processing_time": "0.252"
      },
      "r527025": {
        "id": "r527025",
        "timestamp": "1687306897139",
        "success": "true",
        "load_time": "0.000",
        "makespan": "27.309",
        "processing_time": "0.011"
      },
      "r616236": {
        "id": "r616236",
        "timestamp": "1687286281055",
        "success": "true",
        "load_time": "0.000",
        "makespan": "83.861",
        "processing_time": "0.974"
      },
      "r789001": {
        "id": "r789001",
        "timestamp": "1687292054957",
        "success": "true",
        "load_time": "0.000",
        "makespan": "455.085",
        "processing_time": "0.180"
      },
      "r541038": {
        "id": "r541038",
        "timestamp": "1687306550027",
        "success": "true",
        "load_time": "0.000",
        "makespan": "26.080",
        "processing_time": "0.036"
      },
      "r524403": {
        "id": "r524403",
        "timestamp": "1687285661935",
        "success": "true",
        "load_time": "0.000",
        "makespan": "58.911",
        "processing_time": "1.461"
      },
      "r695292": {
        "id": "r695292",
        "timestamp": "1687285393893",
        "success": "true",
        "load_time": "0.000",
        "makespan": "80.394",
        "processing_time": "4.139"
      },
      "r770836": {
        "id": "r770836",
        "timestamp": "1687289581592",
        "success": "true",
        "load_time": "0.000",
        "makespan": "159.794",
        "processing_time": "4.950"
      },
      "r496801": {
        "id": "r496801",
        "timestamp": "1687309885644",
        "success": "true",
        "load_time": "0.000",
        "makespan": "48.478",
        "processing_time": "0.215"
      },
      "r770434": {
        "id": "r770434",
        "timestamp": "1687310221713",
        "success": "true",
        "load_time": "0.000",
        "makespan": "50.755",
        "processing_time": "0.093"
      },
      "r530007": {
        "id": "r530007",
        "timestamp": "1687291108875",
        "success": "true",
        "load_time": "0.000",
        "makespan": "51.230",
        "processing_time": "0.128"
      },
      "r666249": {
        "id": "r666249",
        "timestamp": "1687311219900",
        "success": "true",
        "load_time": "0.000",
        "makespan": "54.185",
        "processing_time": "0.056"
      },
      "r533237": {
        "id": "r533237",
        "timestamp": "1687310842847",
        "success": "true",
        "load_time": "0.000",
        "makespan": "48.901",
        "processing_time": "0.217"
      },
      "r682774": {
        "id": "r682774",
        "timestamp": "1687322743953",
        "success": "true",
        "load_time": "0.000",
        "makespan": "432.077",
        "processing_time": "0.137"
      },
      "r652929": {
        "id": "r652929",
        "timestamp": "1687290234711",
        "success": "true",
        "load_time": "0.000",
        "makespan": "52.947",
        "processing_time": "0.021"
      },
      "r750278": {
        "id": "r750278",
        "timestamp": "1687317760586",
        "success": "true",
        "load_time": "0.000",
        "makespan": "374.518",
        "processing_time": "0.072"
      },
      "r620257": {
        "id": "r620257",
        "timestamp": "1687318301628",
        "success": "true",
        "load_time": "0.000",
        "makespan": "353.330",
        "processing_time": "0.150"
      },
      "r865611": {
        "id": "r865611",
        "timestamp": "1687319972747",
        "success": "true",
        "load_time": "0.000",
        "makespan": "350.850",
        "processing_time": "0.914"
      },
      "r916283": {
        "id": "r916283",
        "timestamp": "1687309781624",
        "success": "true",
        "load_time": "0.000",
        "makespan": "77.306",
        "processing_time": "0.871"
      },
      "r882319": {
        "id": "r882319",
        "timestamp": "1687297004294",
        "success": "true",
        "load_time": "0.000",
        "makespan": "495.548",
        "processing_time": "0.456"
      },
      "r473811": {
        "id": "r473811",
        "timestamp": "1687287027211",
        "success": "true",
        "load_time": "0.000",
        "makespan": "210.086",
        "processing_time": "0.062"
      },
      "r899266": {
        "id": "r899266",
        "timestamp": "1687290979854",
        "success": "true",
        "load_time": "0.000",
        "makespan": "50.243",
        "processing_time": "0.130"
      },
      "r651261": {
        "id": "r651261",
        "timestamp": "1687289879639",
        "success": "true",
        "load_time": "0.000",
        "makespan": "90.265",
        "processing_time": "1.999"
      },
      "r681852": {
        "id": "r681852",
        "timestamp": "1687291226898",
        "success": "true",
        "load_time": "0.000",
        "makespan": "539.990",
        "processing_time": "0.217"
      },
      "r527526": {
        "id": "r527526",
        "timestamp": "1687304782854",
        "success": "true",
        "load_time": "0.000",
        "makespan": "491.722",
        "processing_time": "0.408"
      },
      "r573980": {
        "id": "r573980",
        "timestamp": "1687290663797",
        "success": "true",
        "load_time": "0.000",
        "makespan": "49.756",
        "processing_time": "0.131"
      },
      "r641879": {
        "id": "r641879",
        "timestamp": "1687310917858",
        "success": "true",
        "load_time": "0.000",
        "makespan": "191.691",
        "processing_time": "0.055"
      },
      "r817287": {
        "id": "r817287",
        "timestamp": "1687288712446",
        "success": "true",
        "load_time": "0.000",
        "makespan": "156.098",
        "processing_time": "4.978"
      },
      "r918360": {
        "id": "r918360",
        "timestamp": "1687311947093",
        "success": "true",
        "load_time": "0.000",
        "makespan": "46.885",
        "processing_time": "0.449"
      },
      "r760747": {
        "id": "r760747",
        "timestamp": "1687284599766",
        "success": "true",
        "load_time": "0.000",
        "makespan": "134.495",
        "processing_time": "1.975"
      },
      "r600154": {
        "id": "r600154",
        "timestamp": "1687307676310",
        "success": "true",
        "load_time": "0.000",
        "makespan": "79.222",
        "processing_time": "0.940"
      },
      "r578877": {
        "id": "r578877",
        "timestamp": "1687288911475",
        "success": "true",
        "load_time": "0.000",
        "makespan": "74.202",
        "processing_time": "0.025"
      },
      "r701745": {
        "id": "r701745",
        "timestamp": "1687284501748",
        "success": "true",
        "load_time": "0.000",
        "makespan": "62.917",
        "processing_time": "0.276"
      },
      "r835307": {
        "id": "r835307",
        "timestamp": "1687294284108",
        "success": "true",
        "load_time": "0.000",
        "makespan": "453.783",
        "processing_time": "0.455"
      },
      "r497043": {
        "id": "r497043",
        "timestamp": "1687286824172",
        "success": "true",
        "load_time": "0.000",
        "makespan": "52.754",
        "processing_time": "0.149"
      },
      "r749686": {
        "id": "r749686",
        "timestamp": "1687284960827",
        "success": "true",
        "load_time": "0.000",
        "makespan": "65.495",
        "processing_time": "0.049"
      },
      "r499215": {
        "id": "r499215",
        "timestamp": "1687286393075",
        "success": "true",
        "load_time": "0.000",
        "makespan": "82.624",
        "processing_time": "0.981"
      },
      "r583098": {
        "id": "r583098",
        "timestamp": "1687306808109",
        "success": "true",
        "load_time": "0.000",
        "makespan": "25.256",
        "processing_time": "0.077"
      },
      "r680518": {
        "id": "r680518",
        "timestamp": "1687283903650",
        "success": "true",
        "load_time": "0.000",
        "makespan": "65.991",
        "processing_time": "0.059"
      },
      "r638183": {
        "id": "r638183",
        "timestamp": "1687310761823",
        "success": "true",
        "load_time": "0.000",
        "makespan": "56.905",
        "processing_time": "1.316"
      },
      "r744157": {
        "id": "r744157",
        "timestamp": "1687284397727",
        "success": "true",
        "load_time": "0.000",
        "makespan": "66.426",
        "processing_time": "0.268"
      },
      "r469031": {
        "id": "r469031",
        "timestamp": "1687311671014",
        "success": "true",
        "load_time": "0.000",
        "makespan": "30.758",
        "processing_time": "0.046"
      },
      "r717822": {
        "id": "r717822",
        "timestamp": "1687296275243",
        "success": "true",
        "load_time": "0.000",
        "makespan": "462.606",
        "processing_time": "0.261"
      },
      "r662905": {
        "id": "r662905",
        "timestamp": "1687306649059",
        "success": "true",
        "load_time": "0.000",
        "makespan": "40.378",
        "processing_time": "0.354"
      },
      "r655130": {
        "id": "r655130",
        "timestamp": "1687307081204",
        "success": "true",
        "load_time": "0.000",
        "makespan": "41.346",
        "processing_time": "0.359"
      },
      "r661812": {
        "id": "r661812",
        "timestamp": "1687299946505",
        "success": "true",
        "load_time": "0.000",
        "makespan": "475.289",
        "processing_time": "0.265"
      },
      "r549881": {
        "id": "r549881",
        "timestamp": "1687290073676",
        "success": "true",
        "load_time": "0.000",
        "makespan": "57.592",
        "processing_time": "0.588"
      },
      "r826540": {
        "id": "r826540",
        "timestamp": "1687298509398",
        "success": "true",
        "load_time": "0.000",
        "makespan": "472.879",
        "processing_time": "0.121"
      },
      "r706809": {
        "id": "r706809",
        "timestamp": "1687307038187",
        "success": "true",
        "load_time": "0.000",
        "makespan": "24.753",
        "processing_time": "0.079"
      },
      "r796249": {
        "id": "r796249",
        "timestamp": "1687311736030",
        "success": "true",
        "load_time": "0.000",
        "makespan": "50.354",
        "processing_time": "0.458"
      },
      "r852795": {
        "id": "r852795",
        "timestamp": "1687312410209",
        "success": "true",
        "load_time": "0.000",
        "makespan": "465.852",
        "processing_time": "0.316"
      },
      "r795797": {
        "id": "r795797",
        "timestamp": "1687311622999",
        "success": "true",
        "load_time": "0.000",
        "makespan": "30.290",
        "processing_time": "0.014"
      },
      "r562060": {
        "id": "r562060",
        "timestamp": "1687288515421",
        "success": "true",
        "load_time": "0.000",
        "makespan": "78.048",
        "processing_time": "0.361"
      },
      "r665972": {
        "id": "r665972",
        "timestamp": "1687309088515",
        "success": "true",
        "load_time": "0.000",
        "makespan": "147.039",
        "processing_time": "0.681"
      },
      "r681663": {
        "id": "r681663",
        "timestamp": "1687302753715",
        "success": "true",
        "load_time": "0.000",
        "makespan": "442.208",
        "processing_time": "0.113"
      },
      "r838768": {
        "id": "r838768",
        "timestamp": "1687285746953",
        "success": "true",
        "load_time": "0.000",
        "makespan": "81.498",
        "processing_time": "0.978"
      },
      "r812259": {
        "id": "r812259",
        "timestamp": "1687304070806",
        "success": "true",
        "load_time": "0.000",
        "makespan": "448.708",
        "processing_time": "0.218"
      },
      "r889209": {
        "id": "r889209",
        "timestamp": "1687320498789",
        "success": "true",
        "load_time": "0.000",
        "makespan": "413.603",
        "processing_time": "0.920"
      },
      "r646303": {
        "id": "r646303",
        "timestamp": "1687290782816",
        "success": "true",
        "load_time": "0.000",
        "makespan": "59.873",
        "processing_time": "0.620"
      },
      "r558632": {
        "id": "r558632",
        "timestamp": "1687285941992",
        "success": "true",
        "load_time": "0.000",
        "makespan": "51.503",
        "processing_time": "0.149"
      },
      "r482227": {
        "id": "r482227",
        "timestamp": "1687312305176",
        "success": "true",
        "load_time": "0.000",
        "makespan": "34.887",
        "processing_time": "0.031"
      },
      "r867535": {
        "id": "r867535",
        "timestamp": "1687310438753",
        "success": "true",
        "load_time": "0.000",
        "makespan": "80.003",
        "processing_time": "0.871"
      },
      "r694904": {
        "id": "r694904",
        "timestamp": "1687285857973",
        "success": "true",
        "load_time": "0.000",
        "makespan": "58.524",
        "processing_time": "1.443"
      },
      "r712419": {
        "id": "r712419",
        "timestamp": "1687309673604",
        "success": "true",
        "load_time": "0.000",
        "makespan": "51.085",
        "processing_time": "0.097"
      },
      "r672556": {
        "id": "r672556",
        "timestamp": "1687310143697",
        "success": "true",
        "load_time": "0.000",
        "makespan": "54.960",
        "processing_time": "1.303"
      },
      "r568724": {
        "id": "r568724",
        "timestamp": "1687283482603",
        "success": "true",
        "load_time": "0.000",
        "makespan": "210.567",
        "processing_time": "1.946"
      },
      "r716738": {
        "id": "r716738",
        "timestamp": "1687290393745",
        "success": "true",
        "load_time": "0.000",
        "makespan": "49.809",
        "processing_time": "0.284"
      },
      "r803820": {
        "id": "r803820",
        "timestamp": "1687321084834",
        "success": "true",
        "load_time": "0.000",
        "makespan": "376.020",
        "processing_time": "0.350"
      },
      "r683978": {
        "id": "r683978",
        "timestamp": "1687315950455",
        "success": "true",
        "load_time": "0.000",
        "makespan": "380.196",
        "processing_time": "0.154"
      },
      "r768723": {
        "id": "r768723",
        "timestamp": "1687306994171",
        "success": "true",
        "load_time": "0.000",
        "makespan": "26.312",
        "processing_time": "0.079"
      },
      "r602797": {
        "id": "r602797",
        "timestamp": "1687290153693",
        "success": "true",
        "load_time": "0.000",
        "makespan": "51.312",
        "processing_time": "0.296"
      },
      "r605700": {
        "id": "r605700",
        "timestamp": "1687312359192",
        "success": "true",
        "load_time": "0.000",
        "makespan": "31.909",
        "processing_time": "0.029"
      },
      "r684264": {
        "id": "r684264",
        "timestamp": "1687299192449",
        "success": "true",
        "load_time": "0.000",
        "makespan": "502.704",
        "processing_time": "0.264"
      },
      "r790430": {
        "id": "r790430",
        "timestamp": "1687319415707",
        "success": "true",
        "load_time": "0.000",
        "makespan": "379.467",
        "processing_time": "0.917"
      },
      "r504161": {
        "id": "r504161",
        "timestamp": "1687323394994",
        "success": "true",
        "load_time": "0.000",
        "makespan": "402.391",
        "processing_time": "0.139"
      },
      "r555072": {
        "id": "r555072",
        "timestamp": "1687306419992",
        "success": "true",
        "load_time": "0.000",
        "makespan": "28.538",
        "processing_time": "0.021"
      },
      "r541118": {
        "id": "r541118",
        "timestamp": "1687301363614",
        "success": "true",
        "load_time": "0.000",
        "makespan": "448.455",
        "processing_time": "0.242"
      },
      "r780599": {
        "id": "r780599",
        "timestamp": "1687289461573",
        "success": "true",
        "load_time": "0.000",
        "makespan": "79.687",
        "processing_time": "0.711"
      },
      "r805453": {
        "id": "r805453",
        "timestamp": "1687292777004",
        "success": "true",
        "load_time": "0.000",
        "makespan": "439.560",
        "processing_time": "0.202"
      },
      "r731740": {
        "id": "r731740",
        "timestamp": "1687309279539",
        "success": "true",
        "load_time": "0.000",
        "makespan": "96.189",
        "processing_time": "1.721"
      },
      "r659683": {
        "id": "r659683",
        "timestamp": "1687311806048",
        "success": "true",
        "load_time": "0.000",
        "makespan": "30.365",
        "processing_time": "0.016"
      },
      "r513904": {
        "id": "r513904",
        "timestamp": "1687308903489",
        "success": "true",
        "load_time": "0.000",
        "makespan": "81.721",
        "processing_time": "0.256"
      },
      "r843973": {
        "id": "r843973",
        "timestamp": "1687310039677",
        "success": "true",
        "load_time": "0.000",
        "makespan": "77.656",
        "processing_time": "0.875"
      },
      "r467111": {
        "id": "r467111",
        "timestamp": "1687287763311",
        "success": "true",
        "load_time": "0.000",
        "makespan": "76.495",
        "processing_time": "0.729"
      },
      "r584920": {
        "id": "r584920",
        "timestamp": "1687283999668",
        "success": "true",
        "load_time": "0.000",
        "makespan": "139.423",
        "processing_time": "1.957"
      },
      "r886508": {
        "id": "r886508",
        "timestamp": "1687311898077",
        "success": "true",
        "load_time": "0.000",
        "makespan": "29.891",
        "processing_time": "0.118"
      },
      "r657301": {
        "id": "r657301",
        "timestamp": "1687293482056",
        "success": "true",
        "load_time": "0.000",
        "makespan": "512.309",
        "processing_time": "0.221"
      },
      "r549587": {
        "id": "r549587",
        "timestamp": "1687284862807",
        "success": "true",
        "load_time": "0.000",
        "makespan": "61.474",
        "processing_time": "0.283"
      },
      "r522143": {
        "id": "r522143",
        "timestamp": "1687306707075",
        "success": "true",
        "load_time": "0.000",
        "makespan": "40.938",
        "processing_time": "0.368"
      },
      "r824862": {
        "id": "r824862",
        "timestamp": "1687311388934",
        "success": "true",
        "load_time": "0.000",
        "makespan": "48.971",
        "processing_time": "0.462"
      },
      "r689805": {
        "id": "r689805",
        "timestamp": "1687295611196",
        "success": "true",
        "load_time": "0.000",
        "makespan": "447.037",
        "processing_time": "0.128"
      },
      "r892315": {
        "id": "r892315",
        "timestamp": "1687310688805",
        "success": "true",
        "load_time": "0.000",
        "makespan": "51.409",
        "processing_time": "0.022"
      },
      "r887761": {
        "id": "r887761",
        "timestamp": "1687284175690",
        "success": "true",
        "load_time": "0.000",
        "makespan": "80.856",
        "processing_time": "4.083"
      },
      "r648464": {
        "id": "r648464",
        "timestamp": "1687311457951",
        "success": "true",
        "load_time": "0.000",
        "makespan": "32.632",
        "processing_time": "0.738"
      },
      "r813299": {
        "id": "r813299",
        "timestamp": "1687311299917",
        "success": "true",
        "load_time": "0.000",
        "makespan": "70.562",
        "processing_time": "0.732"
      },
      "r538971": {
        "id": "r538971",
        "timestamp": "1687286946193",
        "success": "true",
        "load_time": "0.000",
        "makespan": "52.308",
        "processing_time": "0.252"
      },
      "r909676": {
        "id": "r909676",
        "timestamp": "1687308789468",
        "success": "true",
        "load_time": "0.000",
        "makespan": "81.753",
        "processing_time": "0.033"
      },
      "r806083": {
        "id": "r806083",
        "timestamp": "1687312064126",
        "success": "true",
        "load_time": "0.000",
        "makespan": "29.491",
        "processing_time": "0.100"
      },
      "r739310": {
        "id": "r739310",
        "timestamp": "1687309529581",
        "success": "true",
        "load_time": "0.000",
        "makespan": "116.969",
        "processing_time": "0.220"
      },
      "r746480": {
        "id": "r746480",
        "timestamp": "1687307798330",
        "success": "true",
        "load_time": "0.000",
        "makespan": "76.303",
        "processing_time": "0.034"
      },
      "r670516": {
        "id": "r670516",
        "timestamp": "1687307412272",
        "success": "true",
        "load_time": "0.000",
        "makespan": "96.603",
        "processing_time": "1.728"
      },
      "r700046": {
        "id": "r700046",
        "timestamp": "1687303406765",
        "success": "true",
        "load_time": "0.000",
        "makespan": "443.730",
        "processing_time": "1.161"
      },
      "r651877": {
        "id": "r651877",
        "timestamp": "1687315336406",
        "success": "true",
        "load_time": "0.000",
        "makespan": "395.396",
        "processing_time": "0.155"
      },
      "r762051": {
        "id": "r762051",
        "timestamp": "1687312179158",
        "success": "true",
        "load_time": "0.000",
        "makespan": "106.657",
        "processing_time": "0.029"
      },
      "r742045": {
        "id": "r742045",
        "timestamp": "1687289998659",
        "success": "true",
        "load_time": "0.000",
        "makespan": "52.604",
        "processing_time": "0.021"
      },
      "r549866": {
        "id": "r549866",
        "timestamp": "1687286739155",
        "success": "true",
        "load_time": "0.000",
        "makespan": "59.531",
        "processing_time": "1.448"
      },
      "r483084": {
        "id": "r483084",
        "timestamp": "1687306261956",
        "success": "true",
        "load_time": "0.000",
        "makespan": "88.111",
        "processing_time": "0.023"
      },
      "r599877": {
        "id": "r599877",
        "timestamp": "1687318863670",
        "success": "true",
        "load_time": "0.000",
        "makespan": "386.241",
        "processing_time": "0.072"
      },
      "r825029": {
        "id": "r825029",
        "timestamp": "1687310616789",
        "success": "true",
        "load_time": "0.000",
        "makespan": "51.509",
        "processing_time": "0.025"
      },
      "r490853": {
        "id": "r490853",
        "timestamp": "1687311558983",
        "success": "true",
        "load_time": "0.000",
        "makespan": "29.963",
        "processing_time": "0.047"
      },
      "r817084": {
        "id": "r817084",
        "timestamp": "1687288389399",
        "success": "true",
        "load_time": "0.000",
        "makespan": "94.416",
        "processing_time": "1.023"
      },
      "r766127": {
        "id": "r766127",
        "timestamp": "1687308412420",
        "success": "true",
        "load_time": "0.000",
        "makespan": "147.203",
        "processing_time": "0.711"
      },
      "r795864": {
        "id": "r795864",
        "timestamp": "1687287350253",
        "success": "true",
        "load_time": "0.000",
        "makespan": "59.966",
        "processing_time": "0.062"
      },
      "r519821": {
        "id": "r519821",
        "timestamp": "1687290865831",
        "success": "true",
        "load_time": "0.000",
        "makespan": "86.317",
        "processing_time": "1.988"
      },
      "r865642": {
        "id": "r865642",
        "timestamp": "1687306940156",
        "success": "true",
        "load_time": "0.000",
        "makespan": "26.235",
        "processing_time": "0.040"
      },
      "r681011": {
        "id": "r681011",
        "timestamp": "1687314747363",
        "success": "true",
        "load_time": "0.000",
        "makespan": "419.515",
        "processing_time": "0.074"
      },
      "r626166": {
        "id": "r626166",
        "timestamp": "1687287640292",
        "success": "true",
        "load_time": "0.000",
        "makespan": "80.437",
        "processing_time": "0.703"
      },
      "r685330": {
        "id": "r685330",
        "timestamp": "1687285503917",
        "success": "true",
        "load_time": "0.000",
        "makespan": "133.885",
        "processing_time": "0.021"
      },
      "r705981": {
        "id": "r705981",
        "timestamp": "1687286582116",
        "success": "true",
        "load_time": "0.000",
        "makespan": "52.741",
        "processing_time": "0.021"
      },
      "r520139": {
        "id": "r520139",
        "timestamp": "1687324010042",
        "success": "true",
        "load_time": "0.000",
        "makespan": "374.222",
        "processing_time": "0.146"
      },
      "r837243": {
        "id": "r837243",
        "timestamp": "1687307230249",
        "success": "true",
        "load_time": "0.000",
        "makespan": "148.988",
        "processing_time": "0.042"
      },
      "r508300": {
        "id": "r508300",
        "timestamp": "1687313613287",
        "success": "true",
        "load_time": "0.000",
        "makespan": "384.771",
        "processing_time": "0.319"
      }
    }
  }
}