{
  "id": "b484107",
  "specification": "1.0.0",
  "description": "Libgrape-lite LDBC Benchmark",
  "system": {
    "platform": {
      "name": "libgrape-lite",
      "acronym": "libgrape",
      "version": "0.3.1",
      "link": "https://github.com/alibaba/libgrape-lite"
    },
    "environment": {
      "name": "ecs.r7.16xlarge",
      "acronym": "r7",
      "version": "1.0.0",
      "link": "https://help.aliyun.com/document_detail/25378.html?spm\u003d5176.ecsnewbuy.help.dexternal.155d3675Y8BpwF#r7\"",
      "machines": [
        {
          "quantity": "8",
          "cpu": "Intel(R) Xeon(R) Platinum 8369B CPU @ 2.70GHz",
          "memory": "512GiB",
          "network": "VPC",
          "storage": "Cloud Parallel File Storage"
        }
      ]
    },
    "tool": {
      "graphalytics-core": {
        "name": "graphalytics-core",
        "version": "1.10.0",
        "link": "https://github.com/ldbc/ldbc_graphalytics"
      },
      "graphalytics-platforms-libgrape": {
        "name": "graphalytics-platforms-libgrape",
        "version": "0.4-SNAPSHOT",
        "link": "https://github.com/alibaba/libgrape-lite"
      }
    },
    "pricing": "199308.88"
  },
  "benchmark": {
    "type": "custom",
    "name": "Benchmark for dataset size L",
    "duration": "9093250",
    "timeout": "3600",
    "resources": {},
    "output": {
      "required": "-",
      "directory": "./output"
    },
    "validation": {
      "required": "-",
      "directory": "/mnt/nas/ldbc_graphalytics_datasets"
    },
    "configurations": {
      "graph.datagen-8_9-fb.edge-properties.types": "real",
      "graph.graph500-30.cdlp.max-iterations": "10",
      "graph.datagen-7_6-fb.sssp.source-vertex": "6",
      "environment.machine.memory": "512GiB",
      "graph.datagen-8_8-zf.sssp.source-vertex": "6",
      "graph.datagen-9_4-fb.sssp.weight-property": "weight",
      "graph.graph500-27.meta.vertices": "63081040",
      "graph.datagen-7_6-fb.bfs.source-vertex": "6",
      "graph.datagen-8_9-fb.sssp.source-vertex": "6",
      "graph.datagen-9_1-fb.meta.vertices": "16087483",
      "graph.graph500-22.meta.vertices": "2396657",
      "graph.com-friendster.cdlp.max-iterations": "10",
      "graph.com-friendster.bfs.source-vertex": "101",
      "graph.datagen-7_9-fb.vertex-file": "datagen-7_9-fb.v",
      "graph.datagen-7_9-fb.meta.edges": "85670523",
      "environment.machine.quantity": "8",
      "graph.datagen-7_5-fb.sssp.weight-property": "weight",
      "environment.machine.storage": "Cloud Parallel File Storage",
      "graph.datagen-8_7-zf.bfs.source-vertex": "6",
      "graph.graph500-29.pr.damping-factor": "0.85",
      "graphs.validation-directory": "/mnt/nas/ldbc_graphalytics_datasets",
      "benchmark.runner.max-memory": "",
      "graph.datagen-8_6-fb.algorithms": "bfs",
      "graph.datagen-8_7-zf.edge-properties.names": "weight",
      "graph.datagen-8_9-fb.pr.num-iterations": "10",
      "graph.datagen-sf3k-fb.pr.num-iterations": "10",
      "graph.datagen-7_7-zf.meta.edges": "32791267",
      "graph.datagen-8_7-zf.vertex-file": "datagen-8_7-zf.v",
      "graph.datagen-8_8-zf.meta.vertices": "168308893",
      "graph.graph500-28.pr.damping-factor": "0.85",
      "graph.datagen-9_2-zf.vertex-file": "datagen-9_2-zf.v",
      "graph.datagen-8_7-zf.meta.vertices": "145050709",
      "graph.datagen-sf3k-fb.pr.damping-factor": "0.85",
      "graph.dota-league.cdlp.max-iterations": "10",
      "graph.datagen-8_6-fb.meta.edges": "421988619",
      "graph.datagen-8_5-fb.sssp.source-vertex": "6",
      "graph.datagen-8_8-zf.edge-properties.types": "real",
      "graph.datagen-8_9-fb.meta.vertices": "10572901",
      "graph.graph500-22.cdlp.max-iterations": "10",
      "graph.graph500-22.edge-file": "graph500-22.e",
      "graph.datagen-8_9-fb.pr.damping-factor": "0.85",
      "graph.graph500-27.pr.damping-factor": "0.85",
      "graph.dota-league.bfs.source-vertex": "287770",
      "graph.datagen-9_4-fb.edge-properties.types": "real",
      "graph.datagen-sf10k-fb.directed": "false",
      "graph.datagen-7_7-zf.algorithms": "bfs",
      "graph.graph500-30.edge-file": "graph500-30.e",
      "graph.datagen-7_6-fb.meta.vertices": "754147",
      "graph.graph500-28.pr.num-iterations": "10",
      "graph.twitter_mpi.cdlp.max-iterations": "10",
      "graph.datagen-7_9-fb.cdlp.max-iterations": "10",
      "graph.datagen-8_5-fb.meta.edges": "332026902",
      "graph.graph500-22.bfs.source-vertex": "248533",
      "graph.graph500-30.pr.damping-factor": "0.85",
      "graph.datagen-8_6-fb.sssp.weight-property": "weight",
      "benchmark.name": "Benchmark for dataset size L",
      "graph.datagen-9_1-fb.edge-properties.types": "real",
      "graph.datagen-sf10k-fb.algorithms": "bfs",
      "graph.datagen-sf10k-fb.vertex-file": "datagen-sf10k-fb.v",
      "graph.datagen-sf10k-fb.edge-properties.types": "real",
      "graph.datagen-7_7-zf.sssp.source-vertex": "6",
      "graph.datagen-8_5-fb.vertex-file": "datagen-8_5-fb.v",
      "graph.datagen-8_9-fb.cdlp.max-iterations": "10",
      "graph.com-friendster.meta.edges": "1806067135",
      "graph.graph500-26.meta.vertices": "32804978",
      "graph.datagen-8_5-fb.edge-properties.names": "weight",
      "benchmark.custom.timeout": "3600",
      "graph.datagen-7_5-fb.bfs.source-vertex": "6",
      "graph.datagen-9_0-fb.edge-file": "datagen-9_0-fb.e",
      "graph.datagen-7_8-zf.algorithms": "bfs",
      "graph.datagen-9_2-zf.sssp.weight-property": "weight",
      "graph.datagen-8_8-zf.meta.edges": "413354288",
      "graph.datagen-9_2-zf.sssp.source-vertex": "6",
      "graph.datagen-7_8-zf.sssp.weight-property": "weight",
      "graph.datagen-9_1-fb.cdlp.max-iterations": "10",
      "graph.datagen-7_5-fb.algorithms": "bfs",
      "graph.graph500-25.pr.damping-factor": "0.85",
      "platform.name": "libgrape-lite",
      "graph.datagen-7_6-fb.edge-file": "datagen-7_6-fb.e",
      "graph.datagen-8_8-zf.bfs.source-vertex": "6",
      "graph.datagen-9_2-zf.bfs.source-vertex": "6",
      "graph.graph500-25.edge-file": "graph500-25.e",
      "graph.datagen-sf10k-fb.cdlp.max-iterations": "10",
      "graph.dota-league.meta.vertices": "61170",
      "graph.datagen-7_7-zf.meta.vertices": "13180508",
      "graph.datagen-7_5-fb.meta.edges": "34185747",
      "graph.datagen-9_4-fb.sssp.source-vertex": "6",
      "graph.datagen-7_8-zf.edge-file": "datagen-7_8-zf.e",
      "graph.graph500-26.meta.edges": "1051922853",
      "graph.datagen-9_2-zf.pr.damping-factor": "0.85",
      "graph.datagen-9_3-zf.pr.num-iterations": "10",
      "graph.datagen-9_3-zf.edge-properties.types": "real",
      "graph.graph500-30.directed": "false",
      "graph.graph500-28.meta.vertices": "121242388",
      "graph.graph500-30.meta.vertices": "447797986",
      "graph.graph500-25.cdlp.max-iterations": "10",
      "graph.datagen-9_4-fb.cdlp.max-iterations": "10",
      "graph.datagen-9_1-fb.algorithms": "bfs",
      "graph.datagen-8_9-fb.vertex-file": "datagen-8_9-fb.v",
      "benchmark.custom.algorithms": "BFS",
      "graph.datagen-7_5-fb.edge-properties.names": "weight",
      "graph.datagen-9_3-zf.bfs.source-vertex": "6",
      "graph.twitter_mpi.meta.edges": "1963263508",
      "graph.graph500-27.pr.num-iterations": "10",
      "graph.datagen-7_7-zf.edge-properties.names": "weight",
      "graph.datagen-9_4-fb.edge-properties.names": "weight",
      "graph.dota-league.edge-properties.types": "real",
      "graph.datagen-9_3-zf.vertex-file": "datagen-9_3-zf.v",
      "graph.datagen-9_4-fb.vertex-file": "datagen-9_4-fb.v",
      "graph.datagen-7_9-fb.edge-properties.names": "weight",
      "graph.datagen-9_2-zf.directed": "false",
      "graph.datagen-8_9-fb.sssp.weight-property": "weight",
      "graph.datagen-9_2-zf.edge-file": "datagen-9_2-zf.e",
      "graph.graph500-26.cdlp.max-iterations": "10",
      "graph.datagen-9_3-zf.edge-file": "datagen-9_3-zf.e",
      "graph.datagen-sf3k-fb.algorithms": "bfs",
      "graph.graph500-26.bfs.source-vertex": "62455266",
      "graph.datagen-9_2-zf.cdlp.max-iterations": "10",
      "graph.graph500-26.algorithms": "bfs",
      "graph.datagen-7_9-fb.edge-properties.types": "real",
      "graph.datagen-8_5-fb.algorithms": "bfs",
      "environment.name": "ecs.r7.16xlarge",
      "graphs.output-directory": "./output",
      "graph.datagen-9_4-fb.meta.vertices": "29310565",
      "graph.datagen-sf3k-fb.meta.edges": "2912009743",
      "graph.datagen-sf3k-fb.edge-properties.names": "weight",
      "graph.graph500-27.bfs.source-vertex": "0",
      "graph.datagen-8_5-fb.pr.num-iterations": "10",
      "graph.graph500-27.cdlp.max-iterations": "10",
      "graph.graph500-30.pr.num-iterations": "10",
      "graph.graph500-30.vertex-file": "graph500-30.v",
      "graph.datagen-7_6-fb.cdlp.max-iterations": "10",
      "graph.graph500-22.pr.damping-factor": "0.85",
      "graph.datagen-sf3k-fb.bfs.source-vertex": "933",
      "graph.graph500-29.edge-file": "graph500-29.e",
      "graph.twitter_mpi.algorithms": "bfs",
      "graph.graph500-22.meta.edges": "64155735",
      "graph.datagen-7_5-fb.directed": "false",
      "graph.datagen-9_2-zf.meta.vertices": "434943376",
      "graph.graph500-28.directed": "false",
      "graph.datagen-7_7-zf.pr.damping-factor": "0.85",
      "graph.datagen-7_8-zf.edge-properties.types": "real",
      "graph.graph500-25.directed": "false",
      "graph.datagen-9_1-fb.pr.num-iterations": "10",
      "graph.datagen-sf10k-fb.pr.num-iterations": "10",
      "graph.datagen-sf10k-fb.sssp.source-vertex": "6",
      "graph.graph500-30.bfs.source-vertex": "0",
      "graph.datagen-7_9-fb.edge-file": "datagen-7_9-fb.e",
      "graph.datagen-8_8-zf.pr.damping-factor": "0.85",
      "graph.datagen-7_8-zf.sssp.source-vertex": "6",
      "graph.datagen-7_5-fb.vertex-file": "datagen-7_5-fb.v",
      "graph.datagen-7_9-fb.sssp.weight-property": "weight",
      "graph.dota-league.directed": "false",
      "graph.twitter_mpi.bfs.source-vertex": "420",
      "graph.datagen-8_6-fb.sssp.source-vertex": "6",
      "graph.graph500-28.cdlp.max-iterations": "10",
      "graph.dota-league.pr.damping-factor": "0.85",
      "graph.graph500-28.algorithms": "bfs",
      "graph.datagen-7_7-zf.cdlp.max-iterations": "10",
      "graph.datagen-9_0-fb.edge-properties.names": "weight",
      "graph.datagen-sf3k-fb.meta.vertices": "33484375",
      "graph.datagen-8_9-fb.bfs.source-vertex": "6",
      "graph.datagen-9_3-zf.edge-properties.names": "weight",
      "graph.twitter_mpi.edge-file": "twitter_mpi.e",
      "graph.datagen-7_5-fb.edge-properties.types": "real",
      "graph.datagen-8_5-fb.directed": "false",
      "graph.datagen-8_9-fb.directed": "false",
      "graph.graph500-26.pr.damping-factor": "0.85",
      "graph.datagen-8_5-fb.cdlp.max-iterations": "10",
      "graph.graph500-29.meta.vertices": "232999630",
      "graph.datagen-7_6-fb.meta.edges": "42162988",
      "graph.datagen-sf3k-fb.edge-file": "datagen-sf3k-fb.e",
      "graph.datagen-9_0-fb.vertex-file": "datagen-9_0-fb.v",
      "graph.datagen-9_1-fb.sssp.source-vertex": "6",
      "graph.graph500-29.cdlp.max-iterations": "10",
      "graph.datagen-9_0-fb.pr.damping-factor": "0.85",
      "graph.datagen-8_6-fb.vertex-file": "datagen-8_6-fb.v",
      "graph.datagen-7_8-zf.pr.num-iterations": "10",
      "graph.datagen-7_9-fb.algorithms": "bfs",
      "graph.datagen-7_9-fb.directed": "false",
      "graph.datagen-8_6-fb.pr.damping-factor": "0.85",
      "platform.acronym": "libgrape",
      "graph.datagen-8_8-zf.cdlp.max-iterations": "10",
      "graph.datagen-7_6-fb.pr.num-iterations": "10",
      "graph.datagen-7_8-zf.vertex-file": "datagen-7_8-zf.v",
      "graph.datagen-7_5-fb.pr.damping-factor": "0.85",
      "graph.datagen-7_5-fb.edge-file": "datagen-7_5-fb.e",
      "graph.datagen-8_7-zf.edge-properties.types": "real",
      "graph.datagen-8_6-fb.cdlp.max-iterations": "10",
      "graph.com-friendster.edge-file": "com-friendster.e",
      "graph.dota-league.sssp.weight-property": "weight",
      "graph.dota-league.edge-file": "dota-league.e",
      "graph.datagen-7_9-fb.meta.vertices": "1387587",
      "graph.graph500-25.vertex-file": "graph500-25.v",
      "graph.graph500-26.vertex-file": "graph500-26.v",
      "graph.graph500-27.algorithms": "bfs",
      "benchmark.type": "custom",
      "graph.com-friendster.pr.damping-factor": "0.85",
      "graph.datagen-9_0-fb.algorithms": "bfs",
      "graph.graph500-28.vertex-file": "graph500-28.v",
      "graph.datagen-9_1-fb.directed": "false",
      "graph.datagen-9_3-zf.meta.edges": "1309998551",
      "graph.graph500-27.vertex-file": "graph500-27.v",
      "graph.graph500-29.vertex-file": "graph500-29.v",
      "graph.datagen-8_7-zf.sssp.source-vertex": "6",
      "graph.datagen-7_6-fb.pr.damping-factor": "0.85",
      "graph.datagen-8_6-fb.meta.vertices": "5667674",
      "graph.datagen-8_5-fb.edge-properties.types": "real",
      "graph.datagen-9_4-fb.directed": "false",
      "environment.machine.cpu": "Intel(R) Xeon(R) Platinum 8369B CPU @ 2.70GHz",
      "graph.datagen-7_5-fb.pr.num-iterations": "10",
      "graph.datagen-7_6-fb.vertex-file": "datagen-7_6-fb.v",
      "graph.datagen-7_7-zf.sssp.weight-property": "weight",
      "environment.acronym": "r7",
      "graph.datagen-9_0-fb.cdlp.max-iterations": "10",
      "graph.datagen-sf3k-fb.edge-properties.types": "real",
      "graph.dota-league.meta.edges": "50870313",
      "graph.datagen-9_0-fb.meta.edges": "1049527225",
      "graph.datagen-8_7-zf.pr.num-iterations": "10",
      "graph.datagen-7_8-zf.meta.vertices": "16521886",
      "graph.graph500-28.meta.edges": "4236163958",
      "graph.datagen-8_7-zf.edge-file": "datagen-8_7-zf.e",
      "graph.datagen-8_8-zf.edge-file": "datagen-8_8-zf.e",
      "graph.datagen-9_2-zf.edge-properties.types": "real",
      "graph.dota-league.sssp.source-vertex": "287770",
      "graph.datagen-sf3k-fb.sssp.weight-property": "weight",
      "graph.datagen-sf3k-fb.vertex-file": "datagen-sf3k-fb.v",
      "graph.graph500-27.meta.edges": "2111642032",
      "graph.graph500-22.vertex-file": "graph500-22.v",
      "graph.datagen-7_9-fb.sssp.source-vertex": "6",
      "graph.datagen-9_0-fb.sssp.source-vertex": "6",
      "graph.datagen-7_7-zf.bfs.source-vertex": "6",
      "graph.datagen-9_1-fb.bfs.source-vertex": "6",
      "graph.datagen-7_6-fb.algorithms": "bfs",
      "graph.graph500-25.meta.vertices": "17062472",
      "graph.datagen-7_8-zf.directed": "false",
      "graph.datagen-9_3-zf.sssp.weight-property": "weight",
      "graphs.names": "[com-friendster, datagen-9_0-fb, datagen-9_1-fb, datagen-9_2-zf, datagen-9_3-zf, datagen-9_4-fb, datagen-sf10k-fb, datagen-sf3k-fb, graph500-26, graph500-27, graph500-28, graph500-29, graph500-30, twitter_mpi, graph500-22, dota-league, datagen-7_5-fb, datagen-7_6-fb, datagen-7_7-zf, datagen-7_8-zf, datagen-7_9-fb, graph500-25, datagen-8_5-fb, datagen-8_6-fb, datagen-8_7-zf, datagen-8_8-zf, datagen-8_9-fb]",
      "graph.datagen-8_5-fb.bfs.source-vertex": "6",
      "graph.twitter_mpi.pr.damping-factor": "0.85",
      "graph.datagen-9_0-fb.sssp.weight-property": "weight",
      "graph.datagen-7_9-fb.pr.num-iterations": "10",
      "platform.libgrape.nodes": "\"172.24.177.188,172.24.177.192,172.24.177.191,172.24.177.187,172.24.177.186,172.24.177.190,172.24.177.189,172.24.177.185\"",
      "graph.datagen-9_3-zf.cdlp.max-iterations": "10",
      "graph.datagen-7_6-fb.sssp.weight-property": "weight",
      "graph.datagen-7_6-fb.edge-properties.names": "weight",
      "graph.datagen-8_9-fb.edge-properties.names": "weight",
      "graph.dota-league.edge-properties.names": "weight",
      "graph.datagen-8_7-zf.meta.edges": "340157363",
      "graph.datagen-7_8-zf.bfs.source-vertex": "6",
      "graph.com-friendster.meta.vertices": "65608366",
      "graph.graph500-22.directed": "false",
      "graph.datagen-8_8-zf.directed": "false",
      "graph.datagen-8_9-fb.algorithms": "bfs",
      "graph.datagen-8_7-zf.directed": "false",
      "graph.graph500-30.algorithms": "bfs",
      "graph.datagen-9_4-fb.edge-file": "datagen-9_4-fb.e",
      "graph.datagen-8_6-fb.edge-properties.names": "weight",
      "graph.datagen-8_6-fb.bfs.source-vertex": "6",
      "graph.graph500-28.edge-file": "graph500-28.e",
      "graph.com-friendster.pr.num-iterations": "10",
      "graph.graph500-29.directed": "false",
      "graph.twitter_mpi.pr.num-iterations": "10",
      "graph.datagen-7_8-zf.edge-properties.names": "weight",
      "benchmark.runner.port": "8014",
      "graph.datagen-9_0-fb.bfs.source-vertex": "6",
      "graph.datagen-sf3k-fb.directed": "false",
      "graph.datagen-7_9-fb.pr.damping-factor": "0.85",
      "graph.graph500-29.bfs.source-vertex": "0",
      "graph.datagen-8_8-zf.sssp.weight-property": "weight",
      "graph.datagen-9_0-fb.edge-properties.types": "real",
      "graph.datagen-8_5-fb.edge-file": "datagen-8_5-fb.e",
      "graph.datagen-8_5-fb.sssp.weight-property": "weight",
      "graph.datagen-7_5-fb.sssp.source-vertex": "6",
      "graph.datagen-sf10k-fb.sssp.weight-property": "weight",
      "graph.com-friendster.directed": "false",
      "graph.datagen-9_1-fb.vertex-file": "datagen-9_1-fb.v",
      "graph.datagen-9_2-zf.meta.edges": "1042340732",
      "graph.datagen-7_7-zf.directed": "false",
      "benchmark.description": "Libgrape-lite LDBC Benchmark",
      "graph.datagen-sf10k-fb.bfs.source-vertex": "933",
      "graph.graph500-22.algorithms": "bfs",
      "benchmark.custom.validation-required": "true",
      "graph.graph500-29.meta.edges": "8493569115",
      "graph.datagen-9_4-fb.pr.num-iterations": "10",
      "graph.datagen-9_0-fb.meta.vertices": "12857671",
      "graph.datagen-7_7-zf.vertex-file": "datagen-7_7-zf.v",
      "graph.graph500-25.bfs.source-vertex": "24460635",
      "graph.datagen-8_5-fb.meta.vertices": "4599739",
      "graph.graph500-27.edge-file": "graph500-27.e",
      "graph.datagen-7_7-zf.edge-properties.types": "real",
      "graph.datagen-9_1-fb.edge-properties.names": "weight",
      "graph.datagen-9_2-zf.pr.num-iterations": "10",
      "graph.graph500-27.directed": "false",
      "graph.datagen-sf3k-fb.cdlp.max-iterations": "10",
      "graph.datagen-8_7-zf.sssp.weight-property": "weight",
      "graph.datagen-8_8-zf.algorithms": "bfs",
      "graph.graph500-25.pr.num-iterations": "10",
      "benchmark.custom.graphs": "graph500-25",
      "graph.datagen-sf3k-fb.sssp.source-vertex": "6",
      "graph.datagen-8_9-fb.edge-file": "datagen-8_9-fb.e",
      "graph.datagen-8_7-zf.cdlp.max-iterations": "10",
      "graph.datagen-9_4-fb.pr.damping-factor": "0.85",
      "graph.datagen-9_2-zf.edge-properties.names": "weight",
      "graph.datagen-9_4-fb.algorithms": "bfs",
      "environment.machine.network": "VPC",
      "graph.twitter_mpi.vertex-file": "twitter_mpi.v",
      "platform.version": "0.3.0",
      "graph.datagen-9_3-zf.pr.damping-factor": "0.85",
      "graph.graph500-26.edge-file": "graph500-26.e",
      "graph.datagen-9_1-fb.meta.edges": "1342158397",
      "graph.datagen-9_3-zf.directed": "false",
      "graph.datagen-8_8-zf.vertex-file": "datagen-8_8-zf.v",
      "graph.graph500-30.meta.edges": "17022117362",
      "graph.datagen-7_8-zf.pr.damping-factor": "0.85",
      "graph.graph500-25.algorithms": "bfs",
      "graph.datagen-8_8-zf.edge-properties.names": "weight",
      "graph.datagen-sf10k-fb.meta.vertices": "100218750",
      "graph.datagen-9_1-fb.sssp.weight-property": "weight",
      "graph.graph500-26.pr.num-iterations": "10",
      "graph.graph500-26.directed": "false",
      "environment.link": "https://help.aliyun.com/document_detail/25378.html?spm\u003d5176.ecsnewbuy.help.dexternal.155d3675Y8BpwF#r7\"",
      "graph.dota-league.pr.num-iterations": "10",
      "graph.dota-league.vertex-file": "dota-league.v",
      "graph.datagen-7_7-zf.edge-file": "datagen-7_7-zf.e",
      "graph.datagen-7_8-zf.meta.edges": "41025255",
      "graph.datagen-9_3-zf.meta.vertices": "555270053",
      "graph.graph500-28.bfs.source-vertex": "0",
      "graph.datagen-9_3-zf.algorithms": "bfs",
      "graph.datagen-9_4-fb.meta.edges": "2588948669",
      "platform.libgrape.home": "/mnt/nas/libgrape-lite-large",
      "graph.twitter_mpi.directed": "true",
      "graph.datagen-7_6-fb.directed": "false",
      "platform.link": "https://github.com/alibaba/libgrape-lite",
      "graph.datagen-9_1-fb.pr.damping-factor": "0.85",
      "graph.datagen-sf10k-fb.pr.damping-factor": "0.85",
      "system.pricing": "199308.88",
      "benchmark.executor.port": "8013",
      "benchmark.custom.repetitions": "3",
      "graph.datagen-8_5-fb.pr.damping-factor": "0.85",
      "graph.graph500-22.pr.num-iterations": "10",
      "graph.dota-league.algorithms": "bfs",
      "graph.datagen-8_6-fb.edge-file": "datagen-8_6-fb.e",
      "graph.datagen-8_6-fb.edge-properties.types": "real",
      "graphs.root-directory": "/mnt/nas/ldbc_graphalytics_datasets",
      "graph.datagen-7_7-zf.pr.num-iterations": "10",
      "graph.com-friendster.vertex-file": "com-friendster.v",
      "graph.graph500-25.meta.edges": "523602831",
      "graph.datagen-7_5-fb.meta.vertices": "633432",
      "graph.twitter_mpi.meta.vertices": "52579678",
      "graph.datagen-8_6-fb.pr.num-iterations": "10",
      "graph.datagen-7_5-fb.cdlp.max-iterations": "10",
      "graph.datagen-8_6-fb.directed": "false",
      "graph.datagen-9_2-zf.algorithms": "bfs",
      "graph.datagen-7_6-fb.edge-properties.types": "real",
      "graph.datagen-9_0-fb.pr.num-iterations": "10",
      "graph.graph500-29.algorithms": "bfs",
      "graph.datagen-8_7-zf.pr.damping-factor": "0.85",
      "graph.datagen-8_8-zf.pr.num-iterations": "10",
      "graph.datagen-9_1-fb.edge-file": "datagen-9_1-fb.e",
      "graph.datagen-9_0-fb.directed": "false",
      "graph.datagen-8_9-fb.meta.edges": "848681908",
      "benchmark.custom.output-required": "true",
      "graph.datagen-7_9-fb.bfs.source-vertex": "6",
      "graph.datagen-sf10k-fb.edge-properties.names": "weight",
      "graph.datagen-7_8-zf.cdlp.max-iterations": "10",
      "environment.version": "1.0.0",
      "graph.graph500-29.pr.num-iterations": "10",
      "graph.datagen-9_4-fb.bfs.source-vertex": "6",
      "graph.com-friendster.algorithms": "bfs",
      "graph.datagen-9_3-zf.sssp.source-vertex": "6",
      "graph.datagen-sf10k-fb.edge-file": "datagen-sf10k-fb.e",
      "graph.datagen-sf10k-fb.meta.edges": "9404822538",
      "graph.datagen-8_7-zf.algorithms": "bfs"
    }
  },
  "result": {
    "experiments": {
      "e477337": {
        "id": "e477337",
        "type": "custom:exp",
        "jobs": [
          "j511719",
          "j640968",
          "j824894",
          "j886923",
          "j655816",
          "j618852",
          "j774781",
          "j588932",
          "j525643",
          "j492195",
          "j557971",
          "j739086",
          "j633935",
          "j593791",
          "j535979",
          "j608518",
          "j903382",
          "j832423",
          "j464372",
          "j683467",
          "j520435",
          "j670445",
          "j733487",
          "j827308",
          "j615722",
          "j598403",
          "j489498",
          "j495703",
          "j763261",
          "j825741",
          "j688809",
          "j871432",
          "j659870",
          "j589429",
          "j782413"
        ]
      }
    },
    "jobs": {
      "j492195": {
        "id": "j492195",
        "algorithm": "SSSP",
        "dataset": "datagen-8_7-zf",
        "scale": "1",
        "repetition": "3",
        "runs": [
          "r876556",
          "r605048",
          "r887140"
        ]
      },
      "j615722": {
        "id": "j615722",
        "algorithm": "LCC",
        "dataset": "datagen-8_5-fb",
        "scale": "1",
        "repetition": "3",
        "runs": [
          "r870264",
          "r723805",
          "r616242"
        ]
      },
      "j739086": {
        "id": "j739086",
        "algorithm": "CDLP",
        "dataset": "graph500-25",
        "scale": "1",
        "repetition": "3",
        "runs": [
          "r604366",
          "r690700",
          "r763994"
        ]
      },
      "j618852": {
        "id": "j618852",
        "algorithm": "WCC",
        "dataset": "datagen-8_6-fb",
        "scale": "1",
        "repetition": "3",
        "runs": [
          "r585679",
          "r596193",
          "r895679"
        ]
      },
      "j774781": {
        "id": "j774781",
        "algorithm": "SSSP",
        "dataset": "datagen-8_5-fb",
        "scale": "1",
        "repetition": "3",
        "runs": [
          "r612150",
          "r512597",
          "r503483"
        ]
      },
      "j593791": {
        "id": "j593791",
        "algorithm": "CDLP",
        "dataset": "datagen-8_8-zf",
        "scale": "1",
        "repetition": "3",
        "runs": [
          "r866614",
          "r903088",
          "r543840"
        ]
      },
      "j557971": {
        "id": "j557971",
        "algorithm": "SSSP",
        "dataset": "datagen-8_6-fb",
        "scale": "1",
        "repetition": "3",
        "runs": [
          "r668965",
          "r788331",
          "r684418"
        ]
      },
      "j903382": {
        "id": "j903382",
        "algorithm": "CDLP",
        "dataset": "datagen-8_6-fb",
        "scale": "1",
        "repetition": "3",
        "runs": [
          "r672884",
          "r715779",
          "r729822"
        ]
      },
      "j655816": {
        "id": "j655816",
        "algorithm": "WCC",
        "dataset": "datagen-8_7-zf",
        "scale": "1",
        "repetition": "3",
        "runs": [
          "r911016",
          "r554869",
          "r729063"
        ]
      },
      "j633935": {
        "id": "j633935",
        "algorithm": "CDLP",
        "dataset": "datagen-8_5-fb",
        "scale": "1",
        "repetition": "3",
        "runs": [
          "r771236",
          "r602663",
          "r900673"
        ]
      },
      "j598403": {
        "id": "j598403",
        "algorithm": "LCC",
        "dataset": "datagen-8_8-zf",
        "scale": "1",
        "repetition": "3",
        "runs": [
          "r763051",
          "r860656",
          "r908390"
        ]
      },
      "j495703": {
        "id": "j495703",
        "algorithm": "LCC",
        "dataset": "datagen-8_7-zf",
        "scale": "1",
        "repetition": "3",
        "runs": [
          "r542673",
          "r462989",
          "r842291"
        ]
      },
      "j588932": {
        "id": "j588932",
        "algorithm": "SSSP",
        "dataset": "datagen-8_8-zf",
        "scale": "1",
        "repetition": "3",
        "runs": [
          "r659850",
          "r769333",
          "r691021"
        ]
      },
      "j511719": {
        "id": "j511719",
        "algorithm": "WCC",
        "dataset": "graph500-25",
        "scale": "1",
        "repetition": "3",
        "runs": [
          "r556458",
          "r690276",
          "r844670"
        ]
      },
      "j589429": {
        "id": "j589429",
        "algorithm": "PR",
        "dataset": "datagen-8_7-zf",
        "scale": "1",
        "repetition": "3",
        "runs": [
          "r921322",
          "r471930",
          "r910684"
        ]
      },
      "j763261": {
        "id": "j763261",
        "algorithm": "LCC",
        "dataset": "datagen-8_6-fb",
        "scale": "1",
        "repetition": "3",
        "runs": [
          "r845700",
          "r698931",
          "r581022"
        ]
      },
      "j688809": {
        "id": "j688809",
        "algorithm": "PR",
        "dataset": "datagen-8_5-fb",
        "scale": "1",
        "repetition": "3",
        "runs": [
          "r508820",
          "r832789",
          "r847195"
        ]
      },
      "j640968": {
        "id": "j640968",
        "algorithm": "WCC",
        "dataset": "datagen-8_5-fb",
        "scale": "1",
        "repetition": "3",
        "runs": [
          "r867722",
          "r495164",
          "r803071"
        ]
      },
      "j659870": {
        "id": "j659870",
        "algorithm": "PR",
        "dataset": "datagen-8_9-fb",
        "scale": "1",
        "repetition": "3",
        "runs": [
          "r824537",
          "r742572",
          "r764152"
        ]
      },
      "j832423": {
        "id": "j832423",
        "algorithm": "BFS",
        "dataset": "graph500-25",
        "scale": "1",
        "repetition": "3",
        "runs": [
          "r809615",
          "r633143",
          "r917385"
        ]
      },
      "j535979": {
        "id": "j535979",
        "algorithm": "CDLP",
        "dataset": "datagen-8_9-fb",
        "scale": "1",
        "repetition": "3",
        "runs": [
          "r567320",
          "r586859",
          "r627521"
        ]
      },
      "j464372": {
        "id": "j464372",
        "algorithm": "BFS",
        "dataset": "datagen-8_5-fb",
        "scale": "1",
        "repetition": "3",
        "runs": [
          "r522640",
          "r710981",
          "r626874"
        ]
      },
      "j670445": {
        "id": "j670445",
        "algorithm": "BFS",
        "dataset": "datagen-8_7-zf",
        "scale": "1",
        "repetition": "3",
        "runs": [
          "r655012",
          "r494435",
          "r646250"
        ]
      },
      "j489498": {
        "id": "j489498",
        "algorithm": "LCC",
        "dataset": "datagen-8_9-fb",
        "scale": "1",
        "repetition": "3",
        "runs": [
          "r720768",
          "r698774",
          "r674058"
        ]
      },
      "j683467": {
        "id": "j683467",
        "algorithm": "BFS",
        "dataset": "datagen-8_8-zf",
        "scale": "1",
        "repetition": "3",
        "runs": [
          "r874323",
          "r521955",
          "r692262"
        ]
      },
      "j871432": {
        "id": "j871432",
        "algorithm": "PR",
        "dataset": "datagen-8_8-zf",
        "scale": "1",
        "repetition": "3",
        "runs": [
          "r621479",
          "r535114",
          "r461282"
        ]
      },
      "j608518": {
        "id": "j608518",
        "algorithm": "CDLP",
        "dataset": "datagen-8_7-zf",
        "scale": "1",
        "repetition": "3",
        "runs": [
          "r800143",
          "r558890",
          "r634370"
        ]
      },
      "j520435": {
        "id": "j520435",
        "algorithm": "BFS",
        "dataset": "datagen-8_9-fb",
        "scale": "1",
        "repetition": "3",
        "runs": [
          "r899443",
          "r621632",
          "r656277"
        ]
      },
      "j733487": {
        "id": "j733487",
        "algorithm": "BFS",
        "dataset": "datagen-8_6-fb",
        "scale": "1",
        "repetition": "3",
        "runs": [
          "r513710",
          "r805664",
          "r570900"
        ]
      },
      "j782413": {
        "id": "j782413",
        "algorithm": "PR",
        "dataset": "datagen-8_6-fb",
        "scale": "1",
        "repetition": "3",
        "runs": [
          "r815790",
          "r507827",
          "r817310"
        ]
      },
      "j827308": {
        "id": "j827308",
        "algorithm": "LCC",
        "dataset": "graph500-25",
        "scale": "1",
        "repetition": "3",
        "runs": [
          "r753202",
          "r607188",
          "r619346"
        ]
      },
      "j525643": {
        "id": "j525643",
        "algorithm": "SSSP",
        "dataset": "datagen-8_9-fb",
        "scale": "1",
        "repetition": "3",
        "runs": [
          "r867417",
          "r661870",
          "r809485"
        ]
      },
      "j886923": {
        "id": "j886923",
        "algorithm": "WCC",
        "dataset": "datagen-8_9-fb",
        "scale": "1",
        "repetition": "3",
        "runs": [
          "r564458",
          "r481281",
          "r899830"
        ]
      },
      "j825741": {
        "id": "j825741",
        "algorithm": "PR",
        "dataset": "graph500-25",
        "scale": "1",
        "repetition": "3",
        "runs": [
          "r596624",
          "r869562",
          "r615046"
        ]
      },
      "j824894": {
        "id": "j824894",
        "algorithm": "WCC",
        "dataset": "datagen-8_8-zf",
        "scale": "1",
        "repetition": "3",
        "runs": [
          "r568451",
          "r656081",
          "r645531"
        ]
      }
    },
    "runs": {
      "r522640": {
        "id": "r522640",
        "timestamp": "1687534711068",
        "success": "true",
        "load_time": "0.000",
        "makespan": "8.621",
        "processing_time": "0.041"
      },
      "r645531": {
        "id": "r645531",
        "timestamp": "1687537436486",
        "success": "true",
        "load_time": "0.000",
        "makespan": "76.531",
        "processing_time": "0.179"
      },
      "r616242": {
        "id": "r616242",
        "timestamp": "1687534456913",
        "success": "true",
        "load_time": "0.000",
        "makespan": "10.262",
        "processing_time": "1.172"
      },
      "r753202": {
        "id": "r753202",
        "timestamp": "1687533817615",
        "success": "true",
        "load_time": "0.001",
        "makespan": "20.958",
        "processing_time": "5.718"
      },
      "r521955": {
        "id": "r521955",
        "timestamp": "1687536642367",
        "success": "true",
        "load_time": "0.000",
        "makespan": "76.668",
        "processing_time": "0.197"
      },
      "r911016": {
        "id": "r911016",
        "timestamp": "1687539143972",
        "success": "true",
        "load_time": "0.000",
        "makespan": "74.261",
        "processing_time": "0.152"
      },
      "r471930": {
        "id": "r471930",
        "timestamp": "1687540305150",
        "success": "true",
        "load_time": "0.000",
        "makespan": "71.958",
        "processing_time": "0.404"
      },
      "r845700": {
        "id": "r845700",
        "timestamp": "1687542627671",
        "success": "true",
        "load_time": "0.000",
        "makespan": "10.879",
        "processing_time": "1.399"
      },
      "r461282": {
        "id": "r461282",
        "timestamp": "1687535657255",
        "success": "true",
        "load_time": "0.000",
        "makespan": "87.814",
        "processing_time": "0.463"
      },
      "r633143": {
        "id": "r633143",
        "timestamp": "1687534162763",
        "success": "true",
        "load_time": "0.001",
        "makespan": "14.060",
        "processing_time": "0.085"
      },
      "r899443": {
        "id": "r899443",
        "timestamp": "1687538986880",
        "success": "true",
        "load_time": "0.000",
        "makespan": "11.640",
        "processing_time": "0.059"
      },
      "r910684": {
        "id": "r910684",
        "timestamp": "1687539508032",
        "success": "true",
        "load_time": "0.000",
        "makespan": "83.698",
        "processing_time": "0.417"
      },
      "r903088": {
        "id": "r903088",
        "timestamp": "1687537285463",
        "success": "true",
        "load_time": "0.000",
        "makespan": "77.666",
        "processing_time": "0.627"
      },
      "r763994": {
        "id": "r763994",
        "timestamp": "1687534228796",
        "success": "true",
        "load_time": "0.001",
        "makespan": "14.635",
        "processing_time": "0.447"
      },
      "r554869": {
        "id": "r554869",
        "timestamp": "1687540582200",
        "success": "true",
        "load_time": "0.000",
        "makespan": "63.540",
        "processing_time": "0.158"
      },
      "r567320": {
        "id": "r567320",
        "timestamp": "1687538794767",
        "success": "true",
        "load_time": "0.000",
        "makespan": "12.353",
        "processing_time": "0.691"
      },
      "r876556": {
        "id": "r876556",
        "timestamp": "1687541896416",
        "success": "true",
        "load_time": "0.000",
        "makespan": "84.022",
        "processing_time": "0.235"
      },
      "r495164": {
        "id": "r495164",
        "timestamp": "1687534683053",
        "success": "true",
        "load_time": "0.000",
        "makespan": "8.716",
        "processing_time": "0.069"
      },
      "r619346": {
        "id": "r619346",
        "timestamp": "1687533894652",
        "success": "true",
        "load_time": "0.001",
        "makespan": "20.726",
        "processing_time": "5.590"
      },
      "r612150": {
        "id": "r612150",
        "timestamp": "1687534734083",
        "success": "true",
        "load_time": "0.000",
        "makespan": "12.249",
        "processing_time": "0.075"
      },
      "r860656": {
        "id": "r860656",
        "timestamp": "1687536789390",
        "success": "true",
        "load_time": "0.000",
        "makespan": "86.441",
        "processing_time": "0.400"
      },
      "r803071": {
        "id": "r803071",
        "timestamp": "1687534579993",
        "success": "true",
        "load_time": "0.000",
        "makespan": "8.738",
        "processing_time": "0.070"
      },
      "r691021": {
        "id": "r691021",
        "timestamp": "1687538375612",
        "success": "true",
        "load_time": "0.000",
        "makespan": "86.119",
        "processing_time": "0.259"
      },
      "r867722": {
        "id": "r867722",
        "timestamp": "1687534608009",
        "success": "true",
        "load_time": "0.000",
        "makespan": "8.719",
        "processing_time": "0.067"
      },
      "r564458": {
        "id": "r564458",
        "timestamp": "1687538946861",
        "success": "true",
        "load_time": "0.000",
        "makespan": "11.718",
        "processing_time": "0.145"
      },
      "r481281": {
        "id": "r481281",
        "timestamp": "1687539014898",
        "success": "true",
        "load_time": "0.000",
        "makespan": "11.689",
        "processing_time": "0.146"
      },
      "r809615": {
        "id": "r809615",
        "timestamp": "1687533859634",
        "success": "true",
        "load_time": "0.001",
        "makespan": "16.479",
        "processing_time": "0.078"
      },
      "r769333": {
        "id": "r769333",
        "timestamp": "1687538008559",
        "success": "true",
        "load_time": "0.000",
        "makespan": "101.462",
        "processing_time": "0.257"
      },
      "r672884": {
        "id": "r672884",
        "timestamp": "1687542521600",
        "success": "true",
        "load_time": "0.000",
        "makespan": "9.515",
        "processing_time": "0.393"
      },
      "r604366": {
        "id": "r604366",
        "timestamp": "1687533935670",
        "success": "true",
        "load_time": "0.001",
        "makespan": "14.510",
        "processing_time": "0.449"
      },
      "r874323": {
        "id": "r874323",
        "timestamp": "1687535337204",
        "success": "true",
        "load_time": "0.000",
        "makespan": "76.798",
        "processing_time": "0.207"
      },
      "r815790": {
        "id": "r815790",
        "timestamp": "1687542679707",
        "success": "true",
        "load_time": "0.000",
        "makespan": "9.700",
        "processing_time": "0.331"
      },
      "r507827": {
        "id": "r507827",
        "timestamp": "1687542704723",
        "success": "true",
        "load_time": "0.000",
        "makespan": "9.735",
        "processing_time": "0.339"
      },
      "r570900": {
        "id": "r570900",
        "timestamp": "1687542729742",
        "success": "true",
        "load_time": "0.000",
        "makespan": "9.079",
        "processing_time": "0.045"
      },
      "r626874": {
        "id": "r626874",
        "timestamp": "1687534660038",
        "success": "true",
        "load_time": "0.000",
        "makespan": "8.761",
        "processing_time": "0.044"
      },
      "r842291": {
        "id": "r842291",
        "timestamp": "1687539670059",
        "success": "true",
        "load_time": "0.000",
        "makespan": "71.779",
        "processing_time": "0.342"
      },
      "r723805": {
        "id": "r723805",
        "timestamp": "1687534406882",
        "success": "true",
        "load_time": "0.000",
        "makespan": "10.187",
        "processing_time": "1.178"
      },
      "r661870": {
        "id": "r661870",
        "timestamp": "1687538624676",
        "success": "true",
        "load_time": "0.000",
        "makespan": "14.390",
        "processing_time": "0.131"
      },
      "r908390": {
        "id": "r908390",
        "timestamp": "1687535484228",
        "success": "true",
        "load_time": "0.000",
        "makespan": "87.822",
        "processing_time": "0.395"
      },
      "r634370": {
        "id": "r634370",
        "timestamp": "1687540939241",
        "success": "true",
        "load_time": "0.000",
        "makespan": "64.289",
        "processing_time": "0.541"
      },
      "r558890": {
        "id": "r558890",
        "timestamp": "1687541347316",
        "success": "true",
        "load_time": "0.000",
        "makespan": "64.507",
        "processing_time": "0.546"
      },
      "r764152": {
        "id": "r764152",
        "timestamp": "1687539084935",
        "success": "true",
        "load_time": "0.000",
        "makespan": "12.735",
        "processing_time": "0.529"
      },
      "r729063": {
        "id": "r729063",
        "timestamp": "1687539947110",
        "success": "true",
        "load_time": "0.000",
        "makespan": "63.612",
        "processing_time": "0.152"
      },
      "r543840": {
        "id": "r543840",
        "timestamp": "1687537856529",
        "success": "true",
        "load_time": "0.000",
        "makespan": "78.399",
        "processing_time": "0.620"
      },
      "r605048": {
        "id": "r605048",
        "timestamp": "1687542210469",
        "success": "true",
        "load_time": "0.000",
        "makespan": "72.783",
        "processing_time": "0.236"
      },
      "r847195": {
        "id": "r847195",
        "timestamp": "1687534506946",
        "success": "true",
        "load_time": "0.000",
        "makespan": "9.253",
        "processing_time": "0.289"
      },
      "r771236": {
        "id": "r771236",
        "timestamp": "1687534356852",
        "success": "true",
        "load_time": "0.000",
        "makespan": "9.902",
        "processing_time": "0.333"
      },
      "r607188": {
        "id": "r607188",
        "timestamp": "1687533968687",
        "success": "true",
        "load_time": "0.001",
        "makespan": "20.700",
        "processing_time": "5.579"
      },
      "r900673": {
        "id": "r900673",
        "timestamp": "1687534531964",
        "success": "true",
        "load_time": "0.000",
        "makespan": "9.112",
        "processing_time": "0.332"
      },
      "r720768": {
        "id": "r720768",
        "timestamp": "1687538913841",
        "success": "true",
        "load_time": "0.000",
        "makespan": "14.879",
        "processing_time": "2.569"
      },
      "r621479": {
        "id": "r621479",
        "timestamp": "1687534812126",
        "success": "true",
        "load_time": "0.000",
        "makespan": "100.089",
        "processing_time": "0.475"
      },
      "r621632": {
        "id": "r621632",
        "timestamp": "1687539115955",
        "success": "true",
        "load_time": "0.000",
        "makespan": "11.638",
        "processing_time": "0.060"
      },
      "r690276": {
        "id": "r690276",
        "timestamp": "1687534104745",
        "success": "true",
        "load_time": "0.001",
        "makespan": "14.087",
        "processing_time": "0.186"
      },
      "r917385": {
        "id": "r917385",
        "timestamp": "1687534195780",
        "success": "true",
        "load_time": "0.001",
        "makespan": "14.408",
        "processing_time": "0.089"
      },
      "r763051": {
        "id": "r763051",
        "timestamp": "1687537113439",
        "success": "true",
        "load_time": "0.000",
        "makespan": "87.138",
        "processing_time": "0.392"
      },
      "r899830": {
        "id": "r899830",
        "timestamp": "1687538657695",
        "success": "true",
        "load_time": "0.000",
        "makespan": "13.835",
        "processing_time": "0.152"
      },
      "r788331": {
        "id": "r788331",
        "timestamp": "1687542417529",
        "success": "true",
        "load_time": "0.000",
        "makespan": "10.609",
        "processing_time": "0.078"
      },
      "r656277": {
        "id": "r656277",
        "timestamp": "1687538823786",
        "success": "true",
        "load_time": "0.000",
        "makespan": "11.658",
        "processing_time": "0.057"
      },
      "r585679": {
        "id": "r585679",
        "timestamp": "1687542570635",
        "success": "true",
        "load_time": "0.000",
        "makespan": "9.223",
        "processing_time": "0.080"
      },
      "r824537": {
        "id": "r824537",
        "timestamp": "1687539053918",
        "success": "true",
        "load_time": "0.000",
        "makespan": "12.667",
        "processing_time": "0.522"
      },
      "r870264": {
        "id": "r870264",
        "timestamp": "1687534431897",
        "success": "true",
        "load_time": "0.000",
        "makespan": "10.104",
        "processing_time": "1.137"
      },
      "r655012": {
        "id": "r655012",
        "timestamp": "1687541220291",
        "success": "true",
        "load_time": "0.000",
        "makespan": "63.083",
        "processing_time": "0.187"
      },
      "r684418": {
        "id": "r684418",
        "timestamp": "1687542391512",
        "success": "true",
        "load_time": "0.000",
        "makespan": "10.617",
        "processing_time": "0.080"
      },
      "r817310": {
        "id": "r817310",
        "timestamp": "1687542654689",
        "success": "true",
        "load_time": "0.000",
        "makespan": "9.708",
        "processing_time": "0.340"
      },
      "r556458": {
        "id": "r556458",
        "timestamp": "1687534298829",
        "success": "true",
        "load_time": "0.001",
        "makespan": "14.221",
        "processing_time": "0.194"
      },
      "r887140": {
        "id": "r887140",
        "timestamp": "1687542059442",
        "success": "true",
        "load_time": "0.000",
        "makespan": "71.467",
        "processing_time": "0.234"
      },
      "r668965": {
        "id": "r668965",
        "timestamp": "1687542362494",
        "success": "true",
        "load_time": "0.000",
        "makespan": "13.552",
        "processing_time": "0.079"
      },
      "r832789": {
        "id": "r832789",
        "timestamp": "1687534482929",
        "success": "true",
        "load_time": "0.000",
        "makespan": "9.203",
        "processing_time": "0.288"
      },
      "r535114": {
        "id": "r535114",
        "timestamp": "1687535000151",
        "success": "true",
        "load_time": "0.000",
        "makespan": "88.270",
        "processing_time": "0.468"
      },
      "r809485": {
        "id": "r809485",
        "timestamp": "1687538551640",
        "success": "true",
        "load_time": "0.000",
        "makespan": "21.591",
        "processing_time": "0.130"
      },
      "r581022": {
        "id": "r581022",
        "timestamp": "1687542443547",
        "success": "true",
        "load_time": "0.000",
        "makespan": "11.843",
        "processing_time": "1.400"
      },
      "r596193": {
        "id": "r596193",
        "timestamp": "1687542808793",
        "success": "true",
        "load_time": "0.000",
        "makespan": "9.181",
        "processing_time": "0.080"
      },
      "r690700": {
        "id": "r690700",
        "timestamp": "1687533784594",
        "success": "true",
        "load_time": "0.001",
        "makespan": "14.604",
        "processing_time": "0.439"
      },
      "r674058": {
        "id": "r674058",
        "timestamp": "1687538732730",
        "success": "true",
        "load_time": "0.000",
        "makespan": "14.828",
        "processing_time": "2.506"
      },
      "r503483": {
        "id": "r503483",
        "timestamp": "1687534787111",
        "success": "true",
        "load_time": "0.000",
        "makespan": "9.939",
        "processing_time": "0.071"
      },
      "r659850": {
        "id": "r659850",
        "timestamp": "1687538199585",
        "success": "true",
        "load_time": "0.000",
        "makespan": "86.965",
        "processing_time": "0.259"
      },
      "r867417": {
        "id": "r867417",
        "timestamp": "1687538591659",
        "success": "true",
        "load_time": "0.000",
        "makespan": "14.514",
        "processing_time": "0.126"
      },
      "r568451": {
        "id": "r568451",
        "timestamp": "1687535833280",
        "success": "true",
        "load_time": "0.000",
        "makespan": "76.896",
        "processing_time": "0.170"
      },
      "r710981": {
        "id": "r710981",
        "timestamp": "1687534555979",
        "success": "true",
        "load_time": "0.000",
        "makespan": "9.377",
        "processing_time": "0.038"
      },
      "r646250": {
        "id": "r646250",
        "timestamp": "1687540455177",
        "success": "true",
        "load_time": "0.000",
        "makespan": "63.510",
        "processing_time": "0.187"
      },
      "r494435": {
        "id": "r494435",
        "timestamp": "1687541624365",
        "success": "true",
        "load_time": "0.000",
        "makespan": "62.667",
        "processing_time": "0.194"
      },
      "r596624": {
        "id": "r596624",
        "timestamp": "1687534261812",
        "success": "true",
        "load_time": "0.001",
        "makespan": "16.705",
        "processing_time": "1.232"
      },
      "r462989": {
        "id": "r462989",
        "timestamp": "1687541477340",
        "success": "true",
        "load_time": "0.000",
        "makespan": "71.503",
        "processing_time": "0.334"
      },
      "r698774": {
        "id": "r698774",
        "timestamp": "1687538851803",
        "success": "true",
        "load_time": "0.000",
        "makespan": "14.809",
        "processing_time": "2.486"
      },
      "r698931": {
        "id": "r698931",
        "timestamp": "1687542600653",
        "success": "true",
        "load_time": "0.000",
        "makespan": "10.814",
        "processing_time": "1.381"
      },
      "r844670": {
        "id": "r844670",
        "timestamp": "1687534009707",
        "success": "true",
        "load_time": "0.001",
        "makespan": "14.255",
        "processing_time": "0.199"
      },
      "r602663": {
        "id": "r602663",
        "timestamp": "1687534636024",
        "success": "true",
        "load_time": "0.000",
        "makespan": "9.080",
        "processing_time": "0.343"
      },
      "r627521": {
        "id": "r627521",
        "timestamp": "1687538765750",
        "success": "true",
        "load_time": "0.000",
        "makespan": "12.173",
        "processing_time": "0.688"
      },
      "r921322": {
        "id": "r921322",
        "timestamp": "1687541069265",
        "success": "true",
        "load_time": "0.000",
        "makespan": "73.054",
        "processing_time": "0.418"
      },
      "r513710": {
        "id": "r513710",
        "timestamp": "1687542546617",
        "success": "true",
        "load_time": "0.000",
        "makespan": "9.284",
        "processing_time": "0.039"
      },
      "r729822": {
        "id": "r729822",
        "timestamp": "1687542753758",
        "success": "true",
        "load_time": "0.000",
        "makespan": "9.567",
        "processing_time": "0.395"
      },
      "r656081": {
        "id": "r656081",
        "timestamp": "1687536230324",
        "success": "true",
        "load_time": "0.000",
        "makespan": "76.244",
        "processing_time": "0.178"
      },
      "r692262": {
        "id": "r692262",
        "timestamp": "1687535177180",
        "success": "true",
        "load_time": "0.000",
        "makespan": "88.945",
        "processing_time": "0.204"
      },
      "r542673": {
        "id": "r542673",
        "timestamp": "1687541750390",
        "success": "true",
        "load_time": "0.000",
        "makespan": "71.627",
        "processing_time": "0.343"
      },
      "r805664": {
        "id": "r805664",
        "timestamp": "1687542471566",
        "success": "true",
        "load_time": "0.000",
        "makespan": "10.102",
        "processing_time": "0.042"
      },
      "r586859": {
        "id": "r586859",
        "timestamp": "1687538884822",
        "success": "true",
        "load_time": "0.000",
        "makespan": "12.430",
        "processing_time": "0.691"
      },
      "r869562": {
        "id": "r869562",
        "timestamp": "1687533745584",
        "success": "true",
        "load_time": "0.001",
        "makespan": "19.082",
        "processing_time": "1.265"
      },
      "r895679": {
        "id": "r895679",
        "timestamp": "1687542778775",
        "success": "true",
        "load_time": "0.000",
        "makespan": "9.107",
        "processing_time": "0.079"
      },
      "r512597": {
        "id": "r512597",
        "timestamp": "1687534762098",
        "success": "true",
        "load_time": "0.000",
        "makespan": "9.913",
        "processing_time": "0.078"
      },
      "r742572": {
        "id": "r742572",
        "timestamp": "1687538699712",
        "success": "true",
        "load_time": "0.000",
        "makespan": "14.900",
        "processing_time": "0.534"
      },
      "r800143": {
        "id": "r800143",
        "timestamp": "1687539817086",
        "success": "true",
        "load_time": "0.000",
        "makespan": "64.438",
        "processing_time": "0.554"
      },
      "r866614": {
        "id": "r866614",
        "timestamp": "1687536961415",
        "success": "true",
        "load_time": "0.000",
        "makespan": "78.240",
        "processing_time": "0.620"
      },
      "r715779": {
        "id": "r715779",
        "timestamp": "1687542496583",
        "success": "true",
        "load_time": "0.000",
        "makespan": "9.510",
        "processing_time": "0.396"
      },
      "r615046": {
        "id": "r615046",
        "timestamp": "1687534067727",
        "success": "true",
        "load_time": "0.001",
        "makespan": "16.488",
        "processing_time": "1.162"
      },
      "r508820": {
        "id": "r508820",
        "timestamp": "1687534381865",
        "success": "true",
        "load_time": "0.000",
        "makespan": "9.282",
        "processing_time": "0.292"
      }
    }
  }
}
