{
  "id": "b626520",
  "specification": "1.0.0",
  "description": "grb:v8.0.0 lagr:mmread-sym",
  "system": {
    "platform": {
      "name": "GraphBLAS",
      "acronym": "graphblas",
      "version": "1.0",
      "link": "https://github.com/FTSRG/ldbc-graphalytics-platform-graphblas"
    },
    "environment": {
      "name": "",
      "acronym": "",
      "version": "",
      "link": "",
      "machines": [
        {
          "quantity": "1",
          "cpu": "2-Socket Intel(R) Xeon(R) Platinum 8480+",
          "memory": "1TB (16x 64GB) DDR5 RDIMM",
          "network": "",
          "storage": "7.6TB NVMe Solidigm D7-P5510"        
       }
      ]
    },
    "tool": {
      "graphalytics-core": {
        "name": "graphalytics-core",
        "version": "1.10.0",
        "link": "https://github.com/ldbc/ldbc_graphalytics"
      },
      "graphalytics-platforms-graphblas": {
        "name": "graphalytics-platforms-graphblas",
        "version": "0.1.0-SNAPSHOT",
        "link": "https://github.com/atlarge-research/graphalytics-platforms-graphblas"
      }
    },
    "pricing": "51826"
  },
  "benchmark": {
    "type": "custom",
    "name": "Benchmark for dataset size 2XL+",
    "duration": "57736504",
    "timeout": "10800",
    "resources": {},
    "output": {
      "required": "-",
      "directory": "./output/"
    },
    "validation": {
      "required": "-",
      "directory": "/home/devcloud/data/"
    },
    "configurations": {
      "graph.datagen-8_9-fb.edge-properties.types": "real",
      "environment.machine.memory": "",
      "graph.datagen-8_3-zf.cdlp.max-iterations": "10",
      "graph.datagen-9_4-fb.sssp.weight-property": "weight",
      "graph.graph500-27.meta.vertices": "63081040",
      "graph.test-bfs-undirected.vertex-file": "test-bfs-undirected.v",
      "graph.cit-Patents.algorithms": "bfs",
      "graph.datagen-8_9-fb.sssp.source-vertex": "6",
      "graph.graph500-24.edge-file": "graph500-24.e",
      "graph.datagen-8_4-fb.vertex-file": "datagen-8_4-fb.v",
      "graph.datagen-9_1-fb.meta.vertices": "16087483",
      "graph.example-undirected.meta.vertices": "9",
      "graph.com-friendster.cdlp.max-iterations": "10",
      "graph.test-pr-directed.edge-file": "test-pr-directed.e",
      "graph.cit-Patents.vertex-file": "cit-Patents.v",
      "graph.datagen-7_9-fb.vertex-file": "datagen-7_9-fb.v",
      "graph.test-bfs-undirected.bfs.source-vertex": "1",
      "graph.kgs.cdlp.max-iterations": "10",
      "graph.kgs.meta.vertices": "832247",
      "environment.machine.storage": "",
      "graph.datagen-8_7-zf.bfs.source-vertex": "6",
      "benchmark.runner.max-memory": "",
      "graph.datagen-sf3k-fb.pr.num-iterations": "10",
      "graph.datagen-8_3-zf.meta.vertices": "53525014",
      "graph.datagen-8_1-fb.algorithms": "bfs",
      "graph.datagen-7_7-zf.meta.edges": "32791267",
      "graph.datagen-8_7-zf.vertex-file": "datagen-8_7-zf.v",
      "graph.datagen-8_8-zf.meta.vertices": "168308893",
      "graph.datagen-9_2-zf.vertex-file": "datagen-9_2-zf.v",
      "graph.dota-league.cdlp.max-iterations": "10",
      "graph.datagen-sf3k-fb.pr.damping-factor": "0.85",
      "graph.datagen-8_5-fb.sssp.source-vertex": "6",
      "graph.datagen-8_8-zf.edge-properties.types": "real",
      "graph.graph500-22.cdlp.max-iterations": "10",
      "graph.graph500-23.algorithms": "bfs",
      "graph.graph500-22.edge-file": "graph500-22.e",
      "graph.datagen-8_0-fb.edge-properties.names": "weight",
      "graph.datagen-8_0-fb.meta.vertices": "1706561",
      "graph.example-undirected.edge-properties.names": "weight",
      "graph.datagen-8_0-fb.algorithms": "bfs",
      "graph.datagen-9_4-fb.edge-properties.types": "real",
      "graph.datagen-7_7-zf.algorithms": "bfs",
      "graph.datagen-8_0-fb.bfs.source-vertex": "6",
      "graph.twitter_mpi.cdlp.max-iterations": "10",
      "graph.graph500-22.bfs.source-vertex": "248533",
      "graph.graph500-30.pr.damping-factor": "0.85",
      "graph.example-directed.bfs.source-vertex": "1",
      "graph.datagen-9_1-fb.edge-properties.types": "real",
      "graph.datagen-sf10k-fb.algorithms": "bfs",
      "graph.datagen-8_5-fb.vertex-file": "datagen-8_5-fb.v",
      "graph.datagen-sf10k-fb.vertex-file": "datagen-sf10k-fb.v",
      "graph.datagen-8_9-fb.cdlp.max-iterations": "10",
      "graph.com-friendster.meta.edges": "1806067135",
      "graph.graph500-26.meta.vertices": "32804978",
      "graph.datagen-7_8-zf.algorithms": "bfs",
      "graph.datagen-9_2-zf.sssp.weight-property": "weight",
      "graph.datagen-9_2-zf.sssp.source-vertex": "6",
      "graph.datagen-7_5-fb.algorithms": "bfs",
      "graph.graph500-24.bfs.source-vertex": "2592222",
      "graph.datagen-7_6-fb.edge-file": "datagen-7_6-fb.e",
      "graph.datagen-8_8-zf.bfs.source-vertex": "6",
      "graph.test-wcc-directed.meta.edges": "10",
      "graph.dota-league.meta.vertices": "61170",
      "graph.datagen-sf10k-fb.cdlp.max-iterations": "10",
      "graph.datagen-7_7-zf.meta.vertices": "13180508",
      "graph.datagen-7_5-fb.meta.edges": "34185747",
      "graph.example-directed.edge-properties.types": "real",
      "graph.datagen-7_8-zf.edge-file": "datagen-7_8-zf.e",
      "graph.test-pr-directed.pr.damping-factor": "0.85",
      "graph.test-pr-undirected.pr.num-iterations": "26",
      "graph.datagen-9_2-zf.pr.damping-factor": "0.85",
      "graph.datagen-9_3-zf.pr.num-iterations": "10",
      "graph.datagen-9_3-zf.edge-properties.types": "real",
      "graph.graph500-28.meta.vertices": "121242388",
      "graph.test-sssp-undirected.algorithms": "sssp",
      "graph.datagen-7_5-fb.edge-properties.names": "weight",
      "graph.test-wcc-directed.vertex-file": "test-wcc-directed.v",
      "graph.datagen-8_2-zf.bfs.source-vertex": "6",
      "graph.test-bfs-undirected.directed": "false",
      "graph.test-sssp-undirected.sssp.source-vertex": "1",
      "graph.twitter_mpi.meta.edges": "1963263508",
      "graph.datagen-7_7-zf.edge-properties.names": "weight",
      "graph.dota-league.edge-properties.types": "real",
      "graph.datagen-9_4-fb.edge-properties.names": "weight",
      "graph.datagen-9_3-zf.vertex-file": "datagen-9_3-zf.v",
      "graph.datagen-7_9-fb.edge-properties.names": "weight",
      "graph.datagen-8_9-fb.sssp.weight-property": "weight",
      "graph.datagen-8_2-zf.sssp.source-vertex": "6",
      "graph.graph500-26.cdlp.max-iterations": "10",
      "graph.test-lcc-undirected.directed": "false",
      "graph.graph500-26.bfs.source-vertex": "62455266",
      "graph.test-pr-undirected.vertex-file": "test-pr-undirected.v",
      "graph.datagen-9_4-fb.meta.vertices": "29310565",
      "graph.test-cdlp-undirected.edge-file": "test-cdlp-undirected.e",
      "graph.test-bfs-undirected.edge-file": "test-bfs-undirected.e",
      "graph.graph500-27.bfs.source-vertex": "0",
      "graph.test-sssp-directed.vertex-file": "test-sssp-directed.v",
      "graph.datagen-8_4-fb.sssp.weight-property": "weight",
      "graph.datagen-8_1-fb.meta.edges": "134267822",
      "graph.graph500-27.cdlp.max-iterations": "10",
      "graph.graph500-30.pr.num-iterations": "10",
      "graph.graph500-30.vertex-file": "graph500-30.v",
      "graph.example-undirected.sssp.source-vertex": "2",
      "graph.twitter_mpi.algorithms": "bfs",
      "graph.datagen-sf3k-fb.bfs.source-vertex": "933",
      "graph.test-sssp-undirected.edge-file": "test-sssp-undirected.e",
      "graph.datagen-7_5-fb.directed": "false",
      "graph.graph500-25.directed": "false",
      "graph.datagen-9_1-fb.pr.num-iterations": "10",
      "graph.datagen-sf10k-fb.pr.num-iterations": "10",
      "graph.datagen-7_9-fb.edge-file": "datagen-7_9-fb.e",
      "graph.datagen-8_4-fb.bfs.source-vertex": "6",
      "graph.wiki-Talk.edge-file": "wiki-Talk.e",
      "graph.dota-league.pr.damping-factor": "0.85",
      "graph.graph500-28.algorithms": "bfs",
      "graph.datagen-9_3-zf.edge-properties.names": "weight",
      "graph.cit-Patents.edge-file": "cit-Patents.e",
      "graph.twitter_mpi.edge-file": "twitter_mpi.e",
      "graph.cit-Patents.directed": "true",
      "graph.datagen-7_5-fb.edge-properties.types": "real",
      "graph.test-wcc-undirected.edge-file": "test-wcc-undirected.e",
      "graph.datagen-8_5-fb.directed": "false",
      "graph.datagen-8_9-fb.directed": "false",
      "graph.datagen-8_5-fb.cdlp.max-iterations": "10",
      "graph.cit-Patents.meta.vertices": "3774768",
      "graph.datagen-7_6-fb.meta.edges": "42162988",
      "graph.datagen-8_2-zf.pr.num-iterations": "10",
      "graph.graph500-29.meta.vertices": "232999630",
      "graph.datagen-8_0-fb.meta.edges": "107507376",
      "graph.datagen-sf3k-fb.edge-file": "datagen-sf3k-fb.e",
      "graph.datagen-9_0-fb.vertex-file": "datagen-9_0-fb.v",
      "graph.graph500-23.bfs.source-vertex": "7348998",
      "graph.test-sssp-undirected.meta.vertices": "12",
      "graph.datagen-9_1-fb.sssp.source-vertex": "6",
      "graph.datagen-8_4-fb.edge-file": "datagen-8_4-fb.e",
      "graph.wiki-Talk.meta.edges": "5021410",
      "graph.datagen-9_0-fb.pr.damping-factor": "0.85",
      "graph.datagen-8_6-fb.vertex-file": "datagen-8_6-fb.v",
      "graph.datagen-8_1-fb.directed": "false",
      "graph.example-undirected.directed": "false",
      "graph.datagen-7_9-fb.directed": "false",
      "platform.acronym": "graphblas",
      "graph.test-bfs-directed.directed": "true",
      "graph.datagen-7_5-fb.edge-file": "datagen-7_5-fb.e",
      "graph.test-sssp-directed.sssp.source-vertex": "1",
      "graph.kgs.algorithms": "bfs",
      "graph.test-cdlp-directed.algorithms": "cdlp",
      "graph.com-friendster.edge-file": "com-friendster.e",
      "graph.dota-league.sssp.weight-property": "weight",
      "graph.datagen-7_9-fb.meta.vertices": "1387587",
      "graph.datagen-8_1-fb.edge-properties.names": "weight",
      "graph.wiki-Talk.algorithms": "bfs",
      "graph.graph500-25.vertex-file": "graph500-25.v",
      "graph.test-sssp-directed.edge-properties.names": "weight",
      "graph.datagen-8_2-zf.algorithms": "bfs",
      "graph.com-friendster.pr.damping-factor": "0.85",
      "graph.graph500-28.vertex-file": "graph500-28.v",
      "graph.datagen-9_1-fb.directed": "false",
      "graph.datagen-9_3-zf.meta.edges": "1309998551",
      "graph.example-undirected.bfs.source-vertex": "2",
      "graph.kgs.sssp.weight-property": "weight",
      "graph.graph500-29.vertex-file": "graph500-29.v",
      "graph.test-wcc-directed.meta.vertices": "8",
      "graph.datagen-7_6-fb.pr.damping-factor": "0.85",
      "graph.test-bfs-undirected.algorithms": "bfs",
      "environment.machine.cpu": "",
      "graph.test-sssp-undirected.vertex-file": "test-sssp-undirected.v",
      "graph.datagen-7_7-zf.sssp.weight-property": "weight",
      "environment.acronym": "",
      "graph.dota-league.meta.edges": "50870313",
      "graph.datagen-sf3k-fb.edge-properties.types": "real",
      "graph.datagen-8_1-fb.vertex-file": "datagen-8_1-fb.v",
      "graph.datagen-8_7-zf.pr.num-iterations": "10",
      "graph.datagen-9_0-fb.meta.edges": "1049527225",
      "graph.datagen-7_8-zf.meta.vertices": "16521886",
      "graph.test-wcc-undirected.meta.edges": "7",
      "graph.example-undirected.edge-file": "example-undirected.e",
      "graph.datagen-8_8-zf.edge-file": "datagen-8_8-zf.e",
      "graph.datagen-sf3k-fb.sssp.weight-property": "weight",
      "graph.graph500-24.vertex-file": "graph500-24.v",
      "graph.test-cdlp-undirected.meta.edges": "13",
      "graph.datagen-sf3k-fb.vertex-file": "datagen-sf3k-fb.v",
      "graph.graph500-27.meta.edges": "2111642032",
      "graph.datagen-7_6-fb.algorithms": "bfs",
      "graph.graph500-25.meta.vertices": "17062472",
      "graph.datagen-7_8-zf.directed": "false",
      "graph.datagen-9_3-zf.sssp.weight-property": "weight",
      "graph.datagen-8_5-fb.bfs.source-vertex": "6",
      "graph.example-directed.vertex-file": "example-directed.v",
      "graph.datagen-8_3-zf.directed": "false",
      "graph.example-directed.algorithms": "bfs",
      "graph.kgs.sssp.source-vertex": "239044",
      "graph.datagen-7_6-fb.edge-properties.names": "weight",
      "graph.datagen-8_1-fb.cdlp.max-iterations": "10",
      "graph.datagen-8_9-fb.edge-properties.names": "weight",
      "graph.test-wcc-directed.directed": "true",
      "graph.example-undirected.meta.edges": "12",
      "graph.test-lcc-undirected.edge-file": "test-lcc-undirected.e",
      "graph.datagen-8_8-zf.directed": "false",
      "graph.datagen-8_9-fb.algorithms": "bfs",
      "graph.graph500-23.pr.damping-factor": "0.85",
      "graph.datagen-8_7-zf.directed": "false",
      "graph.graph500-30.algorithms": "bfs",
      "graph.datagen-8_0-fb.vertex-file": "datagen-8_0-fb.v",
      "graph.graph500-24.meta.vertices": "8870942",
      "graph.datagen-8_6-fb.edge-properties.names": "weight",
      "graph.graph500-28.edge-file": "graph500-28.e",
      "graph.graph500-29.directed": "false",
      "benchmark.runner.port": "8012",
      "graph.datagen-7_9-fb.pr.damping-factor": "0.85",
      "graph.datagen-8_8-zf.sssp.weight-property": "weight",
      "graph.graph500-29.bfs.source-vertex": "0",
      "graph.datagen-9_0-fb.edge-properties.types": "real",
      "graph.datagen-8_3-zf.algorithms": "bfs",
      "graph.datagen-7_5-fb.sssp.source-vertex": "6",
      "graph.com-friendster.directed": "false",
      "graph.datagen-9_2-zf.meta.edges": "1042340732",
      "graph.datagen-7_7-zf.directed": "false",
      "graph.datagen-8_0-fb.sssp.weight-property": "weight",
      "benchmark.description": "",
      "graph.test-pr-directed.pr.num-iterations": "14",
      "graph.datagen-8_3-zf.vertex-file": "datagen-8_3-zf.v",
      "graph.graph500-22.algorithms": "bfs",
      "graph.graph500-23.pr.num-iterations": "10",
      "benchmark.custom.validation-required": "true",
      "graph.datagen-8_1-fb.sssp.source-vertex": "6",
      "graph.datagen-9_0-fb.meta.vertices": "12857671",
      "graph.datagen-8_2-zf.sssp.weight-property": "weight",
      "graph.datagen-7_7-zf.vertex-file": "datagen-7_7-zf.v",
      "graph.datagen-8_5-fb.meta.vertices": "4599739",
      "graph.test-sssp-directed.edge-file": "test-sssp-directed.e",
      "graph.graph500-27.edge-file": "graph500-27.e",
      "graph.graph500-24.pr.damping-factor": "0.85",
      "graph.datagen-8_0-fb.sssp.source-vertex": "6",
      "graph.datagen-9_1-fb.edge-properties.names": "weight",
      "graph.datagen-8_8-zf.algorithms": "bfs",
      "benchmark.custom.graphs": "graph500-28",
      "graph.test-sssp-directed.meta.edges": "13",
      "graph.datagen-8_9-fb.edge-file": "datagen-8_9-fb.e",
      "graph.datagen-8_7-zf.cdlp.max-iterations": "10",
      "graph.example-directed.sssp.source-vertex": "1",
      "graph.kgs.pr.damping-factor": "0.85",
      "graph.datagen-9_4-fb.pr.damping-factor": "0.85",
      "graph.datagen-9_2-zf.edge-properties.names": "weight",
      "environment.machine.network": "",
      "graph.twitter_mpi.vertex-file": "twitter_mpi.v",
      "graph.datagen-8_1-fb.bfs.source-vertex": "6",
      "graph.test-sssp-undirected.directed": "false",
      "graph.datagen-9_3-zf.pr.damping-factor": "0.85",
      "graph.datagen-8_1-fb.pr.num-iterations": "10",
      "graph.datagen-8_2-zf.pr.damping-factor": "0.85",
      "graph.graph500-26.edge-file": "graph500-26.e",
      "graph.datagen-9_1-fb.meta.edges": "1342158397",
      "graph.datagen-9_3-zf.directed": "false",
      "graph.datagen-8_3-zf.pr.num-iterations": "10",
      "graph.test-sssp-undirected.edge-properties.names": "weight",
      "graph.datagen-7_8-zf.pr.damping-factor": "0.85",
      "graph.graph500-25.algorithms": "bfs",
      "graph.test-lcc-undirected.algorithms": "lcc",
      "graph.test-cdlp-undirected.vertex-file": "test-cdlp-undirected.v",
      "graph.datagen-8_3-zf.bfs.source-vertex": "6",
      "graph.datagen-9_1-fb.sssp.weight-property": "weight",
      "graph.graph500-23.meta.vertices": "4610222",
      "graph.graph500-26.directed": "false",
      "graph.datagen-8_0-fb.edge-properties.types": "real",
      "environment.link": "",
      "graph.dota-league.pr.num-iterations": "10",
      "graph.datagen-7_8-zf.meta.edges": "41025255",
      "graph.graph500-28.bfs.source-vertex": "0",
      "graph.test-bfs-directed.edge-file": "test-bfs-directed.e",
      "graph.datagen-9_4-fb.meta.edges": "2588948669",
      "graph.datagen-8_4-fb.cdlp.max-iterations": "10",
      "graph.datagen-7_6-fb.directed": "false",
      "platform.link": "https://github.com/FTSRG/ldbc-graphalytics-platform-graphblas",
      "graph.datagen-9_1-fb.pr.damping-factor": "0.85",
      "graph.datagen-sf10k-fb.pr.damping-factor": "0.85",
      "benchmark.executor.port": "8011",
      "graph.datagen-8_0-fb.pr.damping-factor": "0.85",
      "graph.graph500-22.pr.num-iterations": "10",
      "graph.test-lcc-directed.algorithms": "lcc",
      "graph.test-sssp-directed.directed": "true",
      "graph.datagen-8_2-zf.edge-file": "datagen-8_2-zf.e",
      "graph.datagen-8_4-fb.edge-properties.types": "real",
      "graph.datagen-8_6-fb.directed": "false",
      "graph.example-directed.cdlp.max-iterations": "2",
      "graph.cit-Patents.meta.edges": "16518948",
      "graph.test-bfs-undirected.meta.vertices": "10",
      "graph.graph500-29.algorithms": "bfs",
      "graph.datagen-9_1-fb.edge-file": "datagen-9_1-fb.e",
      "benchmark.custom.output-required": "true",
      "graph.graph500-23.meta.edges": "129333677",
      "graph.datagen-sf10k-fb.edge-properties.names": "weight",
      "graph.test-cdlp-undirected.cdlp.max-iterations": "5",
      "graph.graph500-29.pr.num-iterations": "10",
      "graph.datagen-8_2-zf.edge-properties.names": "weight",
      "graph.com-friendster.algorithms": "bfs",
      "graph.graph500-23.directed": "false",
      "graph.datagen-sf10k-fb.edge-file": "datagen-sf10k-fb.e",
      "graph.datagen-8_7-zf.algorithms": "bfs",
      "graph.test-cdlp-directed.directed": "true",
      "graph.graph500-30.cdlp.max-iterations": "10",
      "graph.datagen-7_6-fb.sssp.source-vertex": "6",
      "graph.datagen-8_8-zf.sssp.source-vertex": "6",
      "graph.datagen-8_4-fb.meta.vertices": "3809084",
      "graph.datagen-7_6-fb.bfs.source-vertex": "6",
      "graph.test-cdlp-directed.cdlp.max-iterations": "5",
      "graph.test-cdlp-undirected.meta.vertices": "8",
      "graph.datagen-8_3-zf.edge-file": "datagen-8_3-zf.e",
      "graph.graph500-22.meta.vertices": "2396657",
      "graph.com-friendster.bfs.source-vertex": "101",
      "graph.datagen-7_9-fb.meta.edges": "85670523",
      "graph.test-lcc-undirected.meta.vertices": "9",
      "environment.machine.quantity": "",
      "graph.datagen-7_5-fb.sssp.weight-property": "weight",
      "graph.graph500-24.algorithms": "bfs",
      "graph.example-undirected.pr.num-iterations": "2",
      "graph.graph500-29.pr.damping-factor": "0.85",
      "graphs.validation-directory": "/home/devcloud/data/",
      "graph.example-directed.sssp.weight-property": "weight",
      "graph.datagen-8_1-fb.sssp.weight-property": "weight",
      "graph.datagen-8_6-fb.algorithms": "bfs",
      "graph.datagen-8_7-zf.edge-properties.names": "weight",
      "graph.datagen-8_9-fb.pr.num-iterations": "10",
      "graph.test-wcc-undirected.meta.vertices": "8",
      "graph.datagen-8_0-fb.cdlp.max-iterations": "10",
      "graph.datagen-8_1-fb.edge-properties.types": "real",
      "graph.graph500-23.edge-file": "graph500-23.e",
      "graph.test-wcc-undirected.directed": "false",
      "graph.graph500-28.pr.damping-factor": "0.85",
      "graph.test-pr-undirected.meta.vertices": "50",
      "graph.datagen-8_7-zf.meta.vertices": "145050709",
      "graph.datagen-8_6-fb.meta.edges": "421988619",
      "graph.datagen-8_9-fb.meta.vertices": "10572901",
      "graph.datagen-8_9-fb.pr.damping-factor": "0.85",
      "graph.dota-league.bfs.source-vertex": "287770",
      "graph.graph500-27.pr.damping-factor": "0.85",
      "graph.datagen-sf10k-fb.directed": "false",
      "graph.graph500-30.edge-file": "graph500-30.e",
      "graph.datagen-7_6-fb.meta.vertices": "754147",
      "graph.test-lcc-undirected.meta.edges": "12",
      "graph.graph500-28.pr.num-iterations": "10",
      "graph.datagen-7_9-fb.cdlp.max-iterations": "10",
      "graph.datagen-8_5-fb.meta.edges": "332026902",
      "graph.datagen-8_6-fb.sssp.weight-property": "weight",
      "benchmark.name": "Benchmark for dataset size 2XL+",
      "graph.test-lcc-directed.meta.edges": "17",
      "graph.test-cdlp-directed.meta.vertices": "8",
      "graph.datagen-7_7-zf.sssp.source-vertex": "6",
      "graph.datagen-sf10k-fb.edge-properties.types": "real",
      "graph.datagen-8_4-fb.pr.num-iterations": "10",
      "graph.test-pr-directed.vertex-file": "test-pr-directed.v",
      "graph.datagen-8_5-fb.edge-properties.names": "weight",
      "graph.test-wcc-undirected.vertex-file": "test-wcc-undirected.v",
      "benchmark.custom.timeout": "10800",
      "graph.datagen-7_5-fb.bfs.source-vertex": "6",
      "graph.datagen-9_0-fb.edge-file": "datagen-9_0-fb.e",
      "graph.datagen-8_1-fb.edge-file": "datagen-8_1-fb.e",
      "graph.datagen-8_8-zf.meta.edges": "413354288",
      "graph.datagen-7_8-zf.sssp.weight-property": "weight",
      "graph.datagen-9_1-fb.cdlp.max-iterations": "10",
      "graph.test-sssp-directed.meta.vertices": "10",
      "graph.graph500-24.cdlp.max-iterations": "10",
      "graph.graph500-25.pr.damping-factor": "0.85",
      "graph.example-undirected.pr.damping-factor": "0.85",
      "platform.name": "GraphBLAS",
      "graph.datagen-9_2-zf.bfs.source-vertex": "6",
      "graph.graph500-25.edge-file": "graph500-25.e",
      "graph.test-pr-undirected.meta.edges": "113",
      "graph.datagen-8_3-zf.edge-properties.types": "real",
      "graph.wiki-Talk.pr.num-iterations": "10",
      "graph.test-bfs-directed.meta.vertices": "10",
      "graph.datagen-9_4-fb.sssp.source-vertex": "6",
      "graph.test-pr-directed.algorithms": "pr",
      "graph.datagen-8_2-zf.meta.vertices": "43734497",
      "graph.test-sssp-directed.sssp.weight-property": "weight",
      "graph.datagen-8_2-zf.vertex-file": "datagen-8_2-zf.v",
      "graph.graph500-26.meta.edges": "1051922853",
      "graph.graph500-30.directed": "false",
      "graph.graph500-25.cdlp.max-iterations": "10",
      "graph.graph500-30.meta.vertices": "447797986",
      "graph.datagen-9_4-fb.cdlp.max-iterations": "10",
      "graph.test-bfs-directed.meta.edges": "17",
      "graph.datagen-9_1-fb.algorithms": "bfs",
      "graph.datagen-8_9-fb.vertex-file": "datagen-8_9-fb.v",
      "graph.wiki-Talk.bfs.source-vertex": "2",
      "benchmark.custom.algorithms": "BFS",
      "graph.datagen-9_3-zf.bfs.source-vertex": "6",
      "graph.wiki-Talk.vertex-file": "wiki-Talk.v",
      "graph.graph500-27.pr.num-iterations": "10",
      "graph.datagen-9_4-fb.vertex-file": "datagen-9_4-fb.v",
      "graph.datagen-9_2-zf.directed": "false",
      "graph.datagen-9_2-zf.edge-file": "datagen-9_2-zf.e",
      "graph.datagen-9_3-zf.edge-file": "datagen-9_3-zf.e",
      "graph.datagen-sf3k-fb.algorithms": "bfs",
      "graph.example-directed.directed": "true",
      "graph.datagen-8_1-fb.pr.damping-factor": "0.85",
      "graph.datagen-9_2-zf.cdlp.max-iterations": "10",
      "graph.graph500-26.algorithms": "bfs",
      "graph.datagen-7_9-fb.edge-properties.types": "real",
      "graph.datagen-8_5-fb.algorithms": "bfs",
      "environment.name": "",
      "graph.datagen-8_3-zf.sssp.source-vertex": "6",
      "graphs.output-directory": "./output/",
      "graph.datagen-sf3k-fb.meta.edges": "2912009743",
      "graph.test-bfs-directed.algorithms": "bfs",
      "graph.datagen-sf3k-fb.edge-properties.names": "weight",
      "graph.datagen-8_4-fb.pr.damping-factor": "0.85",
      "graph.example-directed.meta.edges": "17",
      "graph.wiki-Talk.cdlp.max-iterations": "10",
      "graph.datagen-8_5-fb.pr.num-iterations": "10",
      "graph.example-undirected.sssp.weight-property": "weight",
      "graph.kgs.pr.num-iterations": "10",
      "graph.example-directed.pr.num-iterations": "2",
      "graph.datagen-7_6-fb.cdlp.max-iterations": "10",
      "graph.test-bfs-directed.bfs.source-vertex": "1",
      "graph.graph500-22.pr.damping-factor": "0.85",
      "graph.graph500-29.edge-file": "graph500-29.e",
      "graph.kgs.edge-properties.types": "real",
      "graph.datagen-8_0-fb.pr.num-iterations": "10",
      "graph.graph500-22.meta.edges": "64155735",
      "graph.test-cdlp-directed.edge-file": "test-cdlp-directed.e",
      "graph.datagen-9_2-zf.meta.vertices": "434943376",
      "graph.datagen-7_7-zf.pr.damping-factor": "0.85",
      "graph.datagen-7_8-zf.edge-properties.types": "real",
      "graph.datagen-8_4-fb.algorithms": "bfs",
      "graph.graph500-28.directed": "false",
      "graph.test-sssp-undirected.sssp.weight-property": "weight",
      "graph.datagen-sf10k-fb.sssp.source-vertex": "6",
      "graph.graph500-30.bfs.source-vertex": "0",
      "graph.datagen-8_8-zf.pr.damping-factor": "0.85",
      "graph.datagen-7_8-zf.sssp.source-vertex": "6",
      "graph.datagen-7_5-fb.vertex-file": "datagen-7_5-fb.v",
      "graph.datagen-8_1-fb.meta.vertices": "2072117",
      "graph.datagen-7_9-fb.sssp.weight-property": "weight",
      "graph.dota-league.directed": "false",
      "graph.twitter_mpi.bfs.source-vertex": "420",
      "graph.datagen-8_6-fb.sssp.source-vertex": "6",
      "graph.graph500-28.cdlp.max-iterations": "10",
      "graph.datagen-7_7-zf.cdlp.max-iterations": "10",
      "graph.cit-Patents.bfs.source-vertex": "6009541",
      "graph.datagen-8_9-fb.bfs.source-vertex": "6",
      "graph.datagen-9_0-fb.edge-properties.names": "weight",
      "graph.datagen-sf3k-fb.meta.vertices": "33484375",
      "graph.graph500-24.pr.num-iterations": "10",
      "graph.graph500-24.meta.edges": "260379520",
      "graph.wiki-Talk.directed": "true",
      "graph.graph500-26.pr.damping-factor": "0.85",
      "graph.datagen-8_3-zf.edge-properties.names": "weight",
      "graph.graph500-29.cdlp.max-iterations": "10",
      "graph.datagen-7_8-zf.pr.num-iterations": "10",
      "graph.datagen-7_9-fb.algorithms": "bfs",
      "graph.datagen-8_6-fb.pr.damping-factor": "0.85",
      "graph.datagen-8_8-zf.cdlp.max-iterations": "10",
      "graph.datagen-7_6-fb.pr.num-iterations": "10",
      "graph.datagen-7_8-zf.vertex-file": "datagen-7_8-zf.v",
      "graph.datagen-7_5-fb.pr.damping-factor": "0.85",
      "graph.datagen-8_0-fb.edge-file": "datagen-8_0-fb.e",
      "graph.test-pr-directed.meta.vertices": "50",
      "graph.datagen-8_7-zf.edge-properties.types": "real",
      "graph.test-lcc-directed.vertex-file": "test-lcc-directed.v",
      "graph.datagen-8_6-fb.cdlp.max-iterations": "10",
      "graph.dota-league.edge-file": "dota-league.e",
      "graph.graph500-26.vertex-file": "graph500-26.v",
      "graph.graph500-27.algorithms": "bfs",
      "benchmark.type": "custom",
      "graph.datagen-9_0-fb.algorithms": "bfs",
      "graph.test-cdlp-undirected.algorithms": "cdlp",
      "graph.datagen-8_7-zf.sssp.source-vertex": "6",
      "graph.graph500-27.vertex-file": "graph500-27.v",
      "graph.graph500-24.directed": "false",
      "graph.kgs.edge-properties.names": "weight",
      "platform.graphblas.num-threads": "224",
      "graph.datagen-8_6-fb.meta.vertices": "5667674",
      "graph.datagen-8_5-fb.edge-properties.types": "real",
      "graph.datagen-9_4-fb.directed": "false",
      "graph.test-cdlp-directed.vertex-file": "test-cdlp-directed.v",
      "graph.example-directed.edge-file": "example-directed.e",
      "graph.datagen-7_5-fb.pr.num-iterations": "10",
      "graph.kgs.edge-file": "kgs.e",
      "graph.datagen-7_6-fb.vertex-file": "datagen-7_6-fb.v",
      "graph.test-bfs-directed.vertex-file": "test-bfs-directed.v",
      "graph.test-cdlp-directed.meta.edges": "18",
      "graph.datagen-8_2-zf.cdlp.max-iterations": "10",
      "graph.kgs.directed": "false",
      "graph.datagen-9_0-fb.cdlp.max-iterations": "10",
      "graph.test-lcc-directed.directed": "true",
      "graph.datagen-8_7-zf.edge-file": "datagen-8_7-zf.e",
      "graph.graph500-28.meta.edges": "4236163958",
      "graph.cit-Patents.pr.damping-factor": "0.85",
      "graph.dota-league.sssp.source-vertex": "287770",
      "graph.datagen-9_2-zf.edge-properties.types": "real",
      "graph.graph500-23.vertex-file": "graph500-23.v",
      "graph.graph500-22.vertex-file": "graph500-22.v",
      "graph.datagen-7_9-fb.sssp.source-vertex": "6",
      "graph.test-sssp-undirected.edge-properties.types": "real",
      "graph.datagen-7_7-zf.bfs.source-vertex": "6",
      "graph.datagen-9_0-fb.sssp.source-vertex": "6",
      "graph.test-bfs-undirected.meta.edges": "14",
      "graph.datagen-9_1-fb.bfs.source-vertex": "6",
      "graph.datagen-8_3-zf.pr.damping-factor": "0.85",
      "graphs.names": "[graph500-22, graph500-23, graph500-24, graph500-25, graph500-26, graph500-27, graph500-28, graph500-29, graph500-30, datagen-7_5-fb, datagen-7_6-fb, datagen-7_7-zf, datagen-7_8-zf, datagen-7_9-fb, datagen-8_0-fb, datagen-8_1-fb, datagen-8_2-zf, datagen-8_3-zf, datagen-8_4-fb, datagen-8_5-fb, datagen-8_6-fb, datagen-8_7-zf, datagen-8_8-zf, datagen-8_9-fb, datagen-9_0-fb, datagen-9_1-fb, datagen-9_2-zf, datagen-9_3-zf, datagen-9_4-fb, datagen-sf3k-fb, datagen-sf10k-fb, dota-league, com-friendster, twitter_mpi, cit-Patents, kgs, wiki-Talk, test-bfs-directed, test-bfs-undirected, test-cdlp-directed, test-cdlp-undirected, test-lcc-directed, test-lcc-undirected, test-pr-directed, test-pr-undirected, test-sssp-directed, test-sssp-undirected, test-wcc-directed, test-wcc-undirected, example-directed, example-undirected]",
      "graph.test-lcc-directed.edge-file": "test-lcc-directed.e",
      "graph.twitter_mpi.pr.damping-factor": "0.85",
      "graph.datagen-8_2-zf.directed": "false",
      "graph.datagen-9_0-fb.sssp.weight-property": "weight",
      "graph.datagen-7_9-fb.pr.num-iterations": "10",
      "graph.cit-Patents.pr.num-iterations": "10",
      "graph.datagen-9_3-zf.cdlp.max-iterations": "10",
      "graph.datagen-7_6-fb.sssp.weight-property": "weight",
      "graph.datagen-8_3-zf.sssp.weight-property": "weight",
      "graph.test-cdlp-undirected.directed": "false",
      "graph.dota-league.edge-properties.names": "weight",
      "graph.datagen-8_7-zf.meta.edges": "340157363",
      "graph.datagen-7_8-zf.bfs.source-vertex": "6",
      "graph.com-friendster.meta.vertices": "65608366",
      "graph.graph500-22.directed": "false",
      "graph.test-wcc-undirected.algorithms": "wcc",
      "graph.graph500-23.cdlp.max-iterations": "10",
      "graph.datagen-8_6-fb.bfs.source-vertex": "6",
      "graph.datagen-9_4-fb.edge-file": "datagen-9_4-fb.e",
      "graph.com-friendster.pr.num-iterations": "10",
      "graph.twitter_mpi.pr.num-iterations": "10",
      "graph.datagen-7_8-zf.edge-properties.names": "weight",
      "graph.datagen-8_2-zf.edge-properties.types": "real",
      "graph.datagen-9_0-fb.bfs.source-vertex": "6",
      "graph.datagen-sf3k-fb.directed": "false",
      "graph.datagen-8_4-fb.edge-properties.names": "weight",
      "graph.datagen-8_5-fb.edge-file": "datagen-8_5-fb.e",
      "graph.datagen-8_5-fb.sssp.weight-property": "weight",
      "graph.test-lcc-directed.meta.vertices": "10",
      "graph.example-directed.edge-properties.names": "weight",
      "graph.wiki-Talk.meta.vertices": "2394385",
      "graph.datagen-sf10k-fb.sssp.weight-property": "weight",
      "graph.datagen-9_1-fb.vertex-file": "datagen-9_1-fb.v",
      "graph.datagen-sf10k-fb.bfs.source-vertex": "933",
      "graph.test-sssp-directed.algorithms": "sssp",
      "graph.datagen-8_4-fb.meta.edges": "269479177",
      "graph.graph500-29.meta.edges": "8493569115",
      "graph.datagen-9_4-fb.pr.num-iterations": "10",
      "graph.graph500-25.bfs.source-vertex": "24460635",
      "graph.example-undirected.cdlp.max-iterations": "2",
      "graph.kgs.bfs.source-vertex": "239044",
      "graph.datagen-7_7-zf.edge-properties.types": "real",
      "graph.datagen-9_2-zf.pr.num-iterations": "10",
      "graph.graph500-27.directed": "false",
      "graph.datagen-sf3k-fb.cdlp.max-iterations": "10",
      "graph.kgs.vertex-file": "kgs.v",
      "graph.datagen-8_7-zf.sssp.weight-property": "weight",
      "graph.test-pr-undirected.algorithms": "pr",
      "graph.graph500-25.pr.num-iterations": "10",
      "graph.datagen-sf3k-fb.sssp.source-vertex": "6",
      "graph.test-pr-directed.directed": "true",
      "graph.cit-Patents.cdlp.max-iterations": "10",
      "graph.datagen-9_4-fb.algorithms": "bfs",
      "platform.version": "1.0",
      "graph.test-pr-undirected.pr.damping-factor": "0.85",
      "graph.datagen-8_8-zf.vertex-file": "datagen-8_8-zf.v",
      "graph.graph500-30.meta.edges": "17022117362",
      "graph.wiki-Talk.pr.damping-factor": "0.85",
      "graph.example-undirected.vertex-file": "example-undirected.v",
      "graph.datagen-8_4-fb.sssp.source-vertex": "6",
      "graph.datagen-8_8-zf.edge-properties.names": "weight",
      "graph.datagen-sf10k-fb.meta.vertices": "100218750",
      "graph.example-undirected.edge-properties.types": "real",
      "graph.graph500-26.pr.num-iterations": "10",
      "graph.test-lcc-undirected.vertex-file": "test-lcc-undirected.v",
      "graph.dota-league.vertex-file": "dota-league.v",
      "graph.datagen-7_7-zf.edge-file": "datagen-7_7-zf.e",
      "graph.datagen-9_3-zf.meta.vertices": "555270053",
      "graph.datagen-9_3-zf.algorithms": "bfs",
      "graph.twitter_mpi.directed": "true",
      "system.pricing": "",
      "graph.test-sssp-undirected.meta.edges": "14",
      "benchmark.custom.repetitions": "3",
      "graph.example-undirected.algorithms": "bfs",
      "graph.test-pr-undirected.directed": "false",
      "graph.datagen-8_2-zf.meta.edges": "106440188",
      "graph.datagen-8_5-fb.pr.damping-factor": "0.85",
      "graph.dota-league.algorithms": "bfs",
      "graph.datagen-8_6-fb.edge-file": "datagen-8_6-fb.e",
      "graph.datagen-8_6-fb.edge-properties.types": "real",
      "graphs.root-directory": "/home/devcloud/data/",
      "graph.datagen-7_7-zf.pr.num-iterations": "10",
      "graph.com-friendster.vertex-file": "com-friendster.v",
      "graph.graph500-25.meta.edges": "523602831",
      "graph.datagen-7_5-fb.meta.vertices": "633432",
      "graph.test-pr-directed.meta.edges": "246",
      "graph.twitter_mpi.meta.vertices": "52579678",
      "graph.datagen-8_6-fb.pr.num-iterations": "10",
      "graph.test-sssp-directed.edge-properties.types": "real",
      "graph.test-pr-undirected.edge-file": "test-pr-undirected.e",
      "graph.test-wcc-directed.edge-file": "test-wcc-directed.e",
      "graph.kgs.meta.edges": "17891698",
      "graph.datagen-7_5-fb.cdlp.max-iterations": "10",
      "graph.test-wcc-directed.algorithms": "wcc",
      "graph.datagen-9_2-zf.algorithms": "bfs",
      "graph.datagen-7_6-fb.edge-properties.types": "real",
      "graph.datagen-9_0-fb.pr.num-iterations": "10",
      "graph.datagen-8_3-zf.meta.edges": "130579909",
      "graph.datagen-8_7-zf.pr.damping-factor": "0.85",
      "graph.datagen-8_8-zf.pr.num-iterations": "10",
      "graph.example-directed.pr.damping-factor": "0.85",
      "graph.datagen-8_0-fb.directed": "false",
      "graph.datagen-8_9-fb.meta.edges": "848681908",
      "graph.datagen-9_0-fb.directed": "false",
      "graph.datagen-7_9-fb.bfs.source-vertex": "6",
      "graph.datagen-7_8-zf.cdlp.max-iterations": "10",
      "environment.version": "",
      "graph.datagen-9_4-fb.bfs.source-vertex": "6",
      "graph.datagen-9_3-zf.sssp.source-vertex": "6",
      "graph.example-directed.meta.vertices": "10",
      "graph.datagen-8_4-fb.directed": "false",
      "graph.datagen-sf10k-fb.meta.edges": "9404822538"
    }
  },
  "result": {
    "experiments": {
      "e526124": {
        "id": "e526124",
        "type": "custom:exp",
        "jobs": [
          "j461309",
          "j885982",
          "j908159",
          "j495814",
          "j796927",
          "j630659",
          "j695438",
          "j832671",
          "j810642",
          "j905744",
          "j564240",
          "j699912",
          "j758671",
          "j495075",
          "j679265",
          "j689296",
          "j838641",
          "j818830",
          "j466539",
          "j761718"
        ]
      }
    },
    "jobs": {
      "j495075": {
        "id": "j495075",
        "algorithm": "LCC",
        "dataset": "graph500-28",
        "scale": "1",
        "repetition": "3",
        "runs": [
          "r565224",
          "r540676",
          "r743584"
        ]
      },
      "j695438": {
        "id": "j695438",
        "algorithm": "BFS",
        "dataset": "datagen-sf10k-fb",
        "scale": "1",
        "repetition": "3",
        "runs": [
          "r582116",
          "r693383",
          "r766130"
        ]
      },
      "j689296": {
        "id": "j689296",
        "algorithm": "WCC",
        "dataset": "graph500-29",
        "scale": "1",
        "repetition": "3",
        "runs": [
          "r657937",
          "r779208",
          "r661041"
        ]
      },
      "j908159": {
        "id": "j908159",
        "algorithm": "PR",
        "dataset": "datagen-sf10k-fb",
        "scale": "1",
        "repetition": "3",
        "runs": [
          "r579197",
          "r529013",
          "r762137"
        ]
      },
      "j832671": {
        "id": "j832671",
        "algorithm": "BFS",
        "dataset": "graph500-30",
        "scale": "1",
        "repetition": "3",
        "runs": [
          "r770155",
          "r472658",
          "r778222"
        ]
      },
      "j761718": {
        "id": "j761718",
        "algorithm": "SSSP",
        "dataset": "datagen-sf10k-fb",
        "scale": "1",
        "repetition": "3",
        "runs": [
          "r615387",
          "r780806",
          "r804718"
        ]
      },
      "j810642": {
        "id": "j810642",
        "algorithm": "CDLP",
        "dataset": "graph500-29",
        "scale": "1",
        "repetition": "3",
        "runs": [
          "r564370",
          "r913992",
          "r509969"
        ]
      },
      "j838641": {
        "id": "j838641",
        "algorithm": "WCC",
        "dataset": "graph500-28",
        "scale": "1",
        "repetition": "3",
        "runs": [
          "r483400",
          "r897228",
          "r536125"
        ]
      },
      "j630659": {
        "id": "j630659",
        "algorithm": "BFS",
        "dataset": "graph500-28",
        "scale": "1",
        "repetition": "3",
        "runs": [
          "r532404",
          "r848021",
          "r673937"
        ]
      },
      "j818830": {
        "id": "j818830",
        "algorithm": "WCC",
        "dataset": "datagen-sf10k-fb",
        "scale": "1",
        "repetition": "3",
        "runs": [
          "r589074",
          "r463050",
          "r637335"
        ]
      },
      "j564240": {
        "id": "j564240",
        "algorithm": "CDLP",
        "dataset": "datagen-sf10k-fb",
        "scale": "1",
        "repetition": "3",
        "runs": [
          "r731432",
          "r712348",
          "r739525"
        ]
      },
      "j466539": {
        "id": "j466539",
        "algorithm": "WCC",
        "dataset": "graph500-30",
        "scale": "1",
        "repetition": "3",
        "runs": [
          "r828483",
          "r623034",
          "r500401"
        ]
      },
      "j758671": {
        "id": "j758671",
        "algorithm": "LCC",
        "dataset": "graph500-29",
        "scale": "1",
        "repetition": "3",
        "runs": [
          "r725414",
          "r702004",
          "r770633"
        ]
      },
      "j905744": {
        "id": "j905744",
        "algorithm": "CDLP",
        "dataset": "graph500-28",
        "scale": "1",
        "repetition": "3",
        "runs": [
          "r689955",
          "r706564",
          "r684201"
        ]
      },
      "j699912": {
        "id": "j699912",
        "algorithm": "CDLP",
        "dataset": "graph500-30",
        "scale": "1",
        "repetition": "3",
        "runs": [
          "r688033",
          "r632700",
          "r719348"
        ]
      },
      "j461309": {
        "id": "j461309",
        "algorithm": "PR",
        "dataset": "graph500-29",
        "scale": "1",
        "repetition": "3",
        "runs": [
          "r842048",
          "r774955",
          "r471656"
        ]
      },
      "j679265": {
        "id": "j679265",
        "algorithm": "LCC",
        "dataset": "datagen-sf10k-fb",
        "scale": "1",
        "repetition": "3",
        "runs": [
          "r853537",
          "r645243",
          "r690586"
        ]
      },
      "j495814": {
        "id": "j495814",
        "algorithm": "PR",
        "dataset": "graph500-30",
        "scale": "1",
        "repetition": "3",
        "runs": [
          "r642119",
          "r764926",
          "r763255"
        ]
      },
      "j885982": {
        "id": "j885982",
        "algorithm": "PR",
        "dataset": "graph500-28",
        "scale": "1",
        "repetition": "3",
        "runs": [
          "r674740",
          "r719268",
          "r584679"
        ]
      },
      "j796927": {
        "id": "j796927",
        "algorithm": "BFS",
        "dataset": "graph500-29",
        "scale": "1",
        "repetition": "3",
        "runs": [
          "r852963",
          "r497042",
          "r772825"
        ]
      }
    },
    "runs": {
      "r897228": {
        "id": "r897228",
        "timestamp": "1687213095019",
        "success": "true",
        "load_time": "0.013",
        "makespan": "37.304",
        "processing_time": "1.914"
      },
      "r804718": {
        "id": "r804718",
        "timestamp": "1687225668923",
        "success": "true",
        "load_time": "0.015",
        "makespan": "351.575",
        "processing_time": "189.750"
      },
      "r532404": {
        "id": "r532404",
        "timestamp": "1687220957258",
        "success": "true",
        "load_time": "0.013",
        "makespan": "35.056",
        "processing_time": "1.597"
      },
      "r778222": {
        "id": "r778222",
        "timestamp": "1687247092118",
        "success": "true",
        "load_time": "0.022",
        "makespan": "148.701",
        "processing_time": "11.964"
      },
      "r702004": {
        "id": "r702004",
        "timestamp": "1687199206175",
        "success": "true",
        "load_time": "0.019",
        "makespan": "5614.340",
        "processing_time": "5529.336"
      },
      "r536125": {
        "id": "r536125",
        "timestamp": "1687215760407",
        "success": "true",
        "load_time": "0.013",
        "makespan": "36.049",
        "processing_time": "1.988"
      },
      "r828483": {
        "id": "r828483",
        "timestamp": "1687247383202",
        "success": "true",
        "load_time": "0.022",
        "makespan": "144.549",
        "processing_time": "9.172"
      },
      "r706564": {
        "id": "r706564",
        "timestamp": "1687213431117",
        "success": "true",
        "load_time": "0.013",
        "makespan": "79.819",
        "processing_time": "44.511"
      },
      "r582116": {
        "id": "r582116",
        "timestamp": "1687225530839",
        "success": "true",
        "load_time": "0.011",
        "makespan": "95.867",
        "processing_time": "2.269"
      },
      "r471656": {
        "id": "r471656",
        "timestamp": "1687212378728",
        "success": "true",
        "load_time": "0.019",
        "makespan": "124.206",
        "processing_time": "32.249"
      },
      "r913992": {
        "id": "r913992",
        "timestamp": "1687206453060",
        "success": "true",
        "load_time": "0.019",
        "makespan": "167.785",
        "processing_time": "96.763"
      },
      "r540676": {
        "id": "r540676",
        "timestamp": "1687218403840",
        "success": "true",
        "load_time": "0.013",
        "makespan": "2133.022",
        "processing_time": "2090.149"
      },
      "r690586": {
        "id": "r690586",
        "timestamp": "1687221996655",
        "success": "true",
        "load_time": "0.011",
        "makespan": "545.290",
        "processing_time": "471.047"
      },
      "r500401": {
        "id": "r500401",
        "timestamp": "1687243547546",
        "success": "true",
        "load_time": "0.022",
        "makespan": "188.974",
        "processing_time": "8.227"
      },
      "r564370": {
        "id": "r564370",
        "timestamp": "1687198960098",
        "success": "true",
        "load_time": "0.019",
        "makespan": "169.759",
        "processing_time": "98.396"
      },
      "r772825": {
        "id": "r772825",
        "timestamp": "1687198807031",
        "success": "true",
        "load_time": "0.019",
        "makespan": "73.780",
        "processing_time": "4.044"
      },
      "r632700": {
        "id": "r632700",
        "timestamp": "1687246620987",
        "success": "true",
        "load_time": "0.022",
        "makespan": "335.502",
        "processing_time": "204.131"
      },
      "r623034": {
        "id": "r623034",
        "timestamp": "1687244979736",
        "success": "true",
        "load_time": "0.022",
        "makespan": "146.775",
        "processing_time": "8.847"
      },
      "r764926": {
        "id": "r764926",
        "timestamp": "1687246185901",
        "success": "true",
        "load_time": "0.022",
        "makespan": "258.656",
        "processing_time": "74.427"
      },
      "r848021": {
        "id": "r848021",
        "timestamp": "1687221039316",
        "success": "true",
        "load_time": "0.013",
        "makespan": "36.485",
        "processing_time": "1.575"
      },
      "r852963": {
        "id": "r852963",
        "timestamp": "1687212599793",
        "success": "true",
        "load_time": "0.019",
        "makespan": "72.803",
        "processing_time": "3.982"
      },
      "r645243": {
        "id": "r645243",
        "timestamp": "1687223759287",
        "success": "true",
        "load_time": "0.011",
        "makespan": "465.006",
        "processing_time": "394.069"
      },
      "r853537": {
        "id": "r853537",
        "timestamp": "1687225014739",
        "success": "true",
        "load_time": "0.011",
        "makespan": "464.519",
        "processing_time": "393.949"
      },
      "r689955": {
        "id": "r689955",
        "timestamp": "1687220834201",
        "success": "true",
        "load_time": "0.013",
        "makespan": "78.303",
        "processing_time": "43.709"
      },
      "r779208": {
        "id": "r779208",
        "timestamp": "1687197946846",
        "success": "true",
        "load_time": "0.019",
        "makespan": "73.261",
        "processing_time": "3.828"
      },
      "r661041": {
        "id": "r661041",
        "timestamp": "1687204921769",
        "success": "true",
        "load_time": "0.019",
        "makespan": "71.924",
        "processing_time": "3.932"
      },
      "r673937": {
        "id": "r673937",
        "timestamp": "1687212993950",
        "success": "true",
        "load_time": "0.013",
        "makespan": "53.262",
        "processing_time": "2.056"
      },
      "r774955": {
        "id": "r774955",
        "timestamp": "1687198579968",
        "success": "true",
        "load_time": "0.019",
        "makespan": "128.185",
        "processing_time": "32.799"
      },
      "r674740": {
        "id": "r674740",
        "timestamp": "1687221459485",
        "success": "true",
        "load_time": "0.013",
        "makespan": "59.151",
        "processing_time": "13.638"
      },
      "r842048": {
        "id": "r842048",
        "timestamp": "1687206229018",
        "success": "true",
        "load_time": "0.019",
        "makespan": "127.207",
        "processing_time": "32.703"
      },
      "r565224": {
        "id": "r565224",
        "timestamp": "1687216220565",
        "success": "true",
        "load_time": "0.013",
        "makespan": "2123.642",
        "processing_time": "2081.510"
      },
      "r472658": {
        "id": "r472658",
        "timestamp": "1687232165022",
        "success": "true",
        "load_time": "0.022",
        "makespan": "201.260",
        "processing_time": "11.877"
      },
      "r615387": {
        "id": "r615387",
        "timestamp": "1687226447212",
        "success": "true",
        "load_time": "0.015",
        "makespan": "281.035",
        "processing_time": "145.489"
      },
      "r719348": {
        "id": "r719348",
        "timestamp": "1687249260505",
        "success": "true",
        "load_time": "0.022",
        "makespan": "368.258",
        "processing_time": "229.409"
      },
      "r762137": {
        "id": "r762137",
        "timestamp": "1687224275408",
        "success": "true",
        "load_time": "0.011",
        "makespan": "104.067",
        "processing_time": "33.528"
      },
      "r770633": {
        "id": "r770633",
        "timestamp": "1687206698154",
        "success": "true",
        "load_time": "0.019",
        "makespan": "5579.397",
        "processing_time": "5494.854"
      },
      "r509969": {
        "id": "r509969",
        "timestamp": "1687212751852",
        "success": "true",
        "load_time": "0.019",
        "makespan": "166.401",
        "processing_time": "95.310"
      },
      "r657937": {
        "id": "r657937",
        "timestamp": "1687205583902",
        "success": "true",
        "load_time": "0.019",
        "makespan": "73.533",
        "processing_time": "4.268"
      },
      "r719268": {
        "id": "r719268",
        "timestamp": "1687216103515",
        "success": "true",
        "load_time": "0.013",
        "makespan": "59.824",
        "processing_time": "13.788"
      },
      "r770155": {
        "id": "r770155",
        "timestamp": "1687232510094",
        "success": "true",
        "load_time": "0.022",
        "makespan": "143.914",
        "processing_time": "10.439"
      },
      "r579197": {
        "id": "r579197",
        "timestamp": "1687223122973",
        "success": "true",
        "load_time": "0.011",
        "makespan": "106.490",
        "processing_time": "34.246"
      },
      "r731432": {
        "id": "r731432",
        "timestamp": "1687222933912",
        "success": "true",
        "load_time": "0.011",
        "makespan": "143.558",
        "processing_time": "78.938"
      },
      "r688033": {
        "id": "r688033",
        "timestamp": "1687248763403",
        "success": "true",
        "load_time": "0.022",
        "makespan": "362.277",
        "processing_time": "224.828"
      },
      "r766130": {
        "id": "r766130",
        "timestamp": "1687224429467",
        "success": "true",
        "load_time": "0.011",
        "makespan": "63.431",
        "processing_time": "2.224"
      },
      "r529013": {
        "id": "r529013",
        "timestamp": "1687224534536",
        "success": "true",
        "load_time": "0.011",
        "makespan": "108.455",
        "processing_time": "35.071"
      },
      "r584679": {
        "id": "r584679",
        "timestamp": "1687220596108",
        "success": "true",
        "load_time": "0.013",
        "makespan": "58.348",
        "processing_time": "13.676"
      },
      "r763255": {
        "id": "r763255",
        "timestamp": "1687233217258",
        "success": "true",
        "load_time": "0.022",
        "makespan": "251.602",
        "processing_time": "72.612"
      },
      "r739525": {
        "id": "r739525",
        "timestamp": "1687223280072",
        "success": "true",
        "load_time": "0.011",
        "makespan": "141.695",
        "processing_time": "77.425"
      },
      "r684201": {
        "id": "r684201",
        "timestamp": "1687220711145",
        "success": "true",
        "load_time": "0.013",
        "makespan": "77.903",
        "processing_time": "43.543"
      },
      "r780806": {
        "id": "r780806",
        "timestamp": "1687226073090",
        "success": "true",
        "load_time": "0.015",
        "makespan": "325.023",
        "processing_time": "184.549"
      },
      "r589074": {
        "id": "r589074",
        "timestamp": "1687224693637",
        "success": "true",
        "load_time": "0.011",
        "makespan": "63.118",
        "processing_time": "2.506"
      },
      "r497042": {
        "id": "r497042",
        "timestamp": "1687192027218",
        "success": "true",
        "load_time": "0.019",
        "makespan": "99.202",
        "processing_time": "4.161"
      },
      "r725414": {
        "id": "r725414",
        "timestamp": "1687192206235",
        "success": "true",
        "load_time": "0.019",
        "makespan": "5636.729",
        "processing_time": "5550.363"
      },
      "r693383": {
        "id": "r693383",
        "timestamp": "1687223654204",
        "success": "true",
        "load_time": "0.011",
        "makespan": "62.132",
        "processing_time": "2.008"
      },
      "r642119": {
        "id": "r642119",
        "timestamp": "1687232795167",
        "success": "true",
        "load_time": "0.022",
        "makespan": "245.589",
        "processing_time": "71.399"
      },
      "r743584": {
        "id": "r743584",
        "timestamp": "1687213557165",
        "success": "true",
        "load_time": "0.013",
        "makespan": "2143.828",
        "processing_time": "2101.614"
      },
      "r483400": {
        "id": "r483400",
        "timestamp": "1687221122383",
        "success": "true",
        "load_time": "0.013",
        "makespan": "35.473",
        "processing_time": "1.983"
      },
      "r637335": {
        "id": "r637335",
        "timestamp": "1687221575543",
        "success": "true",
        "load_time": "0.011",
        "makespan": "152.622",
        "processing_time": "3.468"
      },
      "r712348": {
        "id": "r712348",
        "timestamp": "1687223467129",
        "success": "true",
        "load_time": "0.011",
        "makespan": "141.625",
        "processing_time": "78.239"
      },
      "r463050": {
        "id": "r463050",
        "timestamp": "1687222595824",
        "success": "true",
        "load_time": "0.011",
        "makespan": "64.967",
        "processing_time": "2.466"
      }
    }
  }
}