{
  "id": "b462024",
  "specification": "1.0.0",
  "description": "Libgrape-lite LDBC Benchmark",
  "system": {
    "platform": {
      "name": "libgrape-gpu",
      "acronym": "libgrape",
      "version": "0.3.1",
      "link": "https://github.com/alibaba/libgrape-lite"
    },
    "environment": {
      "name": "ecs.ebmgn7e.32xlarge",
      "acronym": "ebmgn7e",
      "version": "1.0.0",
      "link": "https://help.aliyun.com/document_detail/25378.html?spm\u003d5176.2020520101.vmBInfo.instanceType.1a6a4df5XNaKP7#ebmgn7e",
      "machines": [
        {
          "quantity": "1",
          "cpu": "Intel(R) Xeon(R) Platinum 8369",
          "memory": "1056444788 kB",
          "network": "Mellanox Technologies MT2892",
          "storage": "HDD 2TB"
        }
      ]
    },
    "tool": {
      "graphalytics-core": {
        "name": "graphalytics-core",
        "version": "1.10.0",
        "link": "https://github.com/ldbc/ldbc_graphalytics"
      },
      "graphalytics-platforms-libgrape": {
        "name": "graphalytics-platforms-libgrape",
        "version": "0.4-SNAPSHOT",
        "link": "https://github.com/alibaba/libgrape-lite"
      }
    },
    "pricing": "456697"
  },
  "benchmark": {
    "type": "custom",
    "name": "Benchmark for dataset size S",
    "duration": "680539",
    "timeout": "900",
    "resources": {},
    "output": {
      "required": "-",
      "directory": "/mnt/nas/mengke/libgrape-lite-gpu/ldbc_driver/workspace/output"
    },
    "validation": {
      "required": "-",
      "directory": "/mnt/nas/mengke/libgrape-lite-gpu/ldbc_driver/workspace/graphs"
    },
    "configurations": {
      "graph.datagen-7_6-fb.sssp.source-vertex": "6",
      "graph.dota-league.sssp.weight-property": "weight",
      "graph.dota-league.edge-file": "dota-league.e",
      "graph.datagen-7_9-fb.meta.vertices": "1387587",
      "environment.machine.memory": "",
      "graph.datagen-7_6-fb.bfs.source-vertex": "6",
      "benchmark.type": "custom",
      "platform.run.gpu.enabled": "true",
      "graph.graph500-22.meta.vertices": "2396657",
      "graph.datagen-7_6-fb.pr.damping-factor": "0.85",
      "graph.datagen-7_9-fb.vertex-file": "datagen-7_9-fb.v",
      "graph.datagen-7_9-fb.meta.edges": "85670523",
      "environment.machine.quantity": "",
      "graph.datagen-7_5-fb.sssp.weight-property": "weight",
      "environment.machine.cpu": "",
      "graph.datagen-7_5-fb.pr.num-iterations": "10",
      "graph.datagen-7_6-fb.vertex-file": "datagen-7_6-fb.v",
      "environment.machine.storage": "",
      "graphs.validation-directory": "/mnt/nas/mengke/libgrape-lite-gpu/ldbc_driver/workspace/graphs",
      "graph.datagen-7_7-zf.sssp.weight-property": "weight",
      "benchmark.runner.max-memory": "",
      "environment.acronym": "",
      "graph.dota-league.meta.edges": "50870313",
      "graph.datagen-7_8-zf.meta.vertices": "16521886",
      "graph.dota-league.sssp.source-vertex": "287770",
      "graph.datagen-7_7-zf.meta.edges": "32791267",
      "graph.graph500-22.vertex-file": "graph500-22.v",
      "graph.datagen-7_9-fb.sssp.source-vertex": "6",
      "graph.datagen-7_7-zf.bfs.source-vertex": "6",
      "graph.datagen-7_6-fb.algorithms": "bfs",
      "graph.dota-league.cdlp.max-iterations": "10",
      "graph.datagen-7_8-zf.directed": "false",
      "graphs.names": "[graph500-22, dota-league, datagen-7_5-fb, datagen-7_6-fb, datagen-7_7-zf, datagen-7_8-zf, datagen-7_9-fb]",
      "graph.graph500-22.cdlp.max-iterations": "10",
      "graph.graph500-22.edge-file": "graph500-22.e",
      "graph.datagen-7_9-fb.pr.num-iterations": "10",
      "platform.libgrape.nodes": "127.0.0.1:8",
      "graph.dota-league.bfs.source-vertex": "287770",
      "graph.datagen-7_6-fb.sssp.weight-property": "weight",
      "graph.datagen-7_6-fb.edge-properties.names": "weight",
      "graph.datagen-7_7-zf.algorithms": "bfs",
      "graph.dota-league.edge-properties.names": "weight",
      "graph.datagen-7_6-fb.meta.vertices": "754147",
      "graph.datagen-7_8-zf.bfs.source-vertex": "6",
      "graph.graph500-22.directed": "false",
      "graph.datagen-7_9-fb.cdlp.max-iterations": "10",
      "graph.graph500-22.bfs.source-vertex": "248533",
      "benchmark.name": "Benchmark for dataset size S",
      "graph.datagen-7_7-zf.sssp.source-vertex": "6",
      "graph.datagen-7_8-zf.edge-properties.names": "weight",
      "benchmark.runner.port": "28938",
      "graph.datagen-7_9-fb.pr.damping-factor": "0.85",
      "benchmark.custom.timeout": "900",
      "graph.datagen-7_5-fb.bfs.source-vertex": "6",
      "graph.datagen-7_8-zf.algorithms": "bfs",
      "graph.datagen-7_5-fb.sssp.source-vertex": "6",
      "graph.datagen-7_8-zf.sssp.weight-property": "weight",
      "graph.datagen-7_5-fb.algorithms": "bfs",
      "platform.name": "libgrape-gpu",
      "graph.datagen-7_6-fb.edge-file": "datagen-7_6-fb.e",
      "graph.datagen-7_7-zf.directed": "false",
      "benchmark.description": "Libgrape-lite LDBC Benchmark",
      "graph.graph500-22.algorithms": "bfs",
      "graph.dota-league.meta.vertices": "61170",
      "benchmark.custom.validation-required": "true",
      "graph.datagen-7_7-zf.meta.vertices": "13180508",
      "graph.datagen-7_5-fb.meta.edges": "34185747",
      "graph.datagen-7_7-zf.vertex-file": "datagen-7_7-zf.v",
      "graph.datagen-7_8-zf.edge-file": "datagen-7_8-zf.e",
      "graph.datagen-7_7-zf.edge-properties.types": "real",
      "benchmark.custom.graphs": "datagen-7_7-zf",
      "benchmark.custom.algorithms": "BFS",
      "graph.datagen-7_5-fb.edge-properties.names": "weight",
      "graph.datagen-7_7-zf.edge-properties.names": "weight",
      "graph.dota-league.edge-properties.types": "real",
      "environment.machine.network": "",
      "platform.version": "0.3.1",
      "graph.datagen-7_9-fb.edge-properties.names": "weight",
      "graph.datagen-7_8-zf.pr.damping-factor": "0.85",
      "graph.datagen-7_9-fb.edge-properties.types": "real",
      "environment.name": "",
      "graphs.output-directory": "/mnt/nas/mengke/libgrape-lite-gpu/ldbc_driver/workspace/output",
      "environment.link": "",
      "graph.dota-league.pr.num-iterations": "10",
      "graph.datagen-7_6-fb.cdlp.max-iterations": "10",
      "graph.graph500-22.pr.damping-factor": "0.85",
      "graph.dota-league.vertex-file": "dota-league.v",
      "graph.datagen-7_7-zf.edge-file": "datagen-7_7-zf.e",
      "graph.datagen-7_8-zf.meta.edges": "41025255",
      "graph.graph500-22.meta.edges": "64155735",
      "graph.datagen-7_5-fb.directed": "false",
      "graph.datagen-7_7-zf.pr.damping-factor": "0.85",
      "graph.datagen-7_8-zf.edge-properties.types": "real",
      "platform.libgrape.home": "/mnt/nas/mengke/libgrape-lite-gpu",
      "graph.datagen-7_6-fb.directed": "false",
      "platform.link": "https://github.com/alibaba/libgrape-lite",
      "graph.datagen-7_9-fb.edge-file": "datagen-7_9-fb.e",
      "system.pricing": "",
      "benchmark.executor.port": "36514",
      "graph.datagen-7_8-zf.sssp.source-vertex": "6",
      "benchmark.custom.repetitions": "3",
      "graph.datagen-7_5-fb.vertex-file": "datagen-7_5-fb.v",
      "graph.graph500-22.pr.num-iterations": "10",
      "graph.dota-league.algorithms": "bfs",
      "graph.datagen-7_9-fb.sssp.weight-property": "weight",
      "graphs.root-directory": "/mnt/nas/mengke/libgrape-lite-gpu/ldbc_driver/workspace/graphs",
      "graph.dota-league.directed": "false",
      "graph.datagen-7_7-zf.pr.num-iterations": "10",
      "graph.dota-league.pr.damping-factor": "0.85",
      "graph.datagen-7_5-fb.meta.vertices": "633432",
      "graph.datagen-7_7-zf.cdlp.max-iterations": "10",
      "graph.datagen-7_5-fb.cdlp.max-iterations": "10",
      "graph.datagen-7_6-fb.edge-properties.types": "real",
      "graph.datagen-7_5-fb.edge-properties.types": "real",
      "graph.datagen-7_6-fb.meta.edges": "42162988",
      "benchmark.custom.output-required": "true",
      "graph.datagen-7_9-fb.bfs.source-vertex": "6",
      "graph.datagen-7_8-zf.cdlp.max-iterations": "10",
      "environment.version": "1.0.0",
      "graph.datagen-7_8-zf.pr.num-iterations": "10",
      "graph.datagen-7_9-fb.algorithms": "bfs",
      "graph.datagen-7_9-fb.directed": "false",
      "platform.acronym": "libgrape",
      "graph.datagen-7_6-fb.pr.num-iterations": "10",
      "graph.datagen-7_8-zf.vertex-file": "datagen-7_8-zf.v",
      "graph.datagen-7_5-fb.pr.damping-factor": "0.85",
      "graph.datagen-7_5-fb.edge-file": "datagen-7_5-fb.e"
    }
  },
  "result": {
    "experiments": {
      "e807973": {
        "id": "e807973",
        "type": "custom:exp",
        "jobs": [
          "j759934",
          "j823058",
          "j637835",
          "j650346",
          "j747583",
          "j703949"
        ]
      }
    },
    "jobs": {
      "j650346": {
        "id": "j650346",
        "algorithm": "BFS",
        "dataset": "datagen-7_7-zf",
        "scale": "1",
        "repetition": "3",
        "runs": [
          "r688486",
          "r562306",
          "r512224"
        ]
      },
      "j747583": {
        "id": "j747583",
        "algorithm": "LCC",
        "dataset": "datagen-7_7-zf",
        "scale": "1",
        "repetition": "3",
        "runs": [
          "r537378",
          "r916637",
          "r880773"
        ]
      },
      "j703949": {
        "id": "j703949",
        "algorithm": "WCC",
        "dataset": "datagen-7_7-zf",
        "scale": "1",
        "repetition": "3",
        "runs": [
          "r782798",
          "r472850",
          "r573757"
        ]
      },
      "j823058": {
        "id": "j823058",
        "algorithm": "SSSP",
        "dataset": "datagen-7_7-zf",
        "scale": "1",
        "repetition": "3",
        "runs": [
          "r675273",
          "r610609",
          "r489940"
        ]
      },
      "j637835": {
        "id": "j637835",
        "algorithm": "PR",
        "dataset": "datagen-7_7-zf",
        "scale": "1",
        "repetition": "3",
        "runs": [
          "r856706",
          "r566252",
          "r715759"
        ]
      },
      "j759934": {
        "id": "j759934",
        "algorithm": "CDLP",
        "dataset": "datagen-7_7-zf",
        "scale": "1",
        "repetition": "3",
        "runs": [
          "r490873",
          "r868153",
          "r766246"
        ]
      }
    },
    "runs": {
      "r489940": {
        "id": "r489940",
        "timestamp": "1705654018678",
        "success": "true",
        "load_time": "0.000",
        "makespan": "15.545",
        "processing_time": "0.010"
      },
      "r566252": {
        "id": "r566252",
        "timestamp": "1705653373298",
        "success": "true",
        "load_time": "0.000",
        "makespan": "14.776",
        "processing_time": "0.008"
      },
      "r490873": {
        "id": "r490873",
        "timestamp": "1705653498725",
        "success": "true",
        "load_time": "0.000",
        "makespan": "14.563",
        "processing_time": "0.082"
      },
      "r675273": {
        "id": "r675273",
        "timestamp": "1705653982502",
        "success": "true",
        "load_time": "0.000",
        "makespan": "15.142",
        "processing_time": "0.010"
      },
      "r610609": {
        "id": "r610609",
        "timestamp": "1705653947369",
        "success": "true",
        "load_time": "0.000",
        "makespan": "15.393",
        "processing_time": "0.010"
      },
      "r573757": {
        "id": "r573757",
        "timestamp": "1705653564995",
        "success": "true",
        "load_time": "0.000",
        "makespan": "14.304",
        "processing_time": "0.012"
      },
      "r856706": {
        "id": "r856706",
        "timestamp": "1705653688410",
        "success": "true",
        "load_time": "0.000",
        "makespan": "15.163",
        "processing_time": "0.008"
      },
      "r868153": {
        "id": "r868153",
        "timestamp": "1705653842967",
        "success": "true",
        "load_time": "0.000",
        "makespan": "14.214",
        "processing_time": "0.076"
      },
      "r512224": {
        "id": "r512224",
        "timestamp": "1705653531860",
        "success": "true",
        "load_time": "0.000",
        "makespan": "13.979",
        "processing_time": "0.008"
      },
      "r537378": {
        "id": "r537378",
        "timestamp": "1705653911235",
        "success": "true",
        "load_time": "0.000",
        "makespan": "16.323",
        "processing_time": "0.007"
      },
      "r880773": {
        "id": "r880773",
        "timestamp": "1705653408429",
        "success": "true",
        "load_time": "0.000",
        "makespan": "16.255",
        "processing_time": "0.007"
      },
      "r688486": {
        "id": "r688486",
        "timestamp": "1705653723552",
        "success": "true",
        "load_time": "0.000",
        "makespan": "14.153",
        "processing_time": "0.009"
      },
      "r472850": {
        "id": "r472850",
        "timestamp": "1705653444567",
        "success": "true",
        "load_time": "0.000",
        "makespan": "14.500",
        "processing_time": "0.012"
      },
      "r916637": {
        "id": "r916637",
        "timestamp": "1705653652271",
        "success": "true",
        "load_time": "0.000",
        "makespan": "16.228",
        "processing_time": "0.007"
      },
      "r782798": {
        "id": "r782798",
        "timestamp": "1705653789828",
        "success": "true",
        "load_time": "0.000",
        "makespan": "14.472",
        "processing_time": "0.011"
      },
      "r766246": {
        "id": "r766246",
        "timestamp": "1705653618134",
        "success": "true",
        "load_time": "0.000",
        "makespan": "14.979",
        "processing_time": "0.078"
      },
      "r562306": {
        "id": "r562306",
        "timestamp": "1705653756692",
        "success": "true",
        "load_time": "0.000",
        "makespan": "14.182",
        "processing_time": "0.008"
      },
      "r715759": {
        "id": "r715759",
        "timestamp": "1705653876104",
        "success": "true",
        "load_time": "0.000",
        "makespan": "14.806",
        "processing_time": "0.007"
      }
    }
  }
}
