{
  "id": "b590516",
  "specification": "1.0.0",
  "description": "Libgrape-lite LDBC Benchmark",
  "system": {
    "platform": {
      "name": "libgrape-gpu",
      "acronym": "libgrape",
      "version": "0.3.1",
      "link": "https://github.com/alibaba/libgrape-lite"
    },
    "environment": {
      "name": "ecs.ebmgn7e.32xlarge",
      "acronym": "ebmgn7e",
      "version": "1.0.0",
      "link": "https://www.alibabacloud.com/help/en/elastic-gpu-service/latest/gpu-accelerated-compute-optimized-instance-families#section-dem-yjl-04w",
      "machines": [
        {
          "quantity": "1",
          "cpu": "Intel(R) Xeon(R) Platinum 8369",
          "memory": "1056444788 kB",
          "network": "Mellanox Technologies MT2892",
          "storage": "HDD 2TB"
        }
      ]
    },
    "tool": {
      "graphalytics-core": {
        "name": "graphalytics-core",
        "version": "1.10.0",
        "link": "https://github.com/ldbc/ldbc_graphalytics"
      },
      "graphalytics-platforms-libgrape": {
        "name": "graphalytics-platforms-libgrape",
        "version": "0.4-SNAPSHOT",
        "link": "https://github.com/alibaba/libgrape-lite"
      }
    },
    "pricing": "456697"
  },
  "benchmark": {
    "type": "custom",
    "name": "Custom Benchmark",
    "duration": "12352150",
    "timeout": "9000",
    "resources": {},
    "output": {
      "required": "-",
      "directory": "/root/libgrape-lite/ldbc_driver/workspace/output"
    },
    "validation": {
      "required": "-",
      "directory": "/root/libgrape-lite/ldbc_driver/workspace/graphs"
    },
    "configurations": {
      "graph.test-cdlp-directed.directed": "true",
      "graph.datagen-8_9-fb.edge-properties.types": "real",
      "environment.machine.memory": "1056444788 kB",
      "graph.datagen-8_8-zf.sssp.source-vertex": "6",
      "graph.datagen-9_4-fb.sssp.weight-property": "weight",
      "graph.graph500-27.meta.vertices": "63081040",
      "graph.test-cdlp-directed.cdlp.max-iterations": "5",
      "graph.p2p-31.pr.num-iterations": "10",
      "graph.datagen-8_9-fb.sssp.source-vertex": "6",
      "graph.datagen-9_1-fb.meta.vertices": "16087483",
      "graph.graph500-22.meta.vertices": "2396657",
      "graph.p2p-31.edge-properties.names": "weight",
      "graph.test-pr-directed.edge-file": "test-pr-directed.e",
      "graph.com-friendster.cdlp.max-iterations": "10",
      "graph.com-friendster.bfs.source-vertex": "101",
      "graph.test-lcc-undirected.meta.vertices": "9",
      "environment.machine.quantity": "1",
      "environment.machine.storage": "HDD 2TB",
      "graph.datagen-8_7-zf.bfs.source-vertex": "6",
      "graph.graph500-29.pr.damping-factor": "0.85",
      "graphs.validation-directory": "/root/libgrape-lite/ldbc_driver/workspace/graphs",
      "benchmark.runner.max-memory": "",
      "graph.p2p-31.pr.damping-factor": "0.85",
      "graph.datagen-8_6-fb.algorithms": "bfs",
      "graph.datagen-8_7-zf.edge-properties.names": "weight",
      "graph.datagen-8_9-fb.pr.num-iterations": "10",
      "graph.datagen-sf3k-fb.pr.num-iterations": "10",
      "graph.p2p-31.sssp.weight-property": "weight",
      "graph.datagen-8_7-zf.vertex-file": "datagen-8_7-zf.v",
      "graph.datagen-8_8-zf.meta.vertices": "168308893",
      "graph.graph500-28.pr.damping-factor": "0.85",
      "graph.datagen-9_2-zf.vertex-file": "datagen-9_2-zf.v",
      "graph.datagen-8_7-zf.meta.vertices": "145050709",
      "graph.datagen-8_6-fb.meta.edges": "421988619",
      "graph.datagen-sf3k-fb.pr.damping-factor": "0.85",
      "graph.datagen-8_5-fb.sssp.source-vertex": "6",
      "graph.datagen-8_8-zf.edge-properties.types": "real",
      "graph.datagen-8_9-fb.meta.vertices": "10572901",
      "graph.p2p-31.sssp.source-vertex": "6",
      "platform.libgrape.serialization": "/#/mnt/serial",
      "graph.graph500-22.cdlp.max-iterations": "10",
      "graph.graph500-22.edge-file": "graph500-22.e",
      "graph.datagen-8_9-fb.pr.damping-factor": "0.85",
      "platform.libgrape.HashPartitioner": "twitter_mpi",
      "graph.graph500-27.pr.damping-factor": "0.85",
      "graph.datagen-9_4-fb.edge-properties.types": "real",
      "graph.datagen-sf10k-fb.directed": "false",
      "graph.test-lcc-undirected.meta.edges": "12",
      "graph.graph500-28.pr.num-iterations": "10",
      "graph.twitter_mpi.cdlp.max-iterations": "10",
      "graph.datagen-8_5-fb.meta.edges": "332026902",
      "graph.graph500-22.bfs.source-vertex": "248533",
      "graph.datagen-8_6-fb.sssp.weight-property": "weight",
      "benchmark.name": "Custom Benchmark",
      "graph.p2p-31.edge-file": "p2p-31.e",
      "graph.test-lcc-directed.meta.edges": "17",
      "graph.test-cdlp-directed.meta.vertices": "8",
      "graph.datagen-9_1-fb.edge-properties.types": "real",
      "graph.datagen-sf10k-fb.algorithms": "bfs",
      "graph.datagen-8_5-fb.vertex-file": "datagen-8_5-fb.v",
      "graph.datagen-sf10k-fb.vertex-file": "datagen-sf10k-fb.v",
      "graph.datagen-sf10k-fb.edge-properties.types": "real",
      "graph.datagen-8_9-fb.cdlp.max-iterations": "10",
      "graph.test-pr-directed.vertex-file": "test-pr-directed.v",
      "graph.com-friendster.meta.edges": "1806067135",
      "graph.graph500-26.meta.vertices": "32804978",
      "graph.datagen-8_5-fb.edge-properties.names": "weight",
      "benchmark.custom.timeout": "9000",
      "graph.datagen-9_0-fb.edge-file": "datagen-9_0-fb.e",
      "graph.datagen-9_2-zf.sssp.weight-property": "weight",
      "graph.datagen-8_8-zf.meta.edges": "413354288",
      "graph.datagen-9_2-zf.sssp.source-vertex": "6",
      "graph.test-sssp-directed.meta.vertices": "10",
      "graph.datagen-9_1-fb.cdlp.max-iterations": "10",
      "graph.graph500-25.pr.damping-factor": "0.85",
      "platform.name": "libgrape-gpu",
      "graph.datagen-8_8-zf.bfs.source-vertex": "6",
      "graph.test-wcc-directed.meta.edges": "10",
      "graph.datagen-9_2-zf.bfs.source-vertex": "6",
      "graph.graph500-25.edge-file": "graph500-25.e",
      "graph.datagen-sf10k-fb.cdlp.max-iterations": "10",
      "graph.test-bfs-directed.meta.vertices": "10",
      "graph.test-pr-directed.algorithms": "pr",
      "graph.datagen-9_4-fb.sssp.source-vertex": "6",
      "graph.test-sssp-directed.sssp.weight-property": "weight",
      "graph.test-pr-directed.pr.damping-factor": "0.85",
      "graph.graph500-26.meta.edges": "1051922853",
      "graph.datagen-9_2-zf.pr.damping-factor": "0.85",
      "graph.datagen-9_3-zf.pr.num-iterations": "10",
      "graph.datagen-9_3-zf.edge-properties.types": "real",
      "graph.graph500-25.cdlp.max-iterations": "10",
      "graph.graph500-28.meta.vertices": "121242388",
      "graph.test-bfs-directed.meta.edges": "17",
      "graph.datagen-9_4-fb.cdlp.max-iterations": "10",
      "graph.datagen-9_1-fb.algorithms": "bfs",
      "graph.datagen-8_9-fb.vertex-file": "datagen-8_9-fb.v",
      "benchmark.custom.algorithms": "lcc",
      "graph.test-wcc-directed.vertex-file": "test-wcc-directed.v",
      "graph.datagen-9_3-zf.bfs.source-vertex": "6",
      "graph.twitter_mpi.meta.edges": "1963263508",
      "graph.graph500-27.pr.num-iterations": "10",
      "graph.datagen-9_4-fb.edge-properties.names": "weight",
      "graph.datagen-9_3-zf.vertex-file": "datagen-9_3-zf.v",
      "graph.datagen-9_4-fb.vertex-file": "datagen-9_4-fb.v",
      "graph.datagen-8_9-fb.sssp.weight-property": "weight",
      "graph.datagen-9_2-zf.directed": "false",
      "graph.test-lcc-undirected.directed": "false",
      "graph.datagen-9_2-zf.edge-file": "datagen-9_2-zf.e",
      "graph.graph500-26.cdlp.max-iterations": "10",
      "graph.datagen-9_3-zf.edge-file": "datagen-9_3-zf.e",
      "graph.datagen-sf3k-fb.algorithms": "bfs",
      "graph.graph500-26.bfs.source-vertex": "62455266",
      "graph.datagen-9_2-zf.cdlp.max-iterations": "10",
      "graph.graph500-26.algorithms": "bfs",
      "graph.datagen-8_5-fb.algorithms": "bfs",
      "environment.name": "ecs.ebmgn7e.32xlarge",
      "graphs.output-directory": "/root/libgrape-lite/ldbc_driver/workspace/output",
      "graph.test-bfs-directed.algorithms": "bfs",
      "graph.datagen-9_4-fb.meta.vertices": "29310565",
      "graph.datagen-sf3k-fb.meta.edges": "2912009743",
      "graph.datagen-sf3k-fb.edge-properties.names": "weight",
      "graph.graph500-27.bfs.source-vertex": "0",
      "graph.test-sssp-directed.vertex-file": "test-sssp-directed.v",
      "graph.datagen-8_5-fb.pr.num-iterations": "10",
      "graph.graph500-27.cdlp.max-iterations": "10",
      "graph.test-bfs-directed.bfs.source-vertex": "1",
      "graph.graph500-22.pr.damping-factor": "0.85",
      "graph.twitter_mpi.algorithms": "bfs",
      "graph.datagen-sf3k-fb.bfs.source-vertex": "933",
      "graph.graph500-29.edge-file": "graph500-29.e",
      "graph.graph500-22.meta.edges": "64155735",
      "graph.test-cdlp-directed.edge-file": "test-cdlp-directed.e",
      "graph.p2p-31.meta.vertices": "62586",
      "graph.datagen-9_2-zf.meta.vertices": "434943376",
      "graph.graph500-28.directed": "false",
      "graph.graph500-25.directed": "false",
      "graph.datagen-9_1-fb.pr.num-iterations": "10",
      "graph.datagen-sf10k-fb.pr.num-iterations": "10",
      "graph.datagen-sf10k-fb.sssp.source-vertex": "6",
      "graph.datagen-8_8-zf.pr.damping-factor": "0.85",
      "graph.twitter_mpi.bfs.source-vertex": "420",
      "graph.datagen-8_6-fb.sssp.source-vertex": "6",
      "graph.graph500-28.cdlp.max-iterations": "10",
      "graph.graph500-28.algorithms": "bfs",
      "graph.datagen-8_9-fb.bfs.source-vertex": "6",
      "graph.datagen-9_0-fb.edge-properties.names": "weight",
      "graph.datagen-sf3k-fb.meta.vertices": "33484375",
      "graph.datagen-9_3-zf.edge-properties.names": "weight",
      "graph.twitter_mpi.edge-file": "twitter_mpi.e",
      "graph.datagen-8_5-fb.directed": "false",
      "graph.datagen-8_9-fb.directed": "false",
      "graph.graph500-26.pr.damping-factor": "0.85",
      "graph.datagen-8_5-fb.cdlp.max-iterations": "10",
      "graph.graph500-29.meta.vertices": "232999630",
      "graph.datagen-sf3k-fb.edge-file": "datagen-sf3k-fb.e",
      "graph.datagen-9_0-fb.vertex-file": "datagen-9_0-fb.v",
      "graph.datagen-9_1-fb.sssp.source-vertex": "6",
      "graph.graph500-29.cdlp.max-iterations": "10",
      "graph.datagen-9_0-fb.pr.damping-factor": "0.85",
      "graph.datagen-8_6-fb.vertex-file": "datagen-8_6-fb.v",
      "graph.datagen-8_6-fb.pr.damping-factor": "0.85",
      "platform.acronym": "libgrape",
      "graph.datagen-8_8-zf.cdlp.max-iterations": "10",
      "graph.test-bfs-directed.directed": "true",
      "graph.test-pr-directed.meta.vertices": "50",
      "graph.test-sssp-directed.sssp.source-vertex": "1",
      "graph.datagen-8_7-zf.edge-properties.types": "real",
      "graph.test-lcc-directed.vertex-file": "test-lcc-directed.v",
      "graph.test-cdlp-directed.algorithms": "cdlp",
      "graph.datagen-8_6-fb.cdlp.max-iterations": "10",
      "graph.com-friendster.edge-file": "com-friendster.e",
      "graph.p2p-31.meta.edges": "147892",
      "graph.graph500-25.vertex-file": "graph500-25.v",
      "graph.graph500-26.vertex-file": "graph500-26.v",
      "graph.test-sssp-directed.edge-properties.names": "weight",
      "graph.graph500-27.algorithms": "bfs",
      "benchmark.type": "custom",
      "platform.run.gpu.enabled": "true",
      "graph.com-friendster.pr.damping-factor": "0.85",
      "graph.datagen-9_0-fb.algorithms": "bfs",
      "graph.graph500-28.vertex-file": "graph500-28.v",
      "graph.datagen-9_1-fb.directed": "false",
      "graph.datagen-9_3-zf.meta.edges": "1309998551",
      "graph.datagen-8_7-zf.sssp.source-vertex": "6",
      "graph.graph500-27.vertex-file": "graph500-27.v",
      "graph.graph500-29.vertex-file": "graph500-29.v",
      "graph.test-wcc-directed.meta.vertices": "8",
      "graph.datagen-8_6-fb.meta.vertices": "5667674",
      "graph.datagen-8_5-fb.edge-properties.types": "real",
      "graph.test-cdlp-directed.vertex-file": "test-cdlp-directed.v",
      "graph.datagen-9_4-fb.directed": "false",
      "environment.machine.cpu": "Intel(R) Xeon(R) Platinum 8369",
      "graph.test-bfs-directed.vertex-file": "test-bfs-directed.v",
      "graph.test-cdlp-directed.meta.edges": "18",
      "environment.acronym": "ebmgn7e",
      "graph.datagen-9_0-fb.cdlp.max-iterations": "10",
      "graph.datagen-sf3k-fb.edge-properties.types": "real",
      "graph.test-lcc-directed.directed": "true",
      "graph.p2p-31.bfs.source-vertex": "6",
      "graph.datagen-8_7-zf.pr.num-iterations": "10",
      "graph.datagen-9_0-fb.meta.edges": "1049527225",
      "graph.datagen-8_7-zf.edge-file": "datagen-8_7-zf.e",
      "graph.graph500-28.meta.edges": "4236163958",
      "graph.datagen-8_8-zf.edge-file": "datagen-8_8-zf.e",
      "graph.datagen-9_2-zf.edge-properties.types": "real",
      "graph.datagen-sf3k-fb.sssp.weight-property": "weight",
      "graph.datagen-sf3k-fb.vertex-file": "datagen-sf3k-fb.v",
      "graph.graph500-27.meta.edges": "2111642032",
      "graph.graph500-22.vertex-file": "graph500-22.v",
      "graph.datagen-9_0-fb.sssp.source-vertex": "6",
      "graph.datagen-9_1-fb.bfs.source-vertex": "6",
      "graph.graph500-25.meta.vertices": "17062472",
      "graph.p2p-31.edge-properties.types": "real",
      "graph.datagen-9_3-zf.sssp.weight-property": "weight",
      "graphs.names": "[p2p-31, graph500-22, test-lcc-undirected, graph500-25, graph500-26, graph500-27, graph500-28, graph500-29, datagen-8_5-fb, datagen-8_6-fb, datagen-8_7-zf, datagen-8_8-zf, datagen-8_9-fb, datagen-9_0-fb, datagen-9_1-fb, datagen-9_2-zf, datagen-9_3-zf, datagen-9_4-fb, datagen-sf3k-fb, datagen-sf10k-fb, com-friendster, twitter_mpi, test-cdlp-directed, test-lcc-directed, test-pr-directed, test-sssp-directed, test-wcc-directed, test-bfs-directed]",
      "graph.test-lcc-directed.edge-file": "test-lcc-directed.e",
      "graph.datagen-8_5-fb.bfs.source-vertex": "6",
      "graph.twitter_mpi.pr.damping-factor": "0.85",
      "graph.datagen-9_0-fb.sssp.weight-property": "weight",
      "platform.libgrape.nodes": "127.0.0.1",
      "graph.datagen-9_3-zf.cdlp.max-iterations": "10",
      "graph.test-wcc-directed.directed": "true",
      "graph.datagen-8_9-fb.edge-properties.names": "weight",
      "platform.libgrape.serializationSSSP": "/#/mnt/serial-sssp",
      "graph.datagen-8_7-zf.meta.edges": "340157363",
      "graph.test-lcc-undirected.edge-file": "test-lcc-undirected.e",
      "graph.graph500-22.directed": "false",
      "graph.com-friendster.meta.vertices": "65608366",
      "graph.datagen-8_8-zf.directed": "false",
      "graph.datagen-8_9-fb.algorithms": "bfs",
      "graph.datagen-8_7-zf.directed": "false",
      "graph.p2p-31.algorithms": "bfs",
      "graph.datagen-8_6-fb.edge-properties.names": "weight",
      "graph.datagen-8_6-fb.bfs.source-vertex": "6",
      "graph.datagen-9_4-fb.edge-file": "datagen-9_4-fb.e",
      "graph.graph500-28.edge-file": "graph500-28.e",
      "graph.com-friendster.pr.num-iterations": "10",
      "graph.graph500-29.directed": "false",
      "graph.twitter_mpi.pr.num-iterations": "10",
      "benchmark.runner.port": "14671",
      "graph.datagen-9_0-fb.bfs.source-vertex": "6",
      "graph.datagen-sf3k-fb.directed": "false",
      "graph.datagen-8_8-zf.sssp.weight-property": "weight",
      "graph.graph500-29.bfs.source-vertex": "0",
      "graph.datagen-9_0-fb.edge-properties.types": "real",
      "graph.datagen-8_5-fb.edge-file": "datagen-8_5-fb.e",
      "graph.datagen-8_5-fb.sssp.weight-property": "weight",
      "graph.test-lcc-directed.meta.vertices": "10",
      "graph.datagen-sf10k-fb.sssp.weight-property": "weight",
      "graph.com-friendster.directed": "false",
      "graph.datagen-9_1-fb.vertex-file": "datagen-9_1-fb.v",
      "graph.datagen-9_2-zf.meta.edges": "1042340732",
      "benchmark.description": "Libgrape-lite LDBC Benchmark",
      "graph.datagen-sf10k-fb.bfs.source-vertex": "933",
      "graph.test-pr-directed.pr.num-iterations": "14",
      "graph.graph500-22.algorithms": "bfs",
      "graph.test-sssp-directed.algorithms": "sssp",
      "graph.p2p-31.directed": "false",
      "benchmark.custom.validation-required": "true",
      "graph.graph500-29.meta.edges": "8493569115",
      "graph.datagen-9_4-fb.pr.num-iterations": "10",
      "graph.datagen-9_0-fb.meta.vertices": "12857671",
      "graph.datagen-8_5-fb.meta.vertices": "4599739",
      "graph.graph500-25.bfs.source-vertex": "24460635",
      "graph.test-sssp-directed.edge-file": "test-sssp-directed.e",
      "graph.graph500-27.edge-file": "graph500-27.e",
      "graph.datagen-9_1-fb.edge-properties.names": "weight",
      "graph.datagen-9_2-zf.pr.num-iterations": "10",
      "graph.graph500-27.directed": "false",
      "graph.datagen-sf3k-fb.cdlp.max-iterations": "10",
      "graph.datagen-8_7-zf.sssp.weight-property": "weight",
      "graph.datagen-8_8-zf.algorithms": "bfs",
      "graph.graph500-25.pr.num-iterations": "10",
      "benchmark.custom.graphs": "graph500-25",
      "graph.test-sssp-directed.meta.edges": "13",
      "graph.test-pr-directed.directed": "true",
      "graph.datagen-8_9-fb.edge-file": "datagen-8_9-fb.e",
      "graph.datagen-sf3k-fb.sssp.source-vertex": "6",
      "graph.datagen-8_7-zf.cdlp.max-iterations": "10",
      "graph.datagen-9_4-fb.pr.damping-factor": "0.85",
      "graph.datagen-9_2-zf.edge-properties.names": "weight",
      "graph.datagen-9_4-fb.algorithms": "bfs",
      "environment.machine.network": "Mellanox Technologies MT2892",
      "graph.twitter_mpi.vertex-file": "twitter_mpi.v",
      "platform.version": "0.3.1",
      "graph.datagen-9_3-zf.pr.damping-factor": "0.85",
      "graph.graph500-26.edge-file": "graph500-26.e",
      "graph.datagen-8_8-zf.vertex-file": "datagen-8_8-zf.v",
      "graph.datagen-9_1-fb.meta.edges": "1342158397",
      "graph.datagen-9_3-zf.directed": "false",
      "graph.graph500-25.algorithms": "bfs",
      "graph.p2p-31.cdlp.max-iterations": "10",
      "graph.test-lcc-undirected.algorithms": "lcc",
      "graph.p2p-31.vertex-file": "p2p-31.v",
      "graph.datagen-8_8-zf.edge-properties.names": "weight",
      "graph.datagen-sf10k-fb.meta.vertices": "100218750",
      "graph.datagen-9_1-fb.sssp.weight-property": "weight",
      "graph.graph500-26.pr.num-iterations": "10",
      "graph.test-lcc-undirected.vertex-file": "test-lcc-undirected.v",
      "graph.graph500-26.directed": "false",
      "environment.link": "https://www.alibabacloud.com/help/en/elastic-gpu-service/latest/gpu-accelerated-compute-optimized-instance-families#section-dem-yjl-04w",
      "graph.test-bfs-directed.edge-file": "test-bfs-directed.e",
      "graph.datagen-9_3-zf.meta.vertices": "555270053",
      "graph.graph500-28.bfs.source-vertex": "0",
      "graph.datagen-9_3-zf.algorithms": "bfs",
      "graph.datagen-9_4-fb.meta.edges": "2588948669",
      "platform.libgrape.home": "/root/libgrape-lite",
      "graph.twitter_mpi.directed": "true",
      "platform.link": "https://github.com/alibaba/libgrape-lite",
      "graph.datagen-9_1-fb.pr.damping-factor": "0.85",
      "graph.datagen-sf10k-fb.pr.damping-factor": "0.85",
      "system.pricing": "456697",
      "benchmark.executor.port": "16540",
      "benchmark.custom.repetitions": "3",
      "graph.datagen-8_5-fb.pr.damping-factor": "0.85",
      "graph.graph500-22.pr.num-iterations": "10",
      "graph.datagen-8_6-fb.edge-file": "datagen-8_6-fb.e",
      "graph.datagen-8_6-fb.edge-properties.types": "real",
      "graphs.root-directory": "/root/libgrape-lite/ldbc_driver/workspace/graphs",
      "graph.com-friendster.vertex-file": "com-friendster.v",
      "graph.graph500-25.meta.edges": "523602831",
      "graph.test-lcc-directed.algorithms": "lcc",
      "graph.test-pr-directed.meta.edges": "246",
      "graph.test-sssp-directed.directed": "true",
      "graph.twitter_mpi.meta.vertices": "52579678",
      "graph.datagen-8_6-fb.pr.num-iterations": "10",
      "graph.test-sssp-directed.edge-properties.types": "real",
      "graph.test-wcc-directed.edge-file": "test-wcc-directed.e",
      "graph.test-wcc-directed.algorithms": "wcc",
      "graph.datagen-8_6-fb.directed": "false",
      "graph.datagen-9_2-zf.algorithms": "bfs",
      "graph.datagen-9_0-fb.pr.num-iterations": "10",
      "graph.graph500-29.algorithms": "bfs",
      "graph.datagen-8_7-zf.pr.damping-factor": "0.85",
      "graph.datagen-8_8-zf.pr.num-iterations": "10",
      "graph.datagen-9_1-fb.edge-file": "datagen-9_1-fb.e",
      "graph.datagen-8_9-fb.meta.edges": "848681908",
      "graph.datagen-9_0-fb.directed": "false",
      "benchmark.custom.output-required": "true",
      "graph.datagen-sf10k-fb.edge-properties.names": "weight",
      "environment.version": "1.0.0",
      "graph.graph500-29.pr.num-iterations": "10",
      "graph.datagen-9_4-fb.bfs.source-vertex": "6",
      "graph.com-friendster.algorithms": "bfs",
      "graph.datagen-9_3-zf.sssp.source-vertex": "6",
      "graph.datagen-sf10k-fb.edge-file": "datagen-sf10k-fb.e",
      "graph.datagen-8_7-zf.algorithms": "bfs",
      "graph.datagen-sf10k-fb.meta.edges": "9404822538"
    }
  },
  "result": {
    "experiments": {
      "e744692": {
        "id": "e744692",
        "type": "custom:exp",
        "jobs": [
          "j638651",
          "j901458",
          "j887171",
          "j506797",
          "j606919",
          "j562480",
          "j576445",
          "j647788",
          "j888267",
          "j513373",
          "j559842",
          "j648995",
          "j511102",
          "j463290",
          "j782904",
          "j490662",
          "j752813",
          "j762097",
          "j887240",
          "j687036",
          "j532031",
          "j805867",
          "j795098",
          "j824990",
          "j788906",
          "j511388",
          "j894773",
          "j815305",
          "j893270",
          "j582499",
          "j515625",
          "j694386",
          "j578825",
          "j542994",
          "j866747"
        ]
      }
    },
    "jobs": {
      "j752813": {
        "id": "j752813",
        "algorithm": "SSSP",
        "dataset": "datagen-8_6-fb",
        "scale": "1",
        "repetition": "3",
        "runs": [
          "r697184",
          "r561542",
          "r628816"
        ]
      },
      "j687036": {
        "id": "j687036",
        "algorithm": "BFS",
        "dataset": "datagen-8_8-zf",
        "scale": "1",
        "repetition": "3",
        "runs": [
          "r742267",
          "r499168",
          "r873154"
        ]
      },
      "j463290": {
        "id": "j463290",
        "algorithm": "SSSP",
        "dataset": "datagen-8_8-zf",
        "scale": "1",
        "repetition": "3",
        "runs": [
          "r827454",
          "r569356",
          "r887967"
        ]
      },
      "j887171": {
        "id": "j887171",
        "algorithm": "PR",
        "dataset": "datagen-8_8-zf",
        "scale": "1",
        "repetition": "3",
        "runs": [
          "r860799",
          "r519441",
          "r506922"
        ]
      },
      "j788906": {
        "id": "j788906",
        "algorithm": "CDLP",
        "dataset": "datagen-8_5-fb",
        "scale": "1",
        "repetition": "3",
        "runs": [
          "r533946",
          "r792830",
          "r914493"
        ]
      },
      "j513373": {
        "id": "j513373",
        "algorithm": "LCC",
        "dataset": "datagen-8_9-fb",
        "scale": "1",
        "repetition": "3",
        "runs": [
          "r812512",
          "r753269",
          "r698578"
        ]
      },
      "j782904": {
        "id": "j782904",
        "algorithm": "SSSP",
        "dataset": "datagen-8_9-fb",
        "scale": "1",
        "repetition": "3",
        "runs": [
          "r665408",
          "r631462",
          "r624793"
        ]
      },
      "j532031": {
        "id": "j532031",
        "algorithm": "BFS",
        "dataset": "datagen-8_9-fb",
        "scale": "1",
        "repetition": "3",
        "runs": [
          "r913879",
          "r899119",
          "r551203"
        ]
      },
      "j562480": {
        "id": "j562480",
        "algorithm": "PR",
        "dataset": "datagen-8_6-fb",
        "scale": "1",
        "repetition": "3",
        "runs": [
          "r656012",
          "r467318",
          "r762059"
        ]
      },
      "j542994": {
        "id": "j542994",
        "algorithm": "WCC",
        "dataset": "datagen-8_7-zf",
        "scale": "1",
        "repetition": "3",
        "runs": [
          "r721996",
          "r825629",
          "r731077"
        ]
      },
      "j901458": {
        "id": "j901458",
        "algorithm": "PR",
        "dataset": "datagen-8_5-fb",
        "scale": "1",
        "repetition": "3",
        "runs": [
          "r733330",
          "r794407",
          "r494646"
        ]
      },
      "j887240": {
        "id": "j887240",
        "algorithm": "BFS",
        "dataset": "datagen-8_5-fb",
        "scale": "1",
        "repetition": "3",
        "runs": [
          "r494185",
          "r567812",
          "r559982"
        ]
      },
      "j894773": {
        "id": "j894773",
        "algorithm": "CDLP",
        "dataset": "datagen-8_9-fb",
        "scale": "1",
        "repetition": "3",
        "runs": [
          "r485515",
          "r474429",
          "r588283"
        ]
      },
      "j762097": {
        "id": "j762097",
        "algorithm": "BFS",
        "dataset": "graph500-25",
        "scale": "1",
        "repetition": "3",
        "runs": [
          "r517350",
          "r662712",
          "r751013"
        ]
      },
      "j866747": {
        "id": "j866747",
        "algorithm": "WCC",
        "dataset": "datagen-8_6-fb",
        "scale": "1",
        "repetition": "3",
        "runs": [
          "r527415",
          "r493396",
          "r464332"
        ]
      },
      "j582499": {
        "id": "j582499",
        "algorithm": "WCC",
        "dataset": "graph500-25",
        "scale": "1",
        "repetition": "3",
        "runs": [
          "r708653",
          "r726374",
          "r761040"
        ]
      },
      "j694386": {
        "id": "j694386",
        "algorithm": "WCC",
        "dataset": "datagen-8_8-zf",
        "scale": "1",
        "repetition": "3",
        "runs": [
          "r686661",
          "r845504",
          "r597552"
        ]
      },
      "j638651": {
        "id": "j638651",
        "algorithm": "PR",
        "dataset": "graph500-25",
        "scale": "1",
        "repetition": "3",
        "runs": [
          "r827534",
          "r621282",
          "r481555"
        ]
      },
      "j511102": {
        "id": "j511102",
        "algorithm": "SSSP",
        "dataset": "datagen-8_5-fb",
        "scale": "1",
        "repetition": "3",
        "runs": [
          "r806797",
          "r499399",
          "r727041"
        ]
      },
      "j511388": {
        "id": "j511388",
        "algorithm": "CDLP",
        "dataset": "datagen-8_8-zf",
        "scale": "1",
        "repetition": "3",
        "runs": [
          "r684024",
          "r710937",
          "r661966"
        ]
      },
      "j506797": {
        "id": "j506797",
        "algorithm": "PR",
        "dataset": "datagen-8_9-fb",
        "scale": "1",
        "repetition": "3",
        "runs": [
          "r831420",
          "r804020",
          "r581177"
        ]
      },
      "j805867": {
        "id": "j805867",
        "algorithm": "BFS",
        "dataset": "datagen-8_7-zf",
        "scale": "1",
        "repetition": "3",
        "runs": [
          "r614882",
          "r666892",
          "r695055"
        ]
      },
      "j815305": {
        "id": "j815305",
        "algorithm": "CDLP",
        "dataset": "datagen-8_7-zf",
        "scale": "1",
        "repetition": "3",
        "runs": [
          "r708484",
          "r506196",
          "r921314"
        ]
      },
      "j578825": {
        "id": "j578825",
        "algorithm": "WCC",
        "dataset": "datagen-8_9-fb",
        "scale": "1",
        "repetition": "3",
        "runs": [
          "r883813",
          "r647420",
          "r638386"
        ]
      },
      "j559842": {
        "id": "j559842",
        "algorithm": "LCC",
        "dataset": "datagen-8_7-zf",
        "scale": "1",
        "repetition": "3",
        "runs": [
          "r503098",
          "r484596",
          "r490034"
        ]
      },
      "j795098": {
        "id": "j795098",
        "algorithm": "BFS",
        "dataset": "datagen-8_6-fb",
        "scale": "1",
        "repetition": "3",
        "runs": [
          "r888280",
          "r774106",
          "r509578"
        ]
      },
      "j576445": {
        "id": "j576445",
        "algorithm": "LCC",
        "dataset": "graph500-25",
        "scale": "1",
        "repetition": "3",
        "runs": [
          "r518815",
          "r777310",
          "r578753"
        ]
      },
      "j648995": {
        "id": "j648995",
        "algorithm": "LCC",
        "dataset": "datagen-8_6-fb",
        "scale": "1",
        "repetition": "3",
        "runs": [
          "r489796",
          "r515863",
          "r749898"
        ]
      },
      "j888267": {
        "id": "j888267",
        "algorithm": "LCC",
        "dataset": "datagen-8_8-zf",
        "scale": "1",
        "repetition": "3",
        "runs": [
          "r732633",
          "r599822",
          "r485259"
        ]
      },
      "j606919": {
        "id": "j606919",
        "algorithm": "PR",
        "dataset": "datagen-8_7-zf",
        "scale": "1",
        "repetition": "3",
        "runs": [
          "r594789",
          "r516688",
          "r827322"
        ]
      },
      "j647788": {
        "id": "j647788",
        "algorithm": "LCC",
        "dataset": "datagen-8_5-fb",
        "scale": "1",
        "repetition": "3",
        "runs": [
          "r869143",
          "r551623",
          "r564864"
        ]
      },
      "j515625": {
        "id": "j515625",
        "algorithm": "WCC",
        "dataset": "datagen-8_5-fb",
        "scale": "1",
        "repetition": "3",
        "runs": [
          "r641203",
          "r647081",
          "r647411"
        ]
      },
      "j490662": {
        "id": "j490662",
        "algorithm": "SSSP",
        "dataset": "datagen-8_7-zf",
        "scale": "1",
        "repetition": "3",
        "runs": [
          "r611006",
          "r619364",
          "r880210"
        ]
      },
      "j893270": {
        "id": "j893270",
        "algorithm": "CDLP",
        "dataset": "datagen-8_6-fb",
        "scale": "1",
        "repetition": "3",
        "runs": [
          "r620790",
          "r748568",
          "r871638"
        ]
      },
      "j824990": {
        "id": "j824990",
        "algorithm": "CDLP",
        "dataset": "graph500-25",
        "scale": "1",
        "repetition": "3",
        "runs": [
          "r610762",
          "r781411",
          "r592694"
        ]
      }
    },
    "runs": {
      "r599822": {
        "id": "r599822",
        "timestamp": "1687273992284",
        "success": "true",
        "load_time": "0.000",
        "makespan": "158.030",
        "processing_time": "0.086"
      },
      "r527415": {
        "id": "r527415",
        "timestamp": "1687281809437",
        "success": "true",
        "load_time": "0.000",
        "makespan": "17.888",
        "processing_time": "0.016"
      },
      "r494646": {
        "id": "r494646",
        "timestamp": "1687271214953",
        "success": "true",
        "load_time": "0.000",
        "makespan": "16.902",
        "processing_time": "0.027"
      },
      "r742267": {
        "id": "r742267",
        "timestamp": "1687275455452",
        "success": "true",
        "load_time": "0.000",
        "makespan": "153.872",
        "processing_time": "0.032"
      },
      "r485259": {
        "id": "r485259",
        "timestamp": "1687271889081",
        "success": "true",
        "load_time": "0.000",
        "makespan": "157.289",
        "processing_time": "0.087"
      },
      "r493396": {
        "id": "r493396",
        "timestamp": "1687282034540",
        "success": "true",
        "load_time": "0.000",
        "makespan": "18.117",
        "processing_time": "0.016"
      },
      "r621282": {
        "id": "r621282",
        "timestamp": "1687270360626",
        "success": "true",
        "load_time": "0.000",
        "makespan": "29.075",
        "processing_time": "0.098"
      },
      "r641203": {
        "id": "r641203",
        "timestamp": "1687270915809",
        "success": "true",
        "load_time": "0.000",
        "makespan": "16.892",
        "processing_time": "0.014"
      },
      "r624793": {
        "id": "r624793",
        "timestamp": "1687277131805",
        "success": "true",
        "load_time": "0.000",
        "makespan": "74.385",
        "processing_time": "0.020"
      },
      "r888280": {
        "id": "r888280",
        "timestamp": "1687281776422",
        "success": "true",
        "load_time": "0.000",
        "makespan": "18.833",
        "processing_time": "0.007"
      },
      "r467318": {
        "id": "r467318",
        "timestamp": "1687282001515",
        "success": "true",
        "load_time": "0.000",
        "makespan": "17.809",
        "processing_time": "0.035"
      },
      "r665408": {
        "id": "r665408",
        "timestamp": "1687277268839",
        "success": "true",
        "load_time": "0.000",
        "makespan": "27.999",
        "processing_time": "0.021"
      },
      "r490034": {
        "id": "r490034",
        "timestamp": "1687277957922",
        "success": "true",
        "load_time": "0.000",
        "makespan": "145.233",
        "processing_time": "0.072"
      },
      "r533946": {
        "id": "r533946",
        "timestamp": "1687271148922",
        "success": "true",
        "load_time": "0.000",
        "makespan": "18.368",
        "processing_time": "0.278"
      },
      "r661966": {
        "id": "r661966",
        "timestamp": "1687274475338",
        "success": "true",
        "load_time": "0.000",
        "makespan": "159.678",
        "processing_time": "0.417"
      },
      "r647420": {
        "id": "r647420",
        "timestamp": "1687276424569",
        "success": "true",
        "load_time": "0.000",
        "makespan": "38.494",
        "processing_time": "0.032"
      },
      "r499399": {
        "id": "r499399",
        "timestamp": "1687270833776",
        "success": "true",
        "load_time": "0.000",
        "makespan": "18.512",
        "processing_time": "0.009"
      },
      "r914493": {
        "id": "r914493",
        "timestamp": "1687271181938",
        "success": "true",
        "load_time": "0.000",
        "makespan": "18.610",
        "processing_time": "0.273"
      },
      "r751013": {
        "id": "r751013",
        "timestamp": "1687270197572",
        "success": "true",
        "load_time": "0.000",
        "makespan": "29.195",
        "processing_time": "0.008"
      },
      "r732633": {
        "id": "r732633",
        "timestamp": "1687274710365",
        "success": "true",
        "load_time": "0.000",
        "makespan": "166.599",
        "processing_time": "0.086"
      },
      "r581177": {
        "id": "r581177",
        "timestamp": "1687276718666",
        "success": "true",
        "load_time": "0.000",
        "makespan": "24.294",
        "processing_time": "0.061"
      },
      "r698578": {
        "id": "r698578",
        "timestamp": "1687276662649",
        "success": "true",
        "load_time": "0.000",
        "makespan": "38.179",
        "processing_time": "0.307"
      },
      "r656012": {
        "id": "r656012",
        "timestamp": "1687281700390",
        "success": "true",
        "load_time": "0.000",
        "makespan": "18.070",
        "processing_time": "0.032"
      },
      "r551623": {
        "id": "r551623",
        "timestamp": "1687270866793",
        "success": "true",
        "load_time": "0.000",
        "makespan": "33.537",
        "processing_time": "0.122"
      },
      "r489796": {
        "id": "r489796",
        "timestamp": "1687281959499",
        "success": "true",
        "load_time": "0.000",
        "makespan": "27.163",
        "processing_time": "0.156"
      },
      "r569356": {
        "id": "r569356",
        "timestamp": "1687275949506",
        "success": "true",
        "load_time": "0.000",
        "makespan": "152.178",
        "processing_time": "0.050"
      },
      "r610762": {
        "id": "r610762",
        "timestamp": "1687269962501",
        "success": "true",
        "load_time": "0.000",
        "makespan": "32.992",
        "processing_time": "0.371"
      },
      "r485515": {
        "id": "r485515",
        "timestamp": "1687276998759",
        "success": "true",
        "load_time": "0.000",
        "makespan": "27.366",
        "processing_time": "0.518"
      },
      "r731077": {
        "id": "r731077",
        "timestamp": "1687280915263",
        "success": "true",
        "load_time": "0.000",
        "makespan": "132.152",
        "processing_time": "0.097"
      },
      "r777310": {
        "id": "r777310",
        "timestamp": "1687270674726",
        "success": "true",
        "load_time": "0.000",
        "makespan": "50.126",
        "processing_time": "0.842"
      },
      "r494185": {
        "id": "r494185",
        "timestamp": "1687271118908",
        "success": "true",
        "load_time": "0.000",
        "makespan": "17.003",
        "processing_time": "0.005"
      },
      "r559982": {
        "id": "r559982",
        "timestamp": "1687271245968",
        "success": "true",
        "load_time": "0.000",
        "makespan": "17.535",
        "processing_time": "0.005"
      },
      "r499168": {
        "id": "r499168",
        "timestamp": "1687273549236",
        "success": "true",
        "load_time": "0.000",
        "makespan": "150.152",
        "processing_time": "0.030"
      },
      "r887967": {
        "id": "r887967",
        "timestamp": "1687275683476",
        "success": "true",
        "load_time": "0.000",
        "makespan": "172.758",
        "processing_time": "0.060"
      },
      "r753269": {
        "id": "r753269",
        "timestamp": "1687276843711",
        "success": "true",
        "load_time": "0.000",
        "makespan": "38.960",
        "processing_time": "0.305"
      },
      "r481555": {
        "id": "r481555",
        "timestamp": "1687270409641",
        "success": "true",
        "load_time": "0.000",
        "makespan": "28.280",
        "processing_time": "0.098"
      },
      "r628816": {
        "id": "r628816",
        "timestamp": "1687282199603",
        "success": "true",
        "load_time": "0.000",
        "makespan": "19.484",
        "processing_time": "0.010"
      },
      "r727041": {
        "id": "r727041",
        "timestamp": "1687270745747",
        "success": "true",
        "load_time": "0.000",
        "makespan": "39.148",
        "processing_time": "0.009"
      },
      "r695055": {
        "id": "r695055",
        "timestamp": "1687278973048",
        "success": "true",
        "load_time": "0.000",
        "makespan": "120.636",
        "processing_time": "0.026"
      },
      "r806797": {
        "id": "r806797",
        "timestamp": "1687270799761",
        "success": "true",
        "load_time": "0.000",
        "makespan": "18.818",
        "processing_time": "0.008"
      },
      "r781411": {
        "id": "r781411",
        "timestamp": "1687270013519",
        "success": "true",
        "load_time": "0.000",
        "makespan": "31.699",
        "processing_time": "0.366"
      },
      "r827534": {
        "id": "r827534",
        "timestamp": "1687270626707",
        "success": "true",
        "load_time": "0.000",
        "makespan": "27.957",
        "processing_time": "0.097"
      },
      "r761040": {
        "id": "r761040",
        "timestamp": "1687269882491",
        "success": "true",
        "load_time": "0.000",
        "makespan": "40.617",
        "processing_time": "0.060"
      },
      "r708484": {
        "id": "r708484",
        "timestamp": "1687279160071",
        "success": "true",
        "load_time": "0.000",
        "makespan": "127.892",
        "processing_time": "0.386"
      },
      "r564864": {
        "id": "r564864",
        "timestamp": "1687270982842",
        "success": "true",
        "load_time": "0.000",
        "makespan": "23.248",
        "processing_time": "0.121"
      },
      "r697184": {
        "id": "r697184",
        "timestamp": "1687282104571",
        "success": "true",
        "load_time": "0.000",
        "makespan": "45.018",
        "processing_time": "0.010"
      },
      "r662712": {
        "id": "r662712",
        "timestamp": "1687270527674",
        "success": "true",
        "load_time": "0.000",
        "makespan": "28.799",
        "processing_time": "0.008"
      },
      "r594789": {
        "id": "r594789",
        "timestamp": "1687281342303",
        "success": "true",
        "load_time": "0.000",
        "makespan": "132.727",
        "processing_time": "0.037"
      },
      "r578753": {
        "id": "r578753",
        "timestamp": "1687270458657",
        "success": "true",
        "load_time": "0.000",
        "makespan": "47.955",
        "processing_time": "0.848"
      },
      "r792830": {
        "id": "r792830",
        "timestamp": "1687271019858",
        "success": "true",
        "load_time": "0.000",
        "makespan": "18.445",
        "processing_time": "0.272"
      },
      "r860799": {
        "id": "r860799",
        "timestamp": "1687274235312",
        "success": "true",
        "load_time": "0.000",
        "makespan": "151.742",
        "processing_time": "0.044"
      },
      "r518815": {
        "id": "r518815",
        "timestamp": "1687270129554",
        "success": "true",
        "load_time": "0.000",
        "makespan": "47.098",
        "processing_time": "0.844"
      },
      "r804020": {
        "id": "r804020",
        "timestamp": "1687276532604",
        "success": "true",
        "load_time": "0.000",
        "makespan": "23.508",
        "processing_time": "0.063"
      },
      "r708653": {
        "id": "r708653",
        "timestamp": "1687270063537",
        "success": "true",
        "load_time": "0.000",
        "makespan": "28.338",
        "processing_time": "0.057"
      },
      "r883813": {
        "id": "r883813",
        "timestamp": "1687276573618",
        "success": "true",
        "load_time": "0.000",
        "makespan": "24.435",
        "processing_time": "0.030"
      },
      "r825629": {
        "id": "r825629",
        "timestamp": "1687279567119",
        "success": "true",
        "load_time": "0.000",
        "makespan": "128.168",
        "processing_time": "0.099"
      },
      "r913879": {
        "id": "r913879",
        "timestamp": "1687277091791",
        "success": "true",
        "load_time": "0.000",
        "makespan": "24.215",
        "processing_time": "0.010"
      },
      "r871638": {
        "id": "r871638",
        "timestamp": "1687281601345",
        "success": "true",
        "load_time": "0.000",
        "makespan": "19.865",
        "processing_time": "0.318"
      },
      "r516688": {
        "id": "r516688",
        "timestamp": "1687280711238",
        "success": "true",
        "load_time": "0.000",
        "makespan": "123.896",
        "processing_time": "0.038"
      },
      "r551203": {
        "id": "r551203",
        "timestamp": "1687276622634",
        "success": "true",
        "load_time": "0.000",
        "makespan": "23.759",
        "processing_time": "0.010"
      },
      "r620790": {
        "id": "r620790",
        "timestamp": "1687281554329",
        "success": "true",
        "load_time": "0.000",
        "makespan": "31.958",
        "processing_time": "0.323"
      },
      "r506196": {
        "id": "r506196",
        "timestamp": "1687278178950",
        "success": "true",
        "load_time": "0.000",
        "makespan": "124.384",
        "processing_time": "0.379"
      },
      "r774106": {
        "id": "r774106",
        "timestamp": "1687281668375",
        "success": "true",
        "load_time": "0.000",
        "makespan": "17.868",
        "processing_time": "0.009"
      },
      "r749898": {
        "id": "r749898",
        "timestamp": "1687281878468",
        "success": "true",
        "load_time": "0.000",
        "makespan": "27.698",
        "processing_time": "0.154"
      },
      "r845504": {
        "id": "r845504",
        "timestamp": "1687274961393",
        "success": "true",
        "load_time": "0.000",
        "makespan": "159.468",
        "processing_time": "0.121"
      },
      "r748568": {
        "id": "r748568",
        "timestamp": "1687281845453",
        "success": "true",
        "load_time": "0.000",
        "makespan": "19.433",
        "processing_time": "0.318"
      },
      "r726374": {
        "id": "r726374",
        "timestamp": "1687270245588",
        "success": "true",
        "load_time": "0.000",
        "makespan": "29.374",
        "processing_time": "0.054"
      },
      "r519441": {
        "id": "r519441",
        "timestamp": "1687271649058",
        "success": "true",
        "load_time": "0.000",
        "makespan": "151.823",
        "processing_time": "0.041"
      },
      "r597552": {
        "id": "r597552",
        "timestamp": "1687272877173",
        "success": "true",
        "load_time": "0.000",
        "makespan": "162.245",
        "processing_time": "0.114"
      },
      "r721996": {
        "id": "r721996",
        "timestamp": "1687280161180",
        "success": "true",
        "load_time": "0.000",
        "makespan": "124.938",
        "processing_time": "0.097"
      },
      "r684024": {
        "id": "r684024",
        "timestamp": "1687273772259",
        "success": "true",
        "load_time": "0.000",
        "makespan": "142.946",
        "processing_time": "0.428"
      },
      "r588283": {
        "id": "r588283",
        "timestamp": "1687276955743",
        "success": "true",
        "load_time": "0.000",
        "makespan": "26.594",
        "processing_time": "0.515"
      },
      "r869143": {
        "id": "r869143",
        "timestamp": "1687271312999",
        "success": "true",
        "load_time": "0.000",
        "makespan": "24.004",
        "processing_time": "0.122"
      },
      "r561542": {
        "id": "r561542",
        "timestamp": "1687282164587",
        "success": "true",
        "load_time": "0.000",
        "makespan": "20.706",
        "processing_time": "0.010"
      },
      "r666892": {
        "id": "r666892",
        "timestamp": "1687280529215",
        "success": "true",
        "load_time": "0.000",
        "makespan": "116.681",
        "processing_time": "0.024"
      },
      "r484596": {
        "id": "r484596",
        "timestamp": "1687279354094",
        "success": "true",
        "load_time": "0.000",
        "makespan": "137.945",
        "processing_time": "0.072"
      },
      "r509578": {
        "id": "r509578",
        "timestamp": "1687281635360",
        "success": "true",
        "load_time": "0.000",
        "makespan": "18.320",
        "processing_time": "0.007"
      },
      "r464332": {
        "id": "r464332",
        "timestamp": "1687281920484",
        "success": "true",
        "load_time": "0.000",
        "makespan": "17.830",
        "processing_time": "0.016"
      },
      "r762059": {
        "id": "r762059",
        "timestamp": "1687282072555",
        "success": "true",
        "load_time": "0.000",
        "makespan": "17.628",
        "processing_time": "0.033"
      },
      "r517350": {
        "id": "r517350",
        "timestamp": "1687270312606",
        "success": "true",
        "load_time": "0.000",
        "makespan": "29.555",
        "processing_time": "0.013"
      },
      "r592694": {
        "id": "r592694",
        "timestamp": "1687270575690",
        "success": "true",
        "load_time": "0.000",
        "makespan": "32.744",
        "processing_time": "0.364"
      },
      "r794407": {
        "id": "r794407",
        "timestamp": "1687271352014",
        "success": "true",
        "load_time": "0.000",
        "makespan": "16.974",
        "processing_time": "0.030"
      },
      "r733330": {
        "id": "r733330",
        "timestamp": "1687271086891",
        "success": "true",
        "load_time": "0.000",
        "makespan": "17.305",
        "processing_time": "0.030"
      },
      "r647411": {
        "id": "r647411",
        "timestamp": "1687271277984",
        "success": "true",
        "load_time": "0.000",
        "makespan": "17.260",
        "processing_time": "0.014"
      },
      "r812512": {
        "id": "r812512",
        "timestamp": "1687276900727",
        "success": "true",
        "load_time": "0.000",
        "makespan": "37.713",
        "processing_time": "0.301"
      },
      "r880210": {
        "id": "r880210",
        "timestamp": "1687277313853",
        "success": "true",
        "load_time": "0.000",
        "makespan": "151.595",
        "processing_time": "0.045"
      },
      "r710937": {
        "id": "r710937",
        "timestamp": "1687272655150",
        "success": "true",
        "load_time": "0.000",
        "makespan": "143.899",
        "processing_time": "0.420"
      },
      "r827454": {
        "id": "r827454",
        "timestamp": "1687276189542",
        "success": "true",
        "load_time": "0.000",
        "makespan": "146.277",
        "processing_time": "0.051"
      },
      "r873154": {
        "id": "r873154",
        "timestamp": "1687273320211",
        "success": "true",
        "load_time": "0.000",
        "makespan": "154.770",
        "processing_time": "0.031"
      },
      "r614882": {
        "id": "r614882",
        "timestamp": "1687278373974",
        "success": "true",
        "load_time": "0.000",
        "makespan": "116.470",
        "processing_time": "0.025"
      },
      "r474429": {
        "id": "r474429",
        "timestamp": "1687276487584",
        "success": "true",
        "load_time": "0.000",
        "makespan": "27.628",
        "processing_time": "0.511"
      },
      "r567812": {
        "id": "r567812",
        "timestamp": "1687270950826",
        "success": "true",
        "load_time": "0.000",
        "makespan": "17.716",
        "processing_time": "0.007"
      },
      "r631462": {
        "id": "r631462",
        "timestamp": "1687277223823",
        "success": "true",
        "load_time": "0.000",
        "makespan": "27.661",
        "processing_time": "0.021"
      },
      "r647081": {
        "id": "r647081",
        "timestamp": "1687271051874",
        "success": "true",
        "load_time": "0.000",
        "makespan": "17.276",
        "processing_time": "0.014"
      },
      "r899119": {
        "id": "r899119",
        "timestamp": "1687276760681",
        "success": "true",
        "load_time": "0.000",
        "makespan": "24.861",
        "processing_time": "0.010"
      },
      "r506922": {
        "id": "r506922",
        "timestamp": "1687271384030",
        "success": "true",
        "load_time": "0.000",
        "makespan": "171.053",
        "processing_time": "0.043"
      },
      "r611006": {
        "id": "r611006",
        "timestamp": "1687277547877",
        "success": "true",
        "load_time": "0.000",
        "makespan": "122.487",
        "processing_time": "0.044"
      },
      "r515863": {
        "id": "r515863",
        "timestamp": "1687281733406",
        "success": "true",
        "load_time": "0.000",
        "makespan": "26.873",
        "processing_time": "0.155"
      },
      "r921314": {
        "id": "r921314",
        "timestamp": "1687279973158",
        "success": "true",
        "load_time": "0.000",
        "makespan": "119.756",
        "processing_time": "0.376"
      },
      "r686661": {
        "id": "r686661",
        "timestamp": "1687272134107",
        "success": "true",
        "load_time": "0.000",
        "makespan": "150.124",
        "processing_time": "0.123"
      },
      "r831420": {
        "id": "r831420",
        "timestamp": "1687276801695",
        "success": "true",
        "load_time": "0.000",
        "makespan": "24.212",
        "processing_time": "0.071"
      },
      "r827322": {
        "id": "r827322",
        "timestamp": "1687278556998",
        "success": "true",
        "load_time": "0.000",
        "makespan": "128.105",
        "processing_time": "0.035"
      },
      "r503098": {
        "id": "r503098",
        "timestamp": "1687278769024",
        "success": "true",
        "load_time": "0.000",
        "makespan": "128.587",
        "processing_time": "0.072"
      },
      "r638386": {
        "id": "r638386",
        "timestamp": "1687277042776",
        "success": "true",
        "load_time": "0.000",
        "makespan": "23.775",
        "processing_time": "0.029"
      },
      "r619364": {
        "id": "r619364",
        "timestamp": "1687277749899",
        "success": "true",
        "load_time": "0.000",
        "makespan": "127.707",
        "processing_time": "0.048"
      }
    }
  }
}