{
  "id": "b734964",
  "specification": "1.0.0",
  "description": "grb:v8.0.0 lagr:intel-dev",
  "system": {
    "platform": {
      "name": "GraphBLAS",
      "acronym": "graphblas",
      "version": "1.0",
      "link": "https://github.com/FTSRG/ldbc-graphalytics-platform-graphblas"
    },
    "environment": {
      "name": "",
      "acronym": "",
      "version": "",
      "link": "",
      "machines": [
        {
          "quantity": "1",
          "cpu": "2-Socket Intel(R) Xeon(R) Platinum 8480+",
          "memory": "1TB (16x 64GB) DDR5 RDIMM",
          "network": "",
          "storage": "7.6TB NVMe Solidigm D7-P5510"
        }
      ]
    },
    "tool": {
      "graphalytics-core": {
        "name": "graphalytics-core",
        "version": "1.10.0",
        "link": "https://github.com/ldbc/ldbc_graphalytics"
      },
      "graphalytics-platforms-graphblas": {
        "name": "graphalytics-platforms-graphblas",
        "version": "0.1.0-SNAPSHOT",
        "link": "https://github.com/atlarge-research/graphalytics-platforms-graphblas"
      }
    },
    "pricing": "51826"
  },
  "benchmark": {
    "type": "custom",
    "name": "Benchmark for dataset size XL",
    "duration": "31262767",
    "timeout": "7200",
    "resources": {},
    "output": {
      "required": "-",
      "directory": "./output/"
    },
    "validation": {
      "required": "-",
      "directory": "/home/devcloud/data/"
    },
    "configurations": {
      "graph.datagen-8_9-fb.edge-properties.types": "real",
      "environment.machine.memory": "",
      "graph.datagen-8_3-zf.cdlp.max-iterations": "10",
      "graph.datagen-9_4-fb.sssp.weight-property": "weight",
      "graph.graph500-27.meta.vertices": "63081040",
      "graph.test-bfs-undirected.vertex-file": "test-bfs-undirected.v",
      "graph.cit-Patents.algorithms": "bfs",
      "graph.datagen-8_9-fb.sssp.source-vertex": "6",
      "graph.graph500-24.edge-file": "graph500-24.e",
      "graph.datagen-8_4-fb.vertex-file": "datagen-8_4-fb.v",
      "graph.datagen-9_1-fb.meta.vertices": "16087483",
      "graph.example-undirected.meta.vertices": "9",
      "graph.com-friendster.cdlp.max-iterations": "10",
      "graph.test-pr-directed.edge-file": "test-pr-directed.e",
      "graph.cit-Patents.vertex-file": "cit-Patents.v",
      "graph.datagen-7_9-fb.vertex-file": "datagen-7_9-fb.v",
      "graph.test-bfs-undirected.bfs.source-vertex": "1",
      "graph.kgs.cdlp.max-iterations": "10",
      "graph.kgs.meta.vertices": "832247",
      "environment.machine.storage": "",
      "graph.datagen-8_7-zf.bfs.source-vertex": "6",
      "benchmark.runner.max-memory": "",
      "graph.datagen-sf3k-fb.pr.num-iterations": "10",
      "graph.datagen-8_3-zf.meta.vertices": "53525014",
      "graph.datagen-8_1-fb.algorithms": "bfs",
      "graph.datagen-7_7-zf.meta.edges": "32791267",
      "graph.datagen-8_7-zf.vertex-file": "datagen-8_7-zf.v",
      "graph.datagen-8_8-zf.meta.vertices": "168308893",
      "graph.datagen-9_2-zf.vertex-file": "datagen-9_2-zf.v",
      "graph.dota-league.cdlp.max-iterations": "10",
      "graph.datagen-sf3k-fb.pr.damping-factor": "0.85",
      "graph.datagen-8_5-fb.sssp.source-vertex": "6",
      "graph.datagen-8_8-zf.edge-properties.types": "real",
      "graph.graph500-22.cdlp.max-iterations": "10",
      "graph.graph500-23.algorithms": "bfs",
      "graph.graph500-22.edge-file": "graph500-22.e",
      "graph.datagen-8_0-fb.edge-properties.names": "weight",
      "graph.datagen-8_0-fb.meta.vertices": "1706561",
      "graph.example-undirected.edge-properties.names": "weight",
      "graph.datagen-8_0-fb.algorithms": "bfs",
      "graph.datagen-9_4-fb.edge-properties.types": "real",
      "graph.datagen-7_7-zf.algorithms": "bfs",
      "graph.datagen-8_0-fb.bfs.source-vertex": "6",
      "graph.twitter_mpi.cdlp.max-iterations": "10",
      "graph.graph500-22.bfs.source-vertex": "248533",
      "graph.graph500-30.pr.damping-factor": "0.85",
      "graph.example-directed.bfs.source-vertex": "1",
      "graph.datagen-9_1-fb.edge-properties.types": "real",
      "graph.datagen-sf10k-fb.algorithms": "bfs",
      "graph.datagen-8_5-fb.vertex-file": "datagen-8_5-fb.v",
      "graph.datagen-sf10k-fb.vertex-file": "datagen-sf10k-fb.v",
      "graph.datagen-8_9-fb.cdlp.max-iterations": "10",
      "graph.com-friendster.meta.edges": "1806067135",
      "graph.graph500-26.meta.vertices": "32804978",
      "graph.datagen-7_8-zf.algorithms": "bfs",
      "graph.datagen-9_2-zf.sssp.weight-property": "weight",
      "graph.datagen-9_2-zf.sssp.source-vertex": "6",
      "graph.datagen-7_5-fb.algorithms": "bfs",
      "graph.graph500-24.bfs.source-vertex": "2592222",
      "graph.datagen-7_6-fb.edge-file": "datagen-7_6-fb.e",
      "graph.datagen-8_8-zf.bfs.source-vertex": "6",
      "graph.test-wcc-directed.meta.edges": "10",
      "graph.dota-league.meta.vertices": "61170",
      "graph.datagen-sf10k-fb.cdlp.max-iterations": "10",
      "graph.datagen-7_7-zf.meta.vertices": "13180508",
      "graph.datagen-7_5-fb.meta.edges": "34185747",
      "graph.example-directed.edge-properties.types": "real",
      "graph.datagen-7_8-zf.edge-file": "datagen-7_8-zf.e",
      "graph.test-pr-directed.pr.damping-factor": "0.85",
      "graph.test-pr-undirected.pr.num-iterations": "26",
      "graph.datagen-9_2-zf.pr.damping-factor": "0.85",
      "graph.datagen-9_3-zf.pr.num-iterations": "10",
      "graph.datagen-9_3-zf.edge-properties.types": "real",
      "graph.graph500-28.meta.vertices": "121242388",
      "graph.test-sssp-undirected.algorithms": "sssp",
      "graph.datagen-7_5-fb.edge-properties.names": "weight",
      "graph.test-wcc-directed.vertex-file": "test-wcc-directed.v",
      "graph.datagen-8_2-zf.bfs.source-vertex": "6",
      "graph.test-bfs-undirected.directed": "false",
      "graph.test-sssp-undirected.sssp.source-vertex": "1",
      "graph.twitter_mpi.meta.edges": "1963263508",
      "graph.datagen-7_7-zf.edge-properties.names": "weight",
      "graph.dota-league.edge-properties.types": "real",
      "graph.datagen-9_4-fb.edge-properties.names": "weight",
      "graph.datagen-9_3-zf.vertex-file": "datagen-9_3-zf.v",
      "graph.datagen-7_9-fb.edge-properties.names": "weight",
      "graph.datagen-8_9-fb.sssp.weight-property": "weight",
      "graph.datagen-8_2-zf.sssp.source-vertex": "6",
      "graph.graph500-26.cdlp.max-iterations": "10",
      "graph.test-lcc-undirected.directed": "false",
      "graph.graph500-26.bfs.source-vertex": "62455266",
      "graph.test-pr-undirected.vertex-file": "test-pr-undirected.v",
      "graph.datagen-9_4-fb.meta.vertices": "29310565",
      "graph.test-cdlp-undirected.edge-file": "test-cdlp-undirected.e",
      "graph.test-bfs-undirected.edge-file": "test-bfs-undirected.e",
      "graph.graph500-27.bfs.source-vertex": "0",
      "graph.test-sssp-directed.vertex-file": "test-sssp-directed.v",
      "graph.datagen-8_4-fb.sssp.weight-property": "weight",
      "graph.datagen-8_1-fb.meta.edges": "134267822",
      "graph.graph500-27.cdlp.max-iterations": "10",
      "graph.graph500-30.pr.num-iterations": "10",
      "graph.graph500-30.vertex-file": "graph500-30.v",
      "graph.example-undirected.sssp.source-vertex": "2",
      "graph.twitter_mpi.algorithms": "bfs",
      "graph.datagen-sf3k-fb.bfs.source-vertex": "933",
      "graph.test-sssp-undirected.edge-file": "test-sssp-undirected.e",
      "graph.datagen-7_5-fb.directed": "false",
      "graph.graph500-25.directed": "false",
      "graph.datagen-9_1-fb.pr.num-iterations": "10",
      "graph.datagen-sf10k-fb.pr.num-iterations": "10",
      "graph.datagen-7_9-fb.edge-file": "datagen-7_9-fb.e",
      "graph.datagen-8_4-fb.bfs.source-vertex": "6",
      "graph.wiki-Talk.edge-file": "wiki-Talk.e",
      "graph.dota-league.pr.damping-factor": "0.85",
      "graph.graph500-28.algorithms": "bfs",
      "graph.datagen-9_3-zf.edge-properties.names": "weight",
      "graph.cit-Patents.edge-file": "cit-Patents.e",
      "graph.twitter_mpi.edge-file": "twitter_mpi.e",
      "graph.cit-Patents.directed": "true",
      "graph.datagen-7_5-fb.edge-properties.types": "real",
      "graph.test-wcc-undirected.edge-file": "test-wcc-undirected.e",
      "graph.datagen-8_5-fb.directed": "false",
      "graph.datagen-8_9-fb.directed": "false",
      "graph.datagen-8_5-fb.cdlp.max-iterations": "10",
      "graph.cit-Patents.meta.vertices": "3774768",
      "graph.datagen-7_6-fb.meta.edges": "42162988",
      "graph.datagen-8_2-zf.pr.num-iterations": "10",
      "graph.graph500-29.meta.vertices": "232999630",
      "graph.datagen-8_0-fb.meta.edges": "107507376",
      "graph.datagen-sf3k-fb.edge-file": "datagen-sf3k-fb.e",
      "graph.datagen-9_0-fb.vertex-file": "datagen-9_0-fb.v",
      "graph.graph500-23.bfs.source-vertex": "7348998",
      "graph.test-sssp-undirected.meta.vertices": "12",
      "graph.datagen-9_1-fb.sssp.source-vertex": "6",
      "graph.datagen-8_4-fb.edge-file": "datagen-8_4-fb.e",
      "graph.wiki-Talk.meta.edges": "5021410",
      "graph.datagen-9_0-fb.pr.damping-factor": "0.85",
      "graph.datagen-8_6-fb.vertex-file": "datagen-8_6-fb.v",
      "graph.datagen-8_1-fb.directed": "false",
      "graph.example-undirected.directed": "false",
      "graph.datagen-7_9-fb.directed": "false",
      "platform.acronym": "graphblas",
      "graph.test-bfs-directed.directed": "true",
      "graph.datagen-7_5-fb.edge-file": "datagen-7_5-fb.e",
      "graph.test-sssp-directed.sssp.source-vertex": "1",
      "graph.kgs.algorithms": "bfs",
      "graph.test-cdlp-directed.algorithms": "cdlp",
      "graph.com-friendster.edge-file": "com-friendster.e",
      "graph.dota-league.sssp.weight-property": "weight",
      "graph.datagen-7_9-fb.meta.vertices": "1387587",
      "graph.datagen-8_1-fb.edge-properties.names": "weight",
      "graph.wiki-Talk.algorithms": "bfs",
      "graph.graph500-25.vertex-file": "graph500-25.v",
      "graph.test-sssp-directed.edge-properties.names": "weight",
      "graph.datagen-8_2-zf.algorithms": "bfs",
      "graph.com-friendster.pr.damping-factor": "0.85",
      "graph.graph500-28.vertex-file": "graph500-28.v",
      "graph.datagen-9_1-fb.directed": "false",
      "graph.datagen-9_3-zf.meta.edges": "1309998551",
      "graph.example-undirected.bfs.source-vertex": "2",
      "graph.kgs.sssp.weight-property": "weight",
      "graph.graph500-29.vertex-file": "graph500-29.v",
      "graph.test-wcc-directed.meta.vertices": "8",
      "graph.datagen-7_6-fb.pr.damping-factor": "0.85",
      "graph.test-bfs-undirected.algorithms": "bfs",
      "environment.machine.cpu": "",
      "graph.test-sssp-undirected.vertex-file": "test-sssp-undirected.v",
      "graph.datagen-7_7-zf.sssp.weight-property": "weight",
      "environment.acronym": "",
      "graph.dota-league.meta.edges": "50870313",
      "graph.datagen-sf3k-fb.edge-properties.types": "real",
      "graph.datagen-8_1-fb.vertex-file": "datagen-8_1-fb.v",
      "graph.datagen-8_7-zf.pr.num-iterations": "10",
      "graph.datagen-9_0-fb.meta.edges": "1049527225",
      "graph.datagen-7_8-zf.meta.vertices": "16521886",
      "graph.test-wcc-undirected.meta.edges": "7",
      "graph.example-undirected.edge-file": "example-undirected.e",
      "graph.datagen-8_8-zf.edge-file": "datagen-8_8-zf.e",
      "graph.datagen-sf3k-fb.sssp.weight-property": "weight",
      "graph.graph500-24.vertex-file": "graph500-24.v",
      "graph.test-cdlp-undirected.meta.edges": "13",
      "graph.datagen-sf3k-fb.vertex-file": "datagen-sf3k-fb.v",
      "graph.graph500-27.meta.edges": "2111642032",
      "graph.datagen-7_6-fb.algorithms": "bfs",
      "graph.graph500-25.meta.vertices": "17062472",
      "graph.datagen-7_8-zf.directed": "false",
      "graph.datagen-9_3-zf.sssp.weight-property": "weight",
      "graph.datagen-8_5-fb.bfs.source-vertex": "6",
      "graph.example-directed.vertex-file": "example-directed.v",
      "graph.datagen-8_3-zf.directed": "false",
      "graph.example-directed.algorithms": "bfs",
      "graph.kgs.sssp.source-vertex": "239044",
      "graph.datagen-7_6-fb.edge-properties.names": "weight",
      "graph.datagen-8_1-fb.cdlp.max-iterations": "10",
      "graph.datagen-8_9-fb.edge-properties.names": "weight",
      "graph.test-wcc-directed.directed": "true",
      "graph.example-undirected.meta.edges": "12",
      "graph.test-lcc-undirected.edge-file": "test-lcc-undirected.e",
      "graph.datagen-8_8-zf.directed": "false",
      "graph.datagen-8_9-fb.algorithms": "bfs",
      "graph.graph500-23.pr.damping-factor": "0.85",
      "graph.datagen-8_7-zf.directed": "false",
      "graph.graph500-30.algorithms": "bfs",
      "graph.datagen-8_0-fb.vertex-file": "datagen-8_0-fb.v",
      "graph.graph500-24.meta.vertices": "8870942",
      "graph.datagen-8_6-fb.edge-properties.names": "weight",
      "graph.graph500-28.edge-file": "graph500-28.e",
      "graph.graph500-29.directed": "false",
      "benchmark.runner.port": "8012",
      "graph.datagen-7_9-fb.pr.damping-factor": "0.85",
      "graph.datagen-8_8-zf.sssp.weight-property": "weight",
      "graph.graph500-29.bfs.source-vertex": "0",
      "graph.datagen-9_0-fb.edge-properties.types": "real",
      "graph.datagen-8_3-zf.algorithms": "bfs",
      "graph.datagen-7_5-fb.sssp.source-vertex": "6",
      "graph.com-friendster.directed": "false",
      "graph.datagen-9_2-zf.meta.edges": "1042340732",
      "graph.datagen-7_7-zf.directed": "false",
      "graph.datagen-8_0-fb.sssp.weight-property": "weight",
      "benchmark.description": "\"grb:v8.0.0 lagr:cdlp_htable+fmt\"",
      "graph.test-pr-directed.pr.num-iterations": "14",
      "graph.datagen-8_3-zf.vertex-file": "datagen-8_3-zf.v",
      "graph.graph500-22.algorithms": "bfs",
      "graph.graph500-23.pr.num-iterations": "10",
      "benchmark.custom.validation-required": "true",
      "graph.datagen-8_1-fb.sssp.source-vertex": "6",
      "graph.datagen-9_0-fb.meta.vertices": "12857671",
      "graph.datagen-8_2-zf.sssp.weight-property": "weight",
      "graph.datagen-7_7-zf.vertex-file": "datagen-7_7-zf.v",
      "graph.datagen-8_5-fb.meta.vertices": "4599739",
      "graph.test-sssp-directed.edge-file": "test-sssp-directed.e",
      "graph.graph500-27.edge-file": "graph500-27.e",
      "graph.graph500-24.pr.damping-factor": "0.85",
      "graph.datagen-8_0-fb.sssp.source-vertex": "6",
      "graph.datagen-9_1-fb.edge-properties.names": "weight",
      "graph.datagen-8_8-zf.algorithms": "bfs",
      "benchmark.custom.graphs": "graph500-26",
      "graph.test-sssp-directed.meta.edges": "13",
      "graph.datagen-8_9-fb.edge-file": "datagen-8_9-fb.e",
      "graph.datagen-8_7-zf.cdlp.max-iterations": "10",
      "graph.example-directed.sssp.source-vertex": "1",
      "graph.kgs.pr.damping-factor": "0.85",
      "graph.datagen-9_4-fb.pr.damping-factor": "0.85",
      "graph.datagen-9_2-zf.edge-properties.names": "weight",
      "environment.machine.network": "",
      "graph.twitter_mpi.vertex-file": "twitter_mpi.v",
      "graph.datagen-8_1-fb.bfs.source-vertex": "6",
      "graph.test-sssp-undirected.directed": "false",
      "graph.datagen-9_3-zf.pr.damping-factor": "0.85",
      "graph.datagen-8_1-fb.pr.num-iterations": "10",
      "graph.datagen-8_2-zf.pr.damping-factor": "0.85",
      "graph.graph500-26.edge-file": "graph500-26.e",
      "graph.datagen-9_1-fb.meta.edges": "1342158397",
      "graph.datagen-9_3-zf.directed": "false",
      "graph.datagen-8_3-zf.pr.num-iterations": "10",
      "graph.test-sssp-undirected.edge-properties.names": "weight",
      "graph.datagen-7_8-zf.pr.damping-factor": "0.85",
      "graph.graph500-25.algorithms": "bfs",
      "graph.test-lcc-undirected.algorithms": "lcc",
      "graph.test-cdlp-undirected.vertex-file": "test-cdlp-undirected.v",
      "graph.datagen-8_3-zf.bfs.source-vertex": "6",
      "graph.datagen-9_1-fb.sssp.weight-property": "weight",
      "graph.graph500-23.meta.vertices": "4610222",
      "graph.graph500-26.directed": "false",
      "graph.datagen-8_0-fb.edge-properties.types": "real",
      "environment.link": "",
      "graph.dota-league.pr.num-iterations": "10",
      "graph.datagen-7_8-zf.meta.edges": "41025255",
      "graph.graph500-28.bfs.source-vertex": "0",
      "graph.test-bfs-directed.edge-file": "test-bfs-directed.e",
      "graph.datagen-9_4-fb.meta.edges": "2588948669",
      "graph.datagen-8_4-fb.cdlp.max-iterations": "10",
      "graph.datagen-7_6-fb.directed": "false",
      "platform.link": "https://github.com/FTSRG/ldbc-graphalytics-platform-graphblas",
      "graph.datagen-9_1-fb.pr.damping-factor": "0.85",
      "graph.datagen-sf10k-fb.pr.damping-factor": "0.85",
      "benchmark.executor.port": "8011",
      "graph.datagen-8_0-fb.pr.damping-factor": "0.85",
      "graph.graph500-22.pr.num-iterations": "10",
      "graph.test-lcc-directed.algorithms": "lcc",
      "graph.test-sssp-directed.directed": "true",
      "graph.datagen-8_2-zf.edge-file": "datagen-8_2-zf.e",
      "graph.datagen-8_4-fb.edge-properties.types": "real",
      "graph.datagen-8_6-fb.directed": "false",
      "graph.example-directed.cdlp.max-iterations": "2",
      "graph.cit-Patents.meta.edges": "16518948",
      "graph.test-bfs-undirected.meta.vertices": "10",
      "graph.graph500-29.algorithms": "bfs",
      "graph.datagen-9_1-fb.edge-file": "datagen-9_1-fb.e",
      "benchmark.custom.output-required": "true",
      "graph.graph500-23.meta.edges": "129333677",
      "graph.datagen-sf10k-fb.edge-properties.names": "weight",
      "graph.test-cdlp-undirected.cdlp.max-iterations": "5",
      "graph.graph500-29.pr.num-iterations": "10",
      "graph.datagen-8_2-zf.edge-properties.names": "weight",
      "graph.com-friendster.algorithms": "bfs",
      "graph.graph500-23.directed": "false",
      "graph.datagen-sf10k-fb.edge-file": "datagen-sf10k-fb.e",
      "graph.datagen-8_7-zf.algorithms": "bfs",
      "graph.test-cdlp-directed.directed": "true",
      "graph.graph500-30.cdlp.max-iterations": "10",
      "graph.datagen-7_6-fb.sssp.source-vertex": "6",
      "graph.datagen-8_8-zf.sssp.source-vertex": "6",
      "graph.datagen-8_4-fb.meta.vertices": "3809084",
      "graph.datagen-7_6-fb.bfs.source-vertex": "6",
      "graph.test-cdlp-directed.cdlp.max-iterations": "5",
      "graph.test-cdlp-undirected.meta.vertices": "8",
      "graph.datagen-8_3-zf.edge-file": "datagen-8_3-zf.e",
      "graph.graph500-22.meta.vertices": "2396657",
      "graph.com-friendster.bfs.source-vertex": "101",
      "graph.datagen-7_9-fb.meta.edges": "85670523",
      "graph.test-lcc-undirected.meta.vertices": "9",
      "environment.machine.quantity": "",
      "graph.datagen-7_5-fb.sssp.weight-property": "weight",
      "graph.graph500-24.algorithms": "bfs",
      "graph.example-undirected.pr.num-iterations": "2",
      "graph.graph500-29.pr.damping-factor": "0.85",
      "graphs.validation-directory": "/home/devcloud/data/",
      "graph.example-directed.sssp.weight-property": "weight",
      "graph.datagen-8_1-fb.sssp.weight-property": "weight",
      "graph.datagen-8_6-fb.algorithms": "bfs",
      "graph.datagen-8_7-zf.edge-properties.names": "weight",
      "graph.datagen-8_9-fb.pr.num-iterations": "10",
      "graph.test-wcc-undirected.meta.vertices": "8",
      "graph.datagen-8_0-fb.cdlp.max-iterations": "10",
      "graph.datagen-8_1-fb.edge-properties.types": "real",
      "graph.graph500-23.edge-file": "graph500-23.e",
      "graph.test-wcc-undirected.directed": "false",
      "graph.graph500-28.pr.damping-factor": "0.85",
      "graph.test-pr-undirected.meta.vertices": "50",
      "graph.datagen-8_7-zf.meta.vertices": "145050709",
      "graph.datagen-8_6-fb.meta.edges": "421988619",
      "graph.datagen-8_9-fb.meta.vertices": "10572901",
      "graph.datagen-8_9-fb.pr.damping-factor": "0.85",
      "graph.dota-league.bfs.source-vertex": "287770",
      "graph.graph500-27.pr.damping-factor": "0.85",
      "graph.datagen-sf10k-fb.directed": "false",
      "graph.graph500-30.edge-file": "graph500-30.e",
      "graph.datagen-7_6-fb.meta.vertices": "754147",
      "graph.test-lcc-undirected.meta.edges": "12",
      "graph.graph500-28.pr.num-iterations": "10",
      "graph.datagen-7_9-fb.cdlp.max-iterations": "10",
      "graph.datagen-8_5-fb.meta.edges": "332026902",
      "graph.datagen-8_6-fb.sssp.weight-property": "weight",
      "benchmark.name": "Benchmark for dataset size XL",
      "graph.test-lcc-directed.meta.edges": "17",
      "graph.test-cdlp-directed.meta.vertices": "8",
      "graph.datagen-7_7-zf.sssp.source-vertex": "6",
      "graph.datagen-sf10k-fb.edge-properties.types": "real",
      "graph.datagen-8_4-fb.pr.num-iterations": "10",
      "graph.test-pr-directed.vertex-file": "test-pr-directed.v",
      "graph.datagen-8_5-fb.edge-properties.names": "weight",
      "graph.test-wcc-undirected.vertex-file": "test-wcc-undirected.v",
      "benchmark.custom.timeout": "7200",
      "graph.datagen-7_5-fb.bfs.source-vertex": "6",
      "graph.datagen-9_0-fb.edge-file": "datagen-9_0-fb.e",
      "graph.datagen-8_1-fb.edge-file": "datagen-8_1-fb.e",
      "graph.datagen-8_8-zf.meta.edges": "413354288",
      "graph.datagen-7_8-zf.sssp.weight-property": "weight",
      "graph.datagen-9_1-fb.cdlp.max-iterations": "10",
      "graph.test-sssp-directed.meta.vertices": "10",
      "graph.graph500-24.cdlp.max-iterations": "10",
      "graph.graph500-25.pr.damping-factor": "0.85",
      "graph.example-undirected.pr.damping-factor": "0.85",
      "platform.name": "GraphBLAS",
      "graph.datagen-9_2-zf.bfs.source-vertex": "6",
      "graph.graph500-25.edge-file": "graph500-25.e",
      "graph.test-pr-undirected.meta.edges": "113",
      "graph.datagen-8_3-zf.edge-properties.types": "real",
      "graph.wiki-Talk.pr.num-iterations": "10",
      "graph.test-bfs-directed.meta.vertices": "10",
      "graph.datagen-9_4-fb.sssp.source-vertex": "6",
      "graph.test-pr-directed.algorithms": "pr",
      "graph.datagen-8_2-zf.meta.vertices": "43734497",
      "graph.test-sssp-directed.sssp.weight-property": "weight",
      "graph.datagen-8_2-zf.vertex-file": "datagen-8_2-zf.v",
      "graph.graph500-26.meta.edges": "1051922853",
      "graph.graph500-30.directed": "false",
      "graph.graph500-25.cdlp.max-iterations": "10",
      "graph.graph500-30.meta.vertices": "447797986",
      "graph.datagen-9_4-fb.cdlp.max-iterations": "10",
      "graph.test-bfs-directed.meta.edges": "17",
      "graph.datagen-9_1-fb.algorithms": "bfs",
      "graph.datagen-8_9-fb.vertex-file": "datagen-8_9-fb.v",
      "graph.wiki-Talk.bfs.source-vertex": "2",
      "benchmark.custom.algorithms": "BFS",
      "graph.datagen-9_3-zf.bfs.source-vertex": "6",
      "graph.wiki-Talk.vertex-file": "wiki-Talk.v",
      "graph.graph500-27.pr.num-iterations": "10",
      "graph.datagen-9_4-fb.vertex-file": "datagen-9_4-fb.v",
      "graph.datagen-9_2-zf.directed": "false",
      "graph.datagen-9_2-zf.edge-file": "datagen-9_2-zf.e",
      "graph.datagen-9_3-zf.edge-file": "datagen-9_3-zf.e",
      "graph.datagen-sf3k-fb.algorithms": "bfs",
      "graph.example-directed.directed": "true",
      "graph.datagen-8_1-fb.pr.damping-factor": "0.85",
      "graph.datagen-9_2-zf.cdlp.max-iterations": "10",
      "graph.graph500-26.algorithms": "bfs",
      "graph.datagen-7_9-fb.edge-properties.types": "real",
      "graph.datagen-8_5-fb.algorithms": "bfs",
      "environment.name": "",
      "graph.datagen-8_3-zf.sssp.source-vertex": "6",
      "graphs.output-directory": "./output/",
      "graph.datagen-sf3k-fb.meta.edges": "2912009743",
      "graph.test-bfs-directed.algorithms": "bfs",
      "graph.datagen-sf3k-fb.edge-properties.names": "weight",
      "graph.datagen-8_4-fb.pr.damping-factor": "0.85",
      "graph.example-directed.meta.edges": "17",
      "graph.wiki-Talk.cdlp.max-iterations": "10",
      "graph.datagen-8_5-fb.pr.num-iterations": "10",
      "graph.example-undirected.sssp.weight-property": "weight",
      "graph.kgs.pr.num-iterations": "10",
      "graph.example-directed.pr.num-iterations": "2",
      "graph.datagen-7_6-fb.cdlp.max-iterations": "10",
      "graph.test-bfs-directed.bfs.source-vertex": "1",
      "graph.graph500-22.pr.damping-factor": "0.85",
      "graph.graph500-29.edge-file": "graph500-29.e",
      "graph.kgs.edge-properties.types": "real",
      "graph.datagen-8_0-fb.pr.num-iterations": "10",
      "graph.graph500-22.meta.edges": "64155735",
      "graph.test-cdlp-directed.edge-file": "test-cdlp-directed.e",
      "graph.datagen-9_2-zf.meta.vertices": "434943376",
      "graph.datagen-7_7-zf.pr.damping-factor": "0.85",
      "graph.datagen-7_8-zf.edge-properties.types": "real",
      "graph.datagen-8_4-fb.algorithms": "bfs",
      "graph.graph500-28.directed": "false",
      "graph.test-sssp-undirected.sssp.weight-property": "weight",
      "graph.datagen-sf10k-fb.sssp.source-vertex": "6",
      "graph.graph500-30.bfs.source-vertex": "0",
      "graph.datagen-8_8-zf.pr.damping-factor": "0.85",
      "graph.datagen-7_8-zf.sssp.source-vertex": "6",
      "graph.datagen-7_5-fb.vertex-file": "datagen-7_5-fb.v",
      "graph.datagen-8_1-fb.meta.vertices": "2072117",
      "graph.datagen-7_9-fb.sssp.weight-property": "weight",
      "graph.dota-league.directed": "false",
      "graph.twitter_mpi.bfs.source-vertex": "420",
      "graph.datagen-8_6-fb.sssp.source-vertex": "6",
      "graph.graph500-28.cdlp.max-iterations": "10",
      "graph.datagen-7_7-zf.cdlp.max-iterations": "10",
      "graph.cit-Patents.bfs.source-vertex": "6009541",
      "graph.datagen-8_9-fb.bfs.source-vertex": "6",
      "graph.datagen-9_0-fb.edge-properties.names": "weight",
      "graph.datagen-sf3k-fb.meta.vertices": "33484375",
      "graph.graph500-24.pr.num-iterations": "10",
      "graph.graph500-24.meta.edges": "260379520",
      "graph.wiki-Talk.directed": "true",
      "graph.graph500-26.pr.damping-factor": "0.85",
      "graph.datagen-8_3-zf.edge-properties.names": "weight",
      "graph.graph500-29.cdlp.max-iterations": "10",
      "graph.datagen-7_8-zf.pr.num-iterations": "10",
      "graph.datagen-7_9-fb.algorithms": "bfs",
      "graph.datagen-8_6-fb.pr.damping-factor": "0.85",
      "graph.datagen-8_8-zf.cdlp.max-iterations": "10",
      "graph.datagen-7_6-fb.pr.num-iterations": "10",
      "graph.datagen-7_8-zf.vertex-file": "datagen-7_8-zf.v",
      "graph.datagen-7_5-fb.pr.damping-factor": "0.85",
      "graph.datagen-8_0-fb.edge-file": "datagen-8_0-fb.e",
      "graph.test-pr-directed.meta.vertices": "50",
      "graph.datagen-8_7-zf.edge-properties.types": "real",
      "graph.test-lcc-directed.vertex-file": "test-lcc-directed.v",
      "graph.datagen-8_6-fb.cdlp.max-iterations": "10",
      "graph.dota-league.edge-file": "dota-league.e",
      "graph.graph500-26.vertex-file": "graph500-26.v",
      "graph.graph500-27.algorithms": "bfs",
      "benchmark.type": "custom",
      "graph.datagen-9_0-fb.algorithms": "bfs",
      "graph.test-cdlp-undirected.algorithms": "cdlp",
      "graph.datagen-8_7-zf.sssp.source-vertex": "6",
      "graph.graph500-27.vertex-file": "graph500-27.v",
      "graph.graph500-24.directed": "false",
      "graph.kgs.edge-properties.names": "weight",
      "platform.graphblas.num-threads": "224",
      "graph.datagen-8_6-fb.meta.vertices": "5667674",
      "graph.datagen-8_5-fb.edge-properties.types": "real",
      "graph.datagen-9_4-fb.directed": "false",
      "graph.test-cdlp-directed.vertex-file": "test-cdlp-directed.v",
      "graph.example-directed.edge-file": "example-directed.e",
      "graph.datagen-7_5-fb.pr.num-iterations": "10",
      "graph.kgs.edge-file": "kgs.e",
      "graph.datagen-7_6-fb.vertex-file": "datagen-7_6-fb.v",
      "graph.test-bfs-directed.vertex-file": "test-bfs-directed.v",
      "graph.test-cdlp-directed.meta.edges": "18",
      "graph.datagen-8_2-zf.cdlp.max-iterations": "10",
      "graph.kgs.directed": "false",
      "graph.datagen-9_0-fb.cdlp.max-iterations": "10",
      "graph.test-lcc-directed.directed": "true",
      "graph.datagen-8_7-zf.edge-file": "datagen-8_7-zf.e",
      "graph.graph500-28.meta.edges": "4236163958",
      "graph.cit-Patents.pr.damping-factor": "0.85",
      "graph.dota-league.sssp.source-vertex": "287770",
      "graph.datagen-9_2-zf.edge-properties.types": "real",
      "graph.graph500-23.vertex-file": "graph500-23.v",
      "graph.graph500-22.vertex-file": "graph500-22.v",
      "graph.datagen-7_9-fb.sssp.source-vertex": "6",
      "graph.test-sssp-undirected.edge-properties.types": "real",
      "graph.datagen-7_7-zf.bfs.source-vertex": "6",
      "graph.datagen-9_0-fb.sssp.source-vertex": "6",
      "graph.test-bfs-undirected.meta.edges": "14",
      "graph.datagen-9_1-fb.bfs.source-vertex": "6",
      "graph.datagen-8_3-zf.pr.damping-factor": "0.85",
      "graphs.names": "[graph500-22, graph500-23, graph500-24, graph500-25, graph500-26, graph500-27, graph500-28, graph500-29, graph500-30, datagen-7_5-fb, datagen-7_6-fb, datagen-7_7-zf, datagen-7_8-zf, datagen-7_9-fb, datagen-8_0-fb, datagen-8_1-fb, datagen-8_2-zf, datagen-8_3-zf, datagen-8_4-fb, datagen-8_5-fb, datagen-8_6-fb, datagen-8_7-zf, datagen-8_8-zf, datagen-8_9-fb, datagen-9_0-fb, datagen-9_1-fb, datagen-9_2-zf, datagen-9_3-zf, datagen-9_4-fb, datagen-sf3k-fb, datagen-sf10k-fb, dota-league, com-friendster, twitter_mpi, cit-Patents, kgs, wiki-Talk, test-bfs-directed, test-bfs-undirected, test-cdlp-directed, test-cdlp-undirected, test-lcc-directed, test-lcc-undirected, test-pr-directed, test-pr-undirected, test-sssp-directed, test-sssp-undirected, test-wcc-directed, test-wcc-undirected, example-directed, example-undirected]",
      "graph.test-lcc-directed.edge-file": "test-lcc-directed.e",
      "graph.twitter_mpi.pr.damping-factor": "0.85",
      "graph.datagen-8_2-zf.directed": "false",
      "graph.datagen-9_0-fb.sssp.weight-property": "weight",
      "graph.datagen-7_9-fb.pr.num-iterations": "10",
      "graph.cit-Patents.pr.num-iterations": "10",
      "graph.datagen-9_3-zf.cdlp.max-iterations": "10",
      "graph.datagen-7_6-fb.sssp.weight-property": "weight",
      "graph.datagen-8_3-zf.sssp.weight-property": "weight",
      "graph.test-cdlp-undirected.directed": "false",
      "graph.dota-league.edge-properties.names": "weight",
      "graph.datagen-8_7-zf.meta.edges": "340157363",
      "graph.datagen-7_8-zf.bfs.source-vertex": "6",
      "graph.com-friendster.meta.vertices": "65608366",
      "graph.graph500-22.directed": "false",
      "graph.test-wcc-undirected.algorithms": "wcc",
      "graph.graph500-23.cdlp.max-iterations": "10",
      "graph.datagen-8_6-fb.bfs.source-vertex": "6",
      "graph.datagen-9_4-fb.edge-file": "datagen-9_4-fb.e",
      "graph.com-friendster.pr.num-iterations": "10",
      "graph.twitter_mpi.pr.num-iterations": "10",
      "graph.datagen-7_8-zf.edge-properties.names": "weight",
      "graph.datagen-8_2-zf.edge-properties.types": "real",
      "graph.datagen-9_0-fb.bfs.source-vertex": "6",
      "graph.datagen-sf3k-fb.directed": "false",
      "graph.datagen-8_4-fb.edge-properties.names": "weight",
      "graph.datagen-8_5-fb.edge-file": "datagen-8_5-fb.e",
      "graph.datagen-8_5-fb.sssp.weight-property": "weight",
      "graph.test-lcc-directed.meta.vertices": "10",
      "graph.example-directed.edge-properties.names": "weight",
      "graph.wiki-Talk.meta.vertices": "2394385",
      "graph.datagen-sf10k-fb.sssp.weight-property": "weight",
      "graph.datagen-9_1-fb.vertex-file": "datagen-9_1-fb.v",
      "graph.datagen-sf10k-fb.bfs.source-vertex": "933",
      "graph.test-sssp-directed.algorithms": "sssp",
      "graph.datagen-8_4-fb.meta.edges": "269479177",
      "graph.graph500-29.meta.edges": "8493569115",
      "graph.datagen-9_4-fb.pr.num-iterations": "10",
      "graph.graph500-25.bfs.source-vertex": "24460635",
      "graph.example-undirected.cdlp.max-iterations": "2",
      "graph.kgs.bfs.source-vertex": "239044",
      "graph.datagen-7_7-zf.edge-properties.types": "real",
      "graph.datagen-9_2-zf.pr.num-iterations": "10",
      "graph.graph500-27.directed": "false",
      "graph.datagen-sf3k-fb.cdlp.max-iterations": "10",
      "graph.kgs.vertex-file": "kgs.v",
      "graph.datagen-8_7-zf.sssp.weight-property": "weight",
      "graph.test-pr-undirected.algorithms": "pr",
      "graph.graph500-25.pr.num-iterations": "10",
      "graph.datagen-sf3k-fb.sssp.source-vertex": "6",
      "graph.test-pr-directed.directed": "true",
      "graph.cit-Patents.cdlp.max-iterations": "10",
      "graph.datagen-9_4-fb.algorithms": "bfs",
      "platform.version": "1.0",
      "graph.test-pr-undirected.pr.damping-factor": "0.85",
      "graph.datagen-8_8-zf.vertex-file": "datagen-8_8-zf.v",
      "graph.graph500-30.meta.edges": "17022117362",
      "graph.wiki-Talk.pr.damping-factor": "0.85",
      "graph.example-undirected.vertex-file": "example-undirected.v",
      "graph.datagen-8_4-fb.sssp.source-vertex": "6",
      "graph.datagen-8_8-zf.edge-properties.names": "weight",
      "graph.datagen-sf10k-fb.meta.vertices": "100218750",
      "graph.example-undirected.edge-properties.types": "real",
      "graph.graph500-26.pr.num-iterations": "10",
      "graph.test-lcc-undirected.vertex-file": "test-lcc-undirected.v",
      "graph.dota-league.vertex-file": "dota-league.v",
      "graph.datagen-7_7-zf.edge-file": "datagen-7_7-zf.e",
      "graph.datagen-9_3-zf.meta.vertices": "555270053",
      "graph.datagen-9_3-zf.algorithms": "bfs",
      "graph.twitter_mpi.directed": "true",
      "system.pricing": "",
      "graph.test-sssp-undirected.meta.edges": "14",
      "benchmark.custom.repetitions": "3",
      "graph.example-undirected.algorithms": "bfs",
      "graph.test-pr-undirected.directed": "false",
      "graph.datagen-8_2-zf.meta.edges": "106440188",
      "graph.datagen-8_5-fb.pr.damping-factor": "0.85",
      "graph.dota-league.algorithms": "bfs",
      "graph.datagen-8_6-fb.edge-file": "datagen-8_6-fb.e",
      "graph.datagen-8_6-fb.edge-properties.types": "real",
      "graphs.root-directory": "/home/devcloud/data/",
      "graph.datagen-7_7-zf.pr.num-iterations": "10",
      "graph.com-friendster.vertex-file": "com-friendster.v",
      "graph.graph500-25.meta.edges": "523602831",
      "graph.datagen-7_5-fb.meta.vertices": "633432",
      "graph.test-pr-directed.meta.edges": "246",
      "graph.twitter_mpi.meta.vertices": "52579678",
      "graph.datagen-8_6-fb.pr.num-iterations": "10",
      "graph.test-sssp-directed.edge-properties.types": "real",
      "graph.test-pr-undirected.edge-file": "test-pr-undirected.e",
      "graph.test-wcc-directed.edge-file": "test-wcc-directed.e",
      "graph.kgs.meta.edges": "17891698",
      "graph.datagen-7_5-fb.cdlp.max-iterations": "10",
      "graph.test-wcc-directed.algorithms": "wcc",
      "graph.datagen-9_2-zf.algorithms": "bfs",
      "graph.datagen-7_6-fb.edge-properties.types": "real",
      "graph.datagen-9_0-fb.pr.num-iterations": "10",
      "graph.datagen-8_3-zf.meta.edges": "130579909",
      "graph.datagen-8_7-zf.pr.damping-factor": "0.85",
      "graph.datagen-8_8-zf.pr.num-iterations": "10",
      "graph.example-directed.pr.damping-factor": "0.85",
      "graph.datagen-8_0-fb.directed": "false",
      "graph.datagen-8_9-fb.meta.edges": "848681908",
      "graph.datagen-9_0-fb.directed": "false",
      "graph.datagen-7_9-fb.bfs.source-vertex": "6",
      "graph.datagen-7_8-zf.cdlp.max-iterations": "10",
      "environment.version": "",
      "graph.datagen-9_4-fb.bfs.source-vertex": "6",
      "graph.datagen-9_3-zf.sssp.source-vertex": "6",
      "graph.example-directed.meta.vertices": "10",
      "graph.datagen-8_4-fb.directed": "false",
      "graph.datagen-sf10k-fb.meta.edges": "9404822538"
    }
  },
  "result": {
    "experiments": {
      "e704101": {
        "id": "e704101",
        "type": "custom:exp",
        "jobs": [
          "j622723",
          "j850365",
          "j539728",
          "j591133",
          "j773813",
          "j761207",
          "j628174",
          "j792562",
          "j660655",
          "j541211",
          "j618092",
          "j562648",
          "j525281",
          "j639404",
          "j558050",
          "j900002",
          "j802843",
          "j691168",
          "j688775",
          "j502832",
          "j545693",
          "j794203",
          "j586284",
          "j861726",
          "j699870",
          "j557393",
          "j581877",
          "j474144",
          "j696462",
          "j643803",
          "j780575",
          "j616764",
          "j533240",
          "j475378",
          "j662800",
          "j867259",
          "j907161",
          "j742933",
          "j640608",
          "j586995",
          "j508732",
          "j922070",
          "j722567",
          "j795271",
          "j896880",
          "j480771",
          "j696117",
          "j573645",
          "j899111",
          "j684949",
          "j706067",
          "j782840",
          "j706531",
          "j919094",
          "j495795",
          "j555008"
        ]
      }
    },
    "jobs": {
      "j899111": {
        "id": "j899111",
        "algorithm": "WCC",
        "dataset": "datagen-9_1-fb",
        "scale": "1",
        "repetition": "3",
        "runs": [
          "r680564",
          "r594892",
          "r557374"
        ]
      },
      "j474144": {
        "id": "j474144",
        "algorithm": "CDLP",
        "dataset": "datagen-9_4-fb",
        "scale": "1",
        "repetition": "3",
        "runs": [
          "r650734",
          "r845552",
          "r826187"
        ]
      },
      "j896880": {
        "id": "j896880",
        "algorithm": "WCC",
        "dataset": "datagen-9_3-zf",
        "scale": "1",
        "repetition": "3",
        "runs": [
          "r799906",
          "r478094",
          "r615499"
        ]
      },
      "j562648": {
        "id": "j562648",
        "algorithm": "BFS",
        "dataset": "datagen-sf3k-fb",
        "scale": "1",
        "repetition": "3",
        "runs": [
          "r490251",
          "r653668",
          "r471864"
        ]
      },
      "j850365": {
        "id": "j850365",
        "algorithm": "PR",
        "dataset": "datagen-sf3k-fb",
        "scale": "1",
        "repetition": "3",
        "runs": [
          "r830072",
          "r677402",
          "r703731"
        ]
      },
      "j742933": {
        "id": "j742933",
        "algorithm": "LCC",
        "dataset": "datagen-9_4-fb",
        "scale": "1",
        "repetition": "3",
        "runs": [
          "r806094",
          "r555219",
          "r561774"
        ]
      },
      "j761207": {
        "id": "j761207",
        "algorithm": "PR",
        "dataset": "datagen-9_0-fb",
        "scale": "1",
        "repetition": "3",
        "runs": [
          "r720954",
          "r832258",
          "r648003"
        ]
      },
      "j722567": {
        "id": "j722567",
        "algorithm": "WCC",
        "dataset": "graph500-27",
        "scale": "1",
        "repetition": "3",
        "runs": [
          "r633472",
          "r567188",
          "r558358"
        ]
      },
      "j533240": {
        "id": "j533240",
        "algorithm": "LCC",
        "dataset": "graph500-27",
        "scale": "1",
        "repetition": "3",
        "runs": [
          "r838239",
          "r514265",
          "r635937"
        ]
      },
      "j696462": {
        "id": "j696462",
        "algorithm": "CDLP",
        "dataset": "datagen-9_1-fb",
        "scale": "1",
        "repetition": "3",
        "runs": [
          "r768774",
          "r688389",
          "r669720"
        ]
      },
      "j919094": {
        "id": "j919094",
        "algorithm": "SSSP",
        "dataset": "datagen-9_4-fb",
        "scale": "1",
        "repetition": "3",
        "runs": [
          "r895163",
          "r502887",
          "r808673"
        ]
      },
      "j861726": {
        "id": "j861726",
        "algorithm": "CDLP",
        "dataset": "graph500-26",
        "scale": "1",
        "repetition": "3",
        "runs": [
          "r718081",
          "r496697",
          "r901702"
        ]
      },
      "j616764": {
        "id": "j616764",
        "algorithm": "LCC",
        "dataset": "datagen-sf3k-fb",
        "scale": "1",
        "repetition": "3",
        "runs": [
          "r683259",
          "r749511",
          "r484708"
        ]
      },
      "j555008": {
        "id": "j555008",
        "algorithm": "SSSP",
        "dataset": "datagen-9_2-zf",
        "scale": "1",
        "repetition": "3",
        "runs": [
          "r764633",
          "r672883",
          "r752504"
        ]
      },
      "j581877": {
        "id": "j581877",
        "algorithm": "CDLP",
        "dataset": "com-friendster",
        "scale": "1",
        "repetition": "3",
        "runs": [
          "r561770",
          "r773904",
          "r710429"
        ]
      },
      "j794203": {
        "id": "j794203",
        "algorithm": "CDLP",
        "dataset": "datagen-sf3k-fb",
        "scale": "1",
        "repetition": "3",
        "runs": [
          "r788824",
          "r577739",
          "r678470"
        ]
      },
      "j508732": {
        "id": "j508732",
        "algorithm": "WCC",
        "dataset": "twitter_mpi",
        "scale": "1",
        "repetition": "3",
        "runs": [
          "r887214",
          "r677102",
          "r482077"
        ]
      },
      "j502832": {
        "id": "j502832",
        "algorithm": "BFS",
        "dataset": "datagen-9_2-zf",
        "scale": "1",
        "repetition": "3",
        "runs": [
          "r707506",
          "r741974",
          "r711276"
        ]
      },
      "j541211": {
        "id": "j541211",
        "algorithm": "PR",
        "dataset": "datagen-9_2-zf",
        "scale": "1",
        "repetition": "3",
        "runs": [
          "r707174",
          "r614197",
          "r912888"
        ]
      },
      "j480771": {
        "id": "j480771",
        "algorithm": "WCC",
        "dataset": "datagen-9_0-fb",
        "scale": "1",
        "repetition": "3",
        "runs": [
          "r589056",
          "r699942",
          "r513852"
        ]
      },
      "j780575": {
        "id": "j780575",
        "algorithm": "LCC",
        "dataset": "twitter_mpi",
        "scale": "1",
        "repetition": "3",
        "runs": [
          "r841142",
          "r869841",
          "r548927"
        ]
      },
      "j586284": {
        "id": "j586284",
        "algorithm": "CDLP",
        "dataset": "graph500-27",
        "scale": "1",
        "repetition": "3",
        "runs": [
          "r569884",
          "r543093",
          "r786643"
        ]
      },
      "j802843": {
        "id": "j802843",
        "algorithm": "BFS",
        "dataset": "com-friendster",
        "scale": "1",
        "repetition": "3",
        "runs": [
          "r615131",
          "r522231",
          "r697565"
        ]
      },
      "j691168": {
        "id": "j691168",
        "algorithm": "BFS",
        "dataset": "datagen-9_4-fb",
        "scale": "1",
        "repetition": "3",
        "runs": [
          "r484605",
          "r833285",
          "r808367"
        ]
      },
      "j622723": {
        "id": "j622723",
        "algorithm": "PR",
        "dataset": "twitter_mpi",
        "scale": "1",
        "repetition": "3",
        "runs": [
          "r486277",
          "r613252",
          "r644903"
        ]
      },
      "j545693": {
        "id": "j545693",
        "algorithm": "CDLP",
        "dataset": "twitter_mpi",
        "scale": "1",
        "repetition": "3",
        "runs": [
          "r631435",
          "r908253",
          "r684925"
        ]
      },
      "j643803": {
        "id": "j643803",
        "algorithm": "CDLP",
        "dataset": "datagen-9_2-zf",
        "scale": "1",
        "repetition": "3",
        "runs": [
          "r464279",
          "r771772",
          "r646573"
        ]
      },
      "j907161": {
        "id": "j907161",
        "algorithm": "LCC",
        "dataset": "com-friendster",
        "scale": "1",
        "repetition": "3",
        "runs": [
          "r486198",
          "r492358",
          "r651458"
        ]
      },
      "j539728": {
        "id": "j539728",
        "algorithm": "PR",
        "dataset": "graph500-27",
        "scale": "1",
        "repetition": "3",
        "runs": [
          "r893967",
          "r580876",
          "r893679"
        ]
      },
      "j525281": {
        "id": "j525281",
        "algorithm": "BFS",
        "dataset": "graph500-27",
        "scale": "1",
        "repetition": "3",
        "runs": [
          "r722310",
          "r810280",
          "r754096"
        ]
      },
      "j557393": {
        "id": "j557393",
        "algorithm": "CDLP",
        "dataset": "datagen-9_0-fb",
        "scale": "1",
        "repetition": "3",
        "runs": [
          "r689413",
          "r482034",
          "r534421"
        ]
      },
      "j706531": {
        "id": "j706531",
        "algorithm": "SSSP",
        "dataset": "datagen-9_0-fb",
        "scale": "1",
        "repetition": "3",
        "runs": [
          "r907773",
          "r578887",
          "r758970"
        ]
      },
      "j900002": {
        "id": "j900002",
        "algorithm": "BFS",
        "dataset": "datagen-9_0-fb",
        "scale": "1",
        "repetition": "3",
        "runs": [
          "r518750",
          "r780840",
          "r612735"
        ]
      },
      "j867259": {
        "id": "j867259",
        "algorithm": "LCC",
        "dataset": "datagen-9_0-fb",
        "scale": "1",
        "repetition": "3",
        "runs": [
          "r884305",
          "r468843",
          "r717633"
        ]
      },
      "j684949": {
        "id": "j684949",
        "algorithm": "WCC",
        "dataset": "datagen-9_2-zf",
        "scale": "1",
        "repetition": "3",
        "runs": [
          "r744107",
          "r761943",
          "r740752"
        ]
      },
      "j706067": {
        "id": "j706067",
        "algorithm": "SSSP",
        "dataset": "datagen-sf3k-fb",
        "scale": "1",
        "repetition": "3",
        "runs": [
          "r618173",
          "r821333",
          "r583469"
        ]
      },
      "j573645": {
        "id": "j573645",
        "algorithm": "WCC",
        "dataset": "datagen-9_4-fb",
        "scale": "1",
        "repetition": "3",
        "runs": [
          "r689459",
          "r807581",
          "r913747"
        ]
      },
      "j782840": {
        "id": "j782840",
        "algorithm": "SSSP",
        "dataset": "datagen-9_3-zf",
        "scale": "1",
        "repetition": "3",
        "runs": [
          "r744908",
          "r597132",
          "r773679"
        ]
      },
      "j558050": {
        "id": "j558050",
        "algorithm": "BFS",
        "dataset": "datagen-9_3-zf",
        "scale": "1",
        "repetition": "3",
        "runs": [
          "r885932",
          "r655367",
          "r482580"
        ]
      },
      "j660655": {
        "id": "j660655",
        "algorithm": "PR",
        "dataset": "datagen-9_1-fb",
        "scale": "1",
        "repetition": "3",
        "runs": [
          "r795393",
          "r915405",
          "r900829"
        ]
      },
      "j640608": {
        "id": "j640608",
        "algorithm": "LCC",
        "dataset": "datagen-9_1-fb",
        "scale": "1",
        "repetition": "3",
        "runs": [
          "r812666",
          "r527110",
          "r761417"
        ]
      },
      "j475378": {
        "id": "j475378",
        "algorithm": "LCC",
        "dataset": "graph500-26",
        "scale": "1",
        "repetition": "3",
        "runs": [
          "r802644",
          "r868803",
          "r744777"
        ]
      },
      "j699870": {
        "id": "j699870",
        "algorithm": "CDLP",
        "dataset": "datagen-9_3-zf",
        "scale": "1",
        "repetition": "3",
        "runs": [
          "r865855",
          "r497151",
          "r623916"
        ]
      },
      "j773813": {
        "id": "j773813",
        "algorithm": "PR",
        "dataset": "datagen-9_3-zf",
        "scale": "1",
        "repetition": "3",
        "runs": [
          "r487988",
          "r614664",
          "r685698"
        ]
      },
      "j586995": {
        "id": "j586995",
        "algorithm": "LCC",
        "dataset": "datagen-9_2-zf",
        "scale": "1",
        "repetition": "3",
        "runs": [
          "r833575",
          "r665705",
          "r665092"
        ]
      },
      "j688775": {
        "id": "j688775",
        "algorithm": "BFS",
        "dataset": "datagen-9_1-fb",
        "scale": "1",
        "repetition": "3",
        "runs": [
          "r670127",
          "r885642",
          "r657495"
        ]
      },
      "j495795": {
        "id": "j495795",
        "algorithm": "SSSP",
        "dataset": "datagen-9_1-fb",
        "scale": "1",
        "repetition": "3",
        "runs": [
          "r757864",
          "r691458",
          "r773004"
        ]
      },
      "j792562": {
        "id": "j792562",
        "algorithm": "PR",
        "dataset": "datagen-9_4-fb",
        "scale": "1",
        "repetition": "3",
        "runs": [
          "r521484",
          "r505701",
          "r647427"
        ]
      },
      "j639404": {
        "id": "j639404",
        "algorithm": "BFS",
        "dataset": "graph500-26",
        "scale": "1",
        "repetition": "3",
        "runs": [
          "r484182",
          "r531243",
          "r700884"
        ]
      },
      "j795271": {
        "id": "j795271",
        "algorithm": "WCC",
        "dataset": "graph500-26",
        "scale": "1",
        "repetition": "3",
        "runs": [
          "r680130",
          "r765458",
          "r604128"
        ]
      },
      "j628174": {
        "id": "j628174",
        "algorithm": "PR",
        "dataset": "com-friendster",
        "scale": "1",
        "repetition": "3",
        "runs": [
          "r706266",
          "r794339",
          "r611906"
        ]
      },
      "j922070": {
        "id": "j922070",
        "algorithm": "WCC",
        "dataset": "datagen-sf3k-fb",
        "scale": "1",
        "repetition": "3",
        "runs": [
          "r888696",
          "r744535",
          "r639892"
        ]
      },
      "j618092": {
        "id": "j618092",
        "algorithm": "BFS",
        "dataset": "twitter_mpi",
        "scale": "1",
        "repetition": "3",
        "runs": [
          "r782499",
          "r608291",
          "r688030"
        ]
      },
      "j591133": {
        "id": "j591133",
        "algorithm": "PR",
        "dataset": "graph500-26",
        "scale": "1",
        "repetition": "3",
        "runs": [
          "r761210",
          "r567907",
          "r597296"
        ]
      },
      "j696117": {
        "id": "j696117",
        "algorithm": "WCC",
        "dataset": "com-friendster",
        "scale": "1",
        "repetition": "3",
        "runs": [
          "r773749",
          "r508732",
          "r643518"
        ]
      },
      "j662800": {
        "id": "j662800",
        "algorithm": "LCC",
        "dataset": "datagen-9_3-zf",
        "scale": "1",
        "repetition": "3",
        "runs": [
          "r883373",
          "r686684",
          "r768428"
        ]
      }
    },
    "runs": {
      "r741974": {
        "id": "r741974",
        "timestamp": "1686278674158",
        "success": "true",
        "load_time": "0.013",
        "makespan": "42.281",
        "processing_time": "3.535"
      },
      "r594892": {
        "id": "r594892",
        "timestamp": "1686283921803",
        "success": "true",
        "load_time": "0.022",
        "makespan": "10.741",
        "processing_time": "0.321"
      },
      "r821333": {
        "id": "r821333",
        "timestamp": "1686255923593",
        "success": "true",
        "load_time": "0.019",
        "makespan": "82.024",
        "processing_time": "38.821"
      },
      "r788824": {
        "id": "r788824",
        "timestamp": "1686256751167",
        "success": "true",
        "load_time": "0.033",
        "makespan": "43.050",
        "processing_time": "21.974"
      },
      "r680130": {
        "id": "r680130",
        "timestamp": "1686262162266",
        "success": "true",
        "load_time": "0.021",
        "makespan": "9.701",
        "processing_time": "0.597"
      },
      "r464279": {
        "id": "r464279",
        "timestamp": "1686279132273",
        "success": "true",
        "load_time": "0.013",
        "makespan": "97.839",
        "processing_time": "51.183"
      },
      "r648003": {
        "id": "r648003",
        "timestamp": "1686272891330",
        "success": "true",
        "load_time": "0.013",
        "makespan": "9.996",
        "processing_time": "1.454"
      },
      "r826187": {
        "id": "r826187",
        "timestamp": "1686274828730",
        "success": "true",
        "load_time": "0.019",
        "makespan": "40.487",
        "processing_time": "19.647"
      },
      "r758970": {
        "id": "r758970",
        "timestamp": "1686272437802",
        "success": "true",
        "load_time": "0.020",
        "makespan": "29.427",
        "processing_time": "16.364"
      },
      "r754096": {
        "id": "r754096",
        "timestamp": "1686261319908",
        "success": "true",
        "load_time": "0.010",
        "makespan": "19.187",
        "processing_time": "0.797"
      },
      "r703731": {
        "id": "r703731",
        "timestamp": "1686257216453",
        "success": "true",
        "load_time": "0.033",
        "makespan": "31.526",
        "processing_time": "7.693"
      },
      "r484605": {
        "id": "r484605",
        "timestamp": "1686275738332",
        "success": "true",
        "load_time": "0.019",
        "makespan": "20.114",
        "processing_time": "0.488"
      },
      "r643518": {
        "id": "r643518",
        "timestamp": "1686273113560",
        "success": "true",
        "load_time": "0.010",
        "makespan": "25.411",
        "processing_time": "1.331"
      },
      "r768774": {
        "id": "r768774",
        "timestamp": "1686283412317",
        "success": "true",
        "load_time": "0.022",
        "makespan": "20.037",
        "processing_time": "8.928"
      },
      "r665092": {
        "id": "r665092",
        "timestamp": "1686280588666",
        "success": "true",
        "load_time": "0.013",
        "makespan": "85.843",
        "processing_time": "20.643"
      },
      "r786643": {
        "id": "r786643",
        "timestamp": "1686259771340",
        "success": "true",
        "load_time": "0.010",
        "makespan": "39.947",
        "processing_time": "21.197"
      },
      "r677402": {
        "id": "r677402",
        "timestamp": "1686256818231",
        "success": "true",
        "load_time": "0.033",
        "makespan": "31.555",
        "processing_time": "7.803"
      },
      "r508732": {
        "id": "r508732",
        "timestamp": "1686273329683",
        "success": "true",
        "load_time": "0.010",
        "makespan": "19.528",
        "processing_time": "1.207"
      },
      "r613252": {
        "id": "r613252",
        "timestamp": "1686254261931",
        "success": "true",
        "load_time": "0.038",
        "makespan": "25.100",
        "processing_time": "8.705"
      },
      "r845552": {
        "id": "r845552",
        "timestamp": "1686274891795",
        "success": "true",
        "load_time": "0.019",
        "makespan": "39.534",
        "processing_time": "19.269"
      },
      "r761210": {
        "id": "r761210",
        "timestamp": "1686262729454",
        "success": "true",
        "load_time": "0.021",
        "makespan": "14.730",
        "processing_time": "2.192"
      },
      "r908253": {
        "id": "r908253",
        "timestamp": "1686252982326",
        "success": "true",
        "load_time": "0.038",
        "makespan": "49.150",
        "processing_time": "38.224"
      },
      "r773679": {
        "id": "r773679",
        "timestamp": "1686263946096",
        "success": "true",
        "load_time": "0.015",
        "makespan": "187.434",
        "processing_time": "73.265"
      },
      "r646573": {
        "id": "r646573",
        "timestamp": "1686279570414",
        "success": "true",
        "load_time": "0.013",
        "makespan": "95.924",
        "processing_time": "51.135"
      },
      "r589056": {
        "id": "r589056",
        "timestamp": "1686273074519",
        "success": "true",
        "load_time": "0.013",
        "makespan": "7.721",
        "processing_time": "0.249"
      },
      "r688389": {
        "id": "r688389",
        "timestamp": "1686283805725",
        "success": "true",
        "load_time": "0.022",
        "makespan": "19.438",
        "processing_time": "8.777"
      },
      "r531243": {
        "id": "r531243",
        "timestamp": "1686262131231",
        "success": "true",
        "load_time": "0.021",
        "makespan": "9.573",
        "processing_time": "0.385"
      },
      "r771772": {
        "id": "r771772",
        "timestamp": "1686280339595",
        "success": "true",
        "load_time": "0.013",
        "makespan": "96.912",
        "processing_time": "51.015"
      },
      "r683259": {
        "id": "r683259",
        "timestamp": "1686256140794",
        "success": "true",
        "load_time": "0.033",
        "makespan": "175.239",
        "processing_time": "123.064"
      },
      "r484708": {
        "id": "r484708",
        "timestamp": "1686256874270",
        "success": "true",
        "load_time": "0.033",
        "makespan": "145.533",
        "processing_time": "121.876"
      },
      "r611906": {
        "id": "r611906",
        "timestamp": "1686274253340",
        "success": "true",
        "load_time": "0.010",
        "makespan": "32.201",
        "processing_time": "6.930"
      },
      "r647427": {
        "id": "r647427",
        "timestamp": "1686275096955",
        "success": "true",
        "load_time": "0.019",
        "makespan": "29.608",
        "processing_time": "5.866"
      },
      "r669720": {
        "id": "r669720",
        "timestamp": "1686283742646",
        "success": "true",
        "load_time": "0.022",
        "makespan": "19.550",
        "processing_time": "8.811"
      },
      "r639892": {
        "id": "r639892",
        "timestamp": "1686256534997",
        "success": "true",
        "load_time": "0.033",
        "makespan": "20.406",
        "processing_time": "0.616"
      },
      "r808367": {
        "id": "r808367",
        "timestamp": "1686275192043",
        "success": "true",
        "load_time": "0.019",
        "makespan": "20.622",
        "processing_time": "0.480"
      },
      "r752504": {
        "id": "r752504",
        "timestamp": "1686276047666",
        "success": "true",
        "load_time": "0.020",
        "makespan": "152.560",
        "processing_time": "57.901"
      },
      "r653668": {
        "id": "r653668",
        "timestamp": "1686256651049",
        "success": "true",
        "load_time": "0.033",
        "makespan": "21.419",
        "processing_time": "0.550"
      },
      "r699942": {
        "id": "r699942",
        "timestamp": "1686272964443",
        "success": "true",
        "load_time": "0.013",
        "makespan": "7.325",
        "processing_time": "0.240"
      },
      "r810280": {
        "id": "r810280",
        "timestamp": "1686259652208",
        "success": "true",
        "load_time": "0.010",
        "makespan": "19.230",
        "processing_time": "0.825"
      },
      "r773904": {
        "id": "r773904",
        "timestamp": "1686273254635",
        "success": "true",
        "load_time": "0.010",
        "makespan": "39.786",
        "processing_time": "19.865"
      },
      "r623916": {
        "id": "r623916",
        "timestamp": "1686269262260",
        "success": "true",
        "load_time": "0.009",
        "makespan": "126.874",
        "processing_time": "65.139"
      },
      "r710429": {
        "id": "r710429",
        "timestamp": "1686273796945",
        "success": "true",
        "load_time": "0.010",
        "makespan": "39.484",
        "processing_time": "20.011"
      },
      "r672883": {
        "id": "r672883",
        "timestamp": "1686276388718",
        "success": "true",
        "load_time": "0.020",
        "makespan": "143.689",
        "processing_time": "56.884"
      },
      "r677102": {
        "id": "r677102",
        "timestamp": "1686253979753",
        "success": "true",
        "load_time": "0.038",
        "makespan": "21.723",
        "processing_time": "11.352"
      },
      "r912888": {
        "id": "r912888",
        "timestamp": "1686278863222",
        "success": "true",
        "load_time": "0.013",
        "makespan": "90.428",
        "processing_time": "7.879"
      },
      "r604128": {
        "id": "r604128",
        "timestamp": "1686262840613",
        "success": "true",
        "load_time": "0.021",
        "makespan": "9.697",
        "processing_time": "0.596"
      },
      "r757864": {
        "id": "r757864",
        "timestamp": "1686283358225",
        "success": "true",
        "load_time": "0.015",
        "makespan": "34.579",
        "processing_time": "17.831"
      },
      "r893967": {
        "id": "r893967",
        "timestamp": "1686259911500",
        "success": "true",
        "load_time": "0.010",
        "makespan": "29.872",
        "processing_time": "5.653"
      },
      "r615131": {
        "id": "r615131",
        "timestamp": "1686273612840",
        "success": "true",
        "load_time": "0.010",
        "makespan": "19.419",
        "processing_time": "0.818"
      },
      "r700884": {
        "id": "r700884",
        "timestamp": "1686262809576",
        "success": "true",
        "load_time": "0.021",
        "makespan": "9.638",
        "processing_time": "0.398"
      },
      "r608291": {
        "id": "r608291",
        "timestamp": "1686254966145",
        "success": "true",
        "load_time": "0.038",
        "makespan": "10.383",
        "processing_time": "0.458"
      },
      "r722310": {
        "id": "r722310",
        "timestamp": "1686259320049",
        "success": "true",
        "load_time": "0.010",
        "makespan": "19.365",
        "processing_time": "0.837"
      },
      "r865855": {
        "id": "r865855",
        "timestamp": "1686268246014",
        "success": "true",
        "load_time": "0.009",
        "makespan": "129.000",
        "processing_time": "68.067"
      },
      "r644903": {
        "id": "r644903",
        "timestamp": "1686253920696",
        "success": "true",
        "load_time": "0.038",
        "makespan": "26.247",
        "processing_time": "9.861"
      },
      "r527110": {
        "id": "r527110",
        "timestamp": "1686283969844",
        "success": "true",
        "load_time": "0.022",
        "makespan": "63.068",
        "processing_time": "50.997"
      },
      "r657495": {
        "id": "r657495",
        "timestamp": "1686283778687",
        "success": "true",
        "load_time": "0.022",
        "makespan": "10.437",
        "processing_time": "0.230"
      },
      "r615499": {
        "id": "r615499",
        "timestamp": "1686270950536",
        "success": "true",
        "load_time": "0.009",
        "makespan": "56.657",
        "processing_time": "8.267"
      },
      "r780840": {
        "id": "r780840",
        "timestamp": "1686272531945",
        "success": "true",
        "load_time": "0.013",
        "makespan": "17.077",
        "processing_time": "0.247"
      },
      "r900829": {
        "id": "r900829",
        "timestamp": "1686284050912",
        "success": "true",
        "load_time": "0.022",
        "makespan": "13.965",
        "processing_time": "1.975"
      },
      "r502887": {
        "id": "r502887",
        "timestamp": "1686275873483",
        "success": "true",
        "load_time": "0.010",
        "makespan": "62.777",
        "processing_time": "31.899"
      },
      "r486277": {
        "id": "r486277",
        "timestamp": "1686255081284",
        "success": "true",
        "load_time": "0.038",
        "makespan": "25.108",
        "processing_time": "8.634"
      },
      "r522231": {
        "id": "r522231",
        "timestamp": "1686274013101",
        "success": "true",
        "load_time": "0.010",
        "makespan": "19.467",
        "processing_time": "0.873"
      },
      "r567188": {
        "id": "r567188",
        "timestamp": "1686259372110",
        "success": "true",
        "load_time": "0.010",
        "makespan": "19.191",
        "processing_time": "1.027"
      },
      "r569884": {
        "id": "r569884",
        "timestamp": "1686259840428",
        "success": "true",
        "load_time": "0.010",
        "makespan": "40.076",
        "processing_time": "21.352"
      },
      "r799906": {
        "id": "r799906",
        "timestamp": "1686265637541",
        "success": "true",
        "load_time": "0.009",
        "makespan": "54.992",
        "processing_time": "7.840"
      },
      "r913747": {
        "id": "r913747",
        "timestamp": "1686275657289",
        "success": "true",
        "load_time": "0.019",
        "makespan": "20.768",
        "processing_time": "0.701"
      },
      "r665705": {
        "id": "r665705",
        "timestamp": "1686279817467",
        "success": "true",
        "load_time": "0.013",
        "makespan": "85.946",
        "processing_time": "19.189"
      },
      "r631435": {
        "id": "r631435",
        "timestamp": "1686255004205",
        "success": "true",
        "load_time": "0.038",
        "makespan": "48.572",
        "processing_time": "38.005"
      },
      "r794339": {
        "id": "r794339",
        "timestamp": "1686274184276",
        "success": "true",
        "load_time": "0.010",
        "makespan": "32.064",
        "processing_time": "6.921"
      },
      "r717633": {
        "id": "r717633",
        "timestamp": "1686272633047",
        "success": "true",
        "load_time": "0.013",
        "makespan": "55.047",
        "processing_time": "46.481"
      },
      "r740752": {
        "id": "r740752",
        "timestamp": "1686280845722",
        "success": "true",
        "load_time": "0.013",
        "makespan": "40.869",
        "processing_time": "5.901"
      },
      "r689459": {
        "id": "r689459",
        "timestamp": "1686275578261",
        "success": "true",
        "load_time": "0.019",
        "makespan": "19.737",
        "processing_time": "0.579"
      },
      "r490251": {
        "id": "r490251",
        "timestamp": "1686257339570",
        "success": "true",
        "load_time": "0.033",
        "makespan": "20.778",
        "processing_time": "0.589"
      },
      "r478094": {
        "id": "r478094",
        "timestamp": "1686269586370",
        "success": "true",
        "load_time": "0.009",
        "makespan": "52.716",
        "processing_time": "6.999"
      },
      "r883373": {
        "id": "r883373",
        "timestamp": "1686265304464",
        "success": "true",
        "load_time": "0.009",
        "makespan": "109.767",
        "processing_time": "24.418"
      },
      "r887214": {
        "id": "r887214",
        "timestamp": "1686253099487",
        "success": "true",
        "load_time": "0.038",
        "makespan": "20.928",
        "processing_time": "10.770"
      },
      "r650734": {
        "id": "r650734",
        "timestamp": "1686274953853",
        "success": "true",
        "load_time": "0.019",
        "makespan": "40.263",
        "processing_time": "19.957"
      },
      "r567907": {
        "id": "r567907",
        "timestamp": "1686262972711",
        "success": "true",
        "load_time": "0.021",
        "makespan": "14.895",
        "processing_time": "2.198"
      },
      "r482077": {
        "id": "r482077",
        "timestamp": "1686252821303",
        "success": "true",
        "load_time": "0.038",
        "makespan": "23.519",
        "processing_time": "13.243"
      },
      "r471864": {
        "id": "r471864",
        "timestamp": "1686257383642",
        "success": "true",
        "load_time": "0.033",
        "makespan": "21.634",
        "processing_time": "0.571"
      },
      "r597132": {
        "id": "r597132",
        "timestamp": "1686263091881",
        "success": "true",
        "load_time": "0.015",
        "makespan": "188.127",
        "processing_time": "75.300"
      },
      "r915405": {
        "id": "r915405",
        "timestamp": "1686283556466",
        "success": "true",
        "load_time": "0.022",
        "makespan": "14.237",
        "processing_time": "1.995"
      },
      "r802644": {
        "id": "r802644",
        "timestamp": "1686262265307",
        "success": "true",
        "load_time": "0.021",
        "makespan": "334.842",
        "processing_time": "323.285"
      },
      "r505701": {
        "id": "r505701",
        "timestamp": "1686274535553",
        "success": "true",
        "load_time": "0.019",
        "makespan": "40.348",
        "processing_time": "5.951"
      },
      "r841142": {
        "id": "r841142",
        "timestamp": "1686253261539",
        "success": "true",
        "load_time": "0.038",
        "makespan": "625.356",
        "processing_time": "609.922"
      },
      "r514265": {
        "id": "r514265",
        "timestamp": "1686259977563",
        "success": "true",
        "load_time": "0.010",
        "makespan": "849.238",
        "processing_time": "826.427"
      },
      "r761943": {
        "id": "r761943",
        "timestamp": "1686281951882",
        "success": "true",
        "load_time": "0.013",
        "makespan": "41.010",
        "processing_time": "5.595"
      },
      "r578887": {
        "id": "r578887",
        "timestamp": "1686272386745",
        "success": "true",
        "load_time": "0.020",
        "makespan": "32.221",
        "processing_time": "14.556"
      },
      "r558358": {
        "id": "r558358",
        "timestamp": "1686261058782",
        "success": "true",
        "load_time": "0.010",
        "makespan": "19.406",
        "processing_time": "1.076"
      },
      "r773004": {
        "id": "r773004",
        "timestamp": "1686283252079",
        "success": "true",
        "load_time": "0.015",
        "makespan": "33.809",
        "processing_time": "17.545"
      },
      "r720954": {
        "id": "r720954",
        "timestamp": "1686272765204",
        "success": "true",
        "load_time": "0.013",
        "makespan": "9.883",
        "processing_time": "1.449"
      },
      "r718081": {
        "id": "r718081",
        "timestamp": "1686262091191",
        "success": "true",
        "load_time": "0.021",
        "makespan": "19.566",
        "processing_time": "10.031"
      },
      "r808673": {
        "id": "r808673",
        "timestamp": "1686275961553",
        "success": "true",
        "load_time": "0.010",
        "makespan": "60.521",
        "processing_time": "30.793"
      },
      "r534421": {
        "id": "r534421",
        "timestamp": "1686272563967",
        "success": "true",
        "load_time": "0.013",
        "makespan": "14.374",
        "processing_time": "6.692"
      },
      "r513852": {
        "id": "r513852",
        "timestamp": "1686272594009",
        "success": "true",
        "load_time": "0.013",
        "makespan": "7.778",
        "processing_time": "0.295"
      },
      "r561774": {
        "id": "r561774",
        "timestamp": "1686275405190",
        "success": "true",
        "load_time": "0.019",
        "makespan": "148.061",
        "processing_time": "126.056"
      },
      "r795393": {
        "id": "r795393",
        "timestamp": "1686283524415",
        "success": "true",
        "load_time": "0.022",
        "makespan": "13.927",
        "processing_time": "1.969"
      },
      "r497151": {
        "id": "r497151",
        "timestamp": "1686267916950",
        "success": "true",
        "load_time": "0.009",
        "makespan": "128.130",
        "processing_time": "66.539"
      },
      "r807581": {
        "id": "r807581",
        "timestamp": "1686275015910",
        "success": "true",
        "load_time": "0.019",
        "makespan": "20.303",
        "processing_time": "0.667"
      },
      "r885642": {
        "id": "r885642",
        "timestamp": "1686283449339",
        "success": "true",
        "load_time": "0.022",
        "makespan": "10.672",
        "processing_time": "0.242"
      },
      "r561770": {
        "id": "r561770",
        "timestamp": "1686274114213",
        "success": "true",
        "load_time": "0.010",
        "makespan": "38.386",
        "processing_time": "19.535"
      },
      "r651458": {
        "id": "r651458",
        "timestamp": "1686273468766",
        "success": "true",
        "load_time": "0.010",
        "makespan": "102.804",
        "processing_time": "77.290"
      },
      "r614664": {
        "id": "r614664",
        "timestamp": "1686268572112",
        "success": "true",
        "load_time": "0.009",
        "makespan": "115.328",
        "processing_time": "10.080"
      },
      "r895163": {
        "id": "r895163",
        "timestamp": "1686275778391",
        "success": "true",
        "load_time": "0.010",
        "makespan": "69.446",
        "processing_time": "31.898"
      },
      "r707174": {
        "id": "r707174",
        "timestamp": "1686282980015",
        "success": "true",
        "load_time": "0.013",
        "makespan": "90.784",
        "processing_time": "7.807"
      },
      "r482580": {
        "id": "r482580",
        "timestamp": "1686264721301",
        "success": "true",
        "load_time": "0.009",
        "makespan": "55.535",
        "processing_time": "5.011"
      },
      "r521484": {
        "id": "r521484",
        "timestamp": "1686274598592",
        "success": "true",
        "load_time": "0.019",
        "makespan": "28.325",
        "processing_time": "6.033"
      },
      "r765458": {
        "id": "r765458",
        "timestamp": "1686262626427",
        "success": "true",
        "load_time": "0.021",
        "makespan": "9.616",
        "processing_time": "0.575"
      },
      "r543093": {
        "id": "r543093",
        "timestamp": "1686259583161",
        "success": "true",
        "load_time": "0.010",
        "makespan": "40.040",
        "processing_time": "21.075"
      },
      "r744535": {
        "id": "r744535",
        "timestamp": "1686256341893",
        "success": "true",
        "load_time": "0.033",
        "makespan": "21.376",
        "processing_time": "0.632"
      },
      "r635937": {
        "id": "r635937",
        "timestamp": "1686257545757",
        "success": "true",
        "load_time": "0.010",
        "makespan": "851.228",
        "processing_time": "827.668"
      },
      "r744777": {
        "id": "r744777",
        "timestamp": "1686261730108",
        "success": "true",
        "load_time": "0.021",
        "makespan": "334.864",
        "processing_time": "323.089"
      },
      "r468843": {
        "id": "r468843",
        "timestamp": "1686273003463",
        "success": "true",
        "load_time": "0.013",
        "makespan": "54.150",
        "processing_time": "45.635"
      },
      "r711276": {
        "id": "r711276",
        "timestamp": "1686278482101",
        "success": "true",
        "load_time": "0.013",
        "makespan": "42.721",
        "processing_time": "3.683"
      },
      "r893679": {
        "id": "r893679",
        "timestamp": "1686259703291",
        "success": "true",
        "load_time": "0.010",
        "makespan": "30.932",
        "processing_time": "6.187"
      },
      "r487988": {
        "id": "r487988",
        "timestamp": "1686267321813",
        "success": "true",
        "load_time": "0.009",
        "makespan": "116.536",
        "processing_time": "10.337"
      },
      "r686684": {
        "id": "r686684",
        "timestamp": "1686264370224",
        "success": "true",
        "load_time": "0.009",
        "makespan": "124.772",
        "processing_time": "24.180"
      },
      "r761417": {
        "id": "r761417",
        "timestamp": "1686283662593",
        "success": "true",
        "load_time": "0.022",
        "makespan": "62.003",
        "processing_time": "49.869"
      },
      "r496697": {
        "id": "r496697",
        "timestamp": "1686263012780",
        "success": "true",
        "load_time": "0.021",
        "makespan": "19.510",
        "processing_time": "10.121"
      },
      "r832258": {
        "id": "r832258",
        "timestamp": "1686272864287",
        "success": "true",
        "load_time": "0.013",
        "makespan": "10.063",
        "processing_time": "1.479"
      },
      "r518750": {
        "id": "r518750",
        "timestamp": "1686272941392",
        "success": "true",
        "load_time": "0.013",
        "makespan": "7.494",
        "processing_time": "0.220"
      },
      "r707506": {
        "id": "r707506",
        "timestamp": "1686279383346",
        "success": "true",
        "load_time": "0.013",
        "makespan": "40.810",
        "processing_time": "3.447"
      },
      "r557374": {
        "id": "r557374",
        "timestamp": "1686283476379",
        "success": "true",
        "load_time": "0.022",
        "makespan": "10.730",
        "processing_time": "0.334"
      },
      "r812666": {
        "id": "r812666",
        "timestamp": "1686283842776",
        "success": "true",
        "load_time": "0.022",
        "makespan": "60.964",
        "processing_time": "48.773"
      },
      "r830072": {
        "id": "r830072",
        "timestamp": "1686256694103",
        "success": "true",
        "load_time": "0.033",
        "makespan": "31.635",
        "processing_time": "7.556"
      },
      "r838239": {
        "id": "r838239",
        "timestamp": "1686258433904",
        "success": "true",
        "load_time": "0.010",
        "makespan": "848.755",
        "processing_time": "825.912"
      },
      "r885932": {
        "id": "r885932",
        "timestamp": "1686267670857",
        "success": "true",
        "load_time": "0.009",
        "makespan": "56.647",
        "processing_time": "5.383"
      },
      "r901702": {
        "id": "r901702",
        "timestamp": "1686263052816",
        "success": "true",
        "load_time": "0.021",
        "makespan": "18.564",
        "processing_time": "9.590"
      },
      "r782499": {
        "id": "r782499",
        "timestamp": "1686254223871",
        "success": "true",
        "load_time": "0.038",
        "makespan": "10.397",
        "processing_time": "0.452"
      },
      "r633472": {
        "id": "r633472",
        "timestamp": "1686260864709",
        "success": "true",
        "load_time": "0.010",
        "makespan": "19.165",
        "processing_time": "1.057"
      },
      "r618173": {
        "id": "r618173",
        "timestamp": "1686256031675",
        "success": "true",
        "load_time": "0.019",
        "makespan": "83.642",
        "processing_time": "40.090"
      },
      "r697565": {
        "id": "r697565",
        "timestamp": "1686274064166",
        "success": "true",
        "load_time": "0.010",
        "makespan": "20.028",
        "processing_time": "0.873"
      },
      "r655367": {
        "id": "r655367",
        "timestamp": "1686267077731",
        "success": "true",
        "load_time": "0.009",
        "makespan": "53.387",
        "processing_time": "4.750"
      },
      "r764633": {
        "id": "r764633",
        "timestamp": "1686276717802",
        "success": "true",
        "load_time": "0.020",
        "makespan": "142.581",
        "processing_time": "55.564"
      },
      "r577739": {
        "id": "r577739",
        "timestamp": "1686257273521",
        "success": "true",
        "load_time": "0.033",
        "makespan": "42.958",
        "processing_time": "22.150"
      },
      "r484182": {
        "id": "r484182",
        "timestamp": "1686262942674",
        "success": "true",
        "load_time": "0.021",
        "makespan": "9.601",
        "processing_time": "0.361"
      },
      "r773749": {
        "id": "r773749",
        "timestamp": "1686273662865",
        "success": "true",
        "load_time": "0.010",
        "makespan": "19.529",
        "processing_time": "1.232"
      },
      "r678470": {
        "id": "r678470",
        "timestamp": "1686256467918",
        "success": "true",
        "load_time": "0.033",
        "makespan": "43.177",
        "processing_time": "22.060"
      },
      "r744107": {
        "id": "r744107",
        "timestamp": "1686277044886",
        "success": "true",
        "load_time": "0.013",
        "makespan": "41.073",
        "processing_time": "6.243"
      },
      "r888696": {
        "id": "r888696",
        "timestamp": "1686257427689",
        "success": "true",
        "load_time": "0.033",
        "makespan": "20.772",
        "processing_time": "0.619"
      },
      "r744908": {
        "id": "r744908",
        "timestamp": "1686263518989",
        "success": "true",
        "load_time": "0.015",
        "makespan": "188.143",
        "processing_time": "75.286"
      },
      "r907773": {
        "id": "r907773",
        "timestamp": "1686272485870",
        "success": "true",
        "load_time": "0.020",
        "makespan": "27.623",
        "processing_time": "15.159"
      },
      "r833575": {
        "id": "r833575",
        "timestamp": "1686280081535",
        "success": "true",
        "load_time": "0.013",
        "makespan": "86.326",
        "processing_time": "20.348"
      },
      "r688030": {
        "id": "r688030",
        "timestamp": "1686253059423",
        "success": "true",
        "load_time": "0.038",
        "makespan": "11.307",
        "processing_time": "0.725"
      },
      "r749511": {
        "id": "r749511",
        "timestamp": "1686257044368",
        "success": "true",
        "load_time": "0.033",
        "makespan": "146.346",
        "processing_time": "122.306"
      },
      "r706266": {
        "id": "r706266",
        "timestamp": "1686274465457",
        "success": "true",
        "load_time": "0.010",
        "makespan": "32.010",
        "processing_time": "6.945"
      },
      "r868803": {
        "id": "r868803",
        "timestamp": "1686261369996",
        "success": "true",
        "load_time": "0.021",
        "makespan": "334.570",
        "processing_time": "322.656"
      },
      "r583469": {
        "id": "r583469",
        "timestamp": "1686255794514",
        "success": "true",
        "load_time": "0.019",
        "makespan": "103.951",
        "processing_time": "42.225"
      },
      "r691458": {
        "id": "r691458",
        "timestamp": "1686283306170",
        "success": "true",
        "load_time": "0.015",
        "makespan": "32.429",
        "processing_time": "16.980"
      },
      "r580876": {
        "id": "r580876",
        "timestamp": "1686261252845",
        "success": "true",
        "load_time": "0.010",
        "makespan": "30.338",
        "processing_time": "5.666"
      },
      "r486198": {
        "id": "r486198",
        "timestamp": "1686274324401",
        "success": "true",
        "load_time": "0.010",
        "makespan": "101.689",
        "processing_time": "77.173"
      },
      "r680564": {
        "id": "r680564",
        "timestamp": "1686283588515",
        "success": "true",
        "load_time": "0.022",
        "makespan": "10.960",
        "processing_time": "0.383"
      },
      "r612735": {
        "id": "r612735",
        "timestamp": "1686272918365",
        "success": "true",
        "load_time": "0.013",
        "makespan": "7.592",
        "processing_time": "0.245"
      },
      "r684925": {
        "id": "r684925",
        "timestamp": "1686254146782",
        "success": "true",
        "load_time": "0.038",
        "makespan": "49.022",
        "processing_time": "38.353"
      },
      "r869841": {
        "id": "r869841",
        "timestamp": "1686255138339",
        "success": "true",
        "load_time": "0.038",
        "makespan": "621.975",
        "processing_time": "606.579"
      },
      "r492358": {
        "id": "r492358",
        "timestamp": "1686273867994",
        "success": "true",
        "load_time": "0.010",
        "makespan": "104.213",
        "processing_time": "79.429"
      },
      "r768428": {
        "id": "r768428",
        "timestamp": "1686264972404",
        "success": "true",
        "load_time": "0.009",
        "makespan": "109.238",
        "processing_time": "23.835"
      },
      "r689413": {
        "id": "r689413",
        "timestamp": "1686272735147",
        "success": "true",
        "load_time": "0.013",
        "makespan": "14.110",
        "processing_time": "6.634"
      },
      "r806094": {
        "id": "r806094",
        "timestamp": "1686274649643",
        "success": "true",
        "load_time": "0.019",
        "makespan": "155.164",
        "processing_time": "131.983"
      },
      "r555219": {
        "id": "r555219",
        "timestamp": "1686275233104",
        "success": "true",
        "load_time": "0.019",
        "makespan": "147.777",
        "processing_time": "125.616"
      },
      "r685698": {
        "id": "r685698",
        "timestamp": "1686268916177",
        "success": "true",
        "load_time": "0.009",
        "makespan": "114.985",
        "processing_time": "9.909"
      },
      "r670127": {
        "id": "r670127",
        "timestamp": "1686283635540",
        "success": "true",
        "load_time": "0.022",
        "makespan": "10.695",
        "processing_time": "0.254"
      },
      "r884305": {
        "id": "r884305",
        "timestamp": "1686272792239",
        "success": "true",
        "load_time": "0.013",
        "makespan": "54.861",
        "processing_time": "46.270"
      },
      "r833285": {
        "id": "r833285",
        "timestamp": "1686275150017",
        "success": "true",
        "load_time": "0.019",
        "makespan": "21.134",
        "processing_time": "0.543"
      },
      "r548927": {
        "id": "r548927",
        "timestamp": "1686254319995",
        "success": "true",
        "load_time": "0.038",
        "makespan": "613.726",
        "processing_time": "598.355"
      },
      "r597296": {
        "id": "r597296",
        "timestamp": "1686262769533",
        "success": "true",
        "load_time": "0.021",
        "makespan": "14.680",
        "processing_time": "2.220"
      },
      "r482034": {
        "id": "r482034",
        "timestamp": "1686272705092",
        "success": "true",
        "load_time": "0.013",
        "makespan": "14.460",
        "processing_time": "6.721"
      },
      "r614197": {
        "id": "r614197",
        "timestamp": "1686278210054",
        "success": "true",
        "load_time": "0.013",
        "makespan": "92.056",
        "processing_time": "8.190"
      }
    }
  }
}