{
  "id": "b772912",
  "specification": "1.0.0",
  "description": "Libgrape-lite LDBC Benchmark",
  "system": {
    "platform": {
      "name": "libgrape-lite",
      "acronym": "libgrape",
      "version": "0.3.1",
      "link": "https://github.com/alibaba/libgrape-lite"
    },
    "environment": {
      "name": "ecs.r7.16xlarge",
      "acronym": "r7",
      "version": "1.0.0",
      "link": "https://help.aliyun.com/document_detail/25378.html?spm\u003d5176.ecsnewbuy.help.dexternal.155d3675Y8BpwF#r7\"",
      "machines": [
        {
          "quantity": "2",
          "cpu": "Intel(R) Xeon(R) Platinum 8369B CPU @ 2.70GHz",
          "memory": "512GiB",
          "network": "VPC",
          "storage": "Cloud Parallel File Storage"
        }
      ]
    },
    "tool": {
      "graphalytics-core": {
        "name": "graphalytics-core",
        "version": "1.10.0",
        "link": "https://github.com/ldbc/ldbc_graphalytics"
      },
      "graphalytics-platforms-libgrape": {
        "name": "graphalytics-platforms-libgrape",
        "version": "0.4-SNAPSHOT",
        "link": "https://github.com/alibaba/libgrape-lite"
      }
    },
    "pricing": "72328.41"
  },
  "benchmark": {
    "type": "custom",
    "name": "Benchmark for dataset size S",
    "duration": "3140845",
    "timeout": "900",
    "resources": {},
    "output": {
      "required": "-",
      "directory": "./output"
    },
    "validation": {
      "required": "-",
      "directory": "/mnt/nas/ldbc_graphalytics_datasets"
    },
    "configurations": {
      "graph.graph500-30.cdlp.max-iterations": "10",
      "graph.datagen-7_6-fb.sssp.source-vertex": "6",
      "environment.machine.memory": "512GiB",
      "graph.datagen-9_4-fb.sssp.weight-property": "weight",
      "graph.graph500-27.meta.vertices": "63081040",
      "graph.datagen-7_6-fb.bfs.source-vertex": "6",
      "graph.datagen-9_1-fb.meta.vertices": "16087483",
      "graph.graph500-22.meta.vertices": "2396657",
      "graph.com-friendster.cdlp.max-iterations": "10",
      "graph.com-friendster.bfs.source-vertex": "101",
      "graph.datagen-7_9-fb.vertex-file": "datagen-7_9-fb.v",
      "graph.datagen-7_9-fb.meta.edges": "85670523",
      "environment.machine.quantity": "2",
      "graph.datagen-7_5-fb.sssp.weight-property": "weight",
      "environment.machine.storage": "Cloud Parallel File Storage",
      "graph.graph500-29.pr.damping-factor": "0.85",
      "graphs.validation-directory": "/mnt/nas/ldbc_graphalytics_datasets",
      "benchmark.runner.max-memory": "",
      "graph.datagen-sf3k-fb.pr.num-iterations": "10",
      "graph.datagen-7_7-zf.meta.edges": "32791267",
      "graph.graph500-28.pr.damping-factor": "0.85",
      "graph.datagen-9_2-zf.vertex-file": "datagen-9_2-zf.v",
      "graph.datagen-sf3k-fb.pr.damping-factor": "0.85",
      "graph.dota-league.cdlp.max-iterations": "10",
      "graph.graph500-22.cdlp.max-iterations": "10",
      "graph.graph500-22.edge-file": "graph500-22.e",
      "graph.graph500-27.pr.damping-factor": "0.85",
      "graph.dota-league.bfs.source-vertex": "287770",
      "graph.datagen-9_4-fb.edge-properties.types": "real",
      "graph.datagen-sf10k-fb.directed": "false",
      "graph.datagen-7_7-zf.algorithms": "bfs",
      "graph.graph500-30.edge-file": "graph500-30.e",
      "graph.datagen-7_6-fb.meta.vertices": "754147",
      "graph.graph500-28.pr.num-iterations": "10",
      "graph.twitter_mpi.cdlp.max-iterations": "10",
      "graph.datagen-7_9-fb.cdlp.max-iterations": "10",
      "graph.graph500-22.bfs.source-vertex": "248533",
      "graph.graph500-30.pr.damping-factor": "0.85",
      "benchmark.name": "Benchmark for dataset size S",
      "graph.datagen-9_1-fb.edge-properties.types": "real",
      "graph.datagen-sf10k-fb.algorithms": "bfs",
      "graph.datagen-sf10k-fb.vertex-file": "datagen-sf10k-fb.v",
      "graph.datagen-sf10k-fb.edge-properties.types": "real",
      "graph.datagen-7_7-zf.sssp.source-vertex": "6",
      "graph.com-friendster.meta.edges": "1806067135",
      "graph.graph500-26.meta.vertices": "32804978",
      "benchmark.custom.timeout": "900",
      "graph.datagen-7_5-fb.bfs.source-vertex": "6",
      "graph.datagen-9_0-fb.edge-file": "datagen-9_0-fb.e",
      "graph.datagen-7_8-zf.algorithms": "bfs",
      "graph.datagen-9_2-zf.sssp.weight-property": "weight",
      "graph.datagen-9_2-zf.sssp.source-vertex": "6",
      "graph.datagen-7_8-zf.sssp.weight-property": "weight",
      "graph.datagen-9_1-fb.cdlp.max-iterations": "10",
      "graph.datagen-7_5-fb.algorithms": "bfs",
      "platform.name": "libgrape-lite",
      "graph.datagen-7_6-fb.edge-file": "datagen-7_6-fb.e",
      "graph.datagen-9_2-zf.bfs.source-vertex": "6",
      "graph.datagen-sf10k-fb.cdlp.max-iterations": "10",
      "graph.dota-league.meta.vertices": "61170",
      "graph.datagen-7_7-zf.meta.vertices": "13180508",
      "graph.datagen-7_5-fb.meta.edges": "34185747",
      "graph.datagen-9_4-fb.sssp.source-vertex": "6",
      "graph.datagen-7_8-zf.edge-file": "datagen-7_8-zf.e",
      "graph.graph500-26.meta.edges": "1051922853",
      "graph.datagen-9_2-zf.pr.damping-factor": "0.85",
      "graph.datagen-9_3-zf.pr.num-iterations": "10",
      "graph.datagen-9_3-zf.edge-properties.types": "real",
      "graph.graph500-30.directed": "false",
      "graph.graph500-28.meta.vertices": "121242388",
      "graph.graph500-30.meta.vertices": "447797986",
      "graph.datagen-9_4-fb.cdlp.max-iterations": "10",
      "graph.datagen-9_1-fb.algorithms": "bfs",
      "benchmark.custom.algorithms": "BFS",
      "graph.datagen-7_5-fb.edge-properties.names": "weight",
      "graph.datagen-9_3-zf.bfs.source-vertex": "6",
      "graph.twitter_mpi.meta.edges": "1963263508",
      "graph.graph500-27.pr.num-iterations": "10",
      "graph.datagen-7_7-zf.edge-properties.names": "weight",
      "graph.datagen-9_4-fb.edge-properties.names": "weight",
      "graph.dota-league.edge-properties.types": "real",
      "graph.datagen-9_3-zf.vertex-file": "datagen-9_3-zf.v",
      "graph.datagen-9_4-fb.vertex-file": "datagen-9_4-fb.v",
      "graph.datagen-7_9-fb.edge-properties.names": "weight",
      "graph.datagen-9_2-zf.directed": "false",
      "graph.datagen-9_2-zf.edge-file": "datagen-9_2-zf.e",
      "graph.graph500-26.cdlp.max-iterations": "10",
      "graph.datagen-9_3-zf.edge-file": "datagen-9_3-zf.e",
      "graph.datagen-sf3k-fb.algorithms": "bfs",
      "graph.graph500-26.bfs.source-vertex": "62455266",
      "graph.datagen-9_2-zf.cdlp.max-iterations": "10",
      "graph.graph500-26.algorithms": "bfs",
      "graph.datagen-7_9-fb.edge-properties.types": "real",
      "environment.name": "ecs.r7.16xlarge",
      "graphs.output-directory": "./output",
      "graph.datagen-9_4-fb.meta.vertices": "29310565",
      "graph.datagen-sf3k-fb.meta.edges": "2912009743",
      "graph.datagen-sf3k-fb.edge-properties.names": "weight",
      "graph.graph500-27.bfs.source-vertex": "0",
      "graph.graph500-27.cdlp.max-iterations": "10",
      "graph.graph500-30.pr.num-iterations": "10",
      "graph.graph500-30.vertex-file": "graph500-30.v",
      "graph.datagen-7_6-fb.cdlp.max-iterations": "10",
      "graph.graph500-22.pr.damping-factor": "0.85",
      "graph.datagen-sf3k-fb.bfs.source-vertex": "933",
      "graph.graph500-29.edge-file": "graph500-29.e",
      "graph.twitter_mpi.algorithms": "bfs",
      "graph.graph500-22.meta.edges": "64155735",
      "graph.datagen-7_5-fb.directed": "false",
      "graph.datagen-9_2-zf.meta.vertices": "434943376",
      "graph.graph500-28.directed": "false",
      "graph.datagen-7_7-zf.pr.damping-factor": "0.85",
      "graph.datagen-7_8-zf.edge-properties.types": "real",
      "graph.datagen-9_1-fb.pr.num-iterations": "10",
      "graph.datagen-sf10k-fb.pr.num-iterations": "10",
      "graph.datagen-sf10k-fb.sssp.source-vertex": "6",
      "graph.graph500-30.bfs.source-vertex": "0",
      "graph.datagen-7_9-fb.edge-file": "datagen-7_9-fb.e",
      "graph.datagen-7_8-zf.sssp.source-vertex": "6",
      "graph.datagen-7_5-fb.vertex-file": "datagen-7_5-fb.v",
      "graph.datagen-7_9-fb.sssp.weight-property": "weight",
      "graph.dota-league.directed": "false",
      "graph.twitter_mpi.bfs.source-vertex": "420",
      "graph.graph500-28.cdlp.max-iterations": "10",
      "graph.dota-league.pr.damping-factor": "0.85",
      "graph.graph500-28.algorithms": "bfs",
      "graph.datagen-7_7-zf.cdlp.max-iterations": "10",
      "graph.datagen-9_0-fb.edge-properties.names": "weight",
      "graph.datagen-sf3k-fb.meta.vertices": "33484375",
      "graph.datagen-9_3-zf.edge-properties.names": "weight",
      "graph.twitter_mpi.edge-file": "twitter_mpi.e",
      "graph.datagen-7_5-fb.edge-properties.types": "real",
      "graph.graph500-26.pr.damping-factor": "0.85",
      "graph.graph500-29.meta.vertices": "232999630",
      "graph.datagen-7_6-fb.meta.edges": "42162988",
      "graph.datagen-sf3k-fb.edge-file": "datagen-sf3k-fb.e",
      "graph.datagen-9_0-fb.vertex-file": "datagen-9_0-fb.v",
      "graph.datagen-9_1-fb.sssp.source-vertex": "6",
      "graph.graph500-29.cdlp.max-iterations": "10",
      "graph.datagen-9_0-fb.pr.damping-factor": "0.85",
      "graph.datagen-7_8-zf.pr.num-iterations": "10",
      "graph.datagen-7_9-fb.algorithms": "bfs",
      "graph.datagen-7_9-fb.directed": "false",
      "platform.acronym": "libgrape",
      "graph.datagen-7_6-fb.pr.num-iterations": "10",
      "graph.datagen-7_8-zf.vertex-file": "datagen-7_8-zf.v",
      "graph.datagen-7_5-fb.pr.damping-factor": "0.85",
      "graph.datagen-7_5-fb.edge-file": "datagen-7_5-fb.e",
      "graph.com-friendster.edge-file": "com-friendster.e",
      "graph.dota-league.sssp.weight-property": "weight",
      "graph.dota-league.edge-file": "dota-league.e",
      "graph.datagen-7_9-fb.meta.vertices": "1387587",
      "graph.graph500-26.vertex-file": "graph500-26.v",
      "graph.graph500-27.algorithms": "bfs",
      "benchmark.type": "custom",
      "graph.com-friendster.pr.damping-factor": "0.85",
      "graph.datagen-9_0-fb.algorithms": "bfs",
      "graph.graph500-28.vertex-file": "graph500-28.v",
      "graph.datagen-9_1-fb.directed": "false",
      "graph.datagen-9_3-zf.meta.edges": "1309998551",
      "graph.graph500-27.vertex-file": "graph500-27.v",
      "graph.graph500-29.vertex-file": "graph500-29.v",
      "graph.datagen-7_6-fb.pr.damping-factor": "0.85",
      "graph.datagen-9_4-fb.directed": "false",
      "environment.machine.cpu": "Intel(R) Xeon(R) Platinum 8369B CPU @ 2.70GHz",
      "graph.datagen-7_5-fb.pr.num-iterations": "10",
      "graph.datagen-7_6-fb.vertex-file": "datagen-7_6-fb.v",
      "graph.datagen-7_7-zf.sssp.weight-property": "weight",
      "environment.acronym": "r7",
      "graph.datagen-9_0-fb.cdlp.max-iterations": "10",
      "graph.datagen-sf3k-fb.edge-properties.types": "real",
      "graph.dota-league.meta.edges": "50870313",
      "graph.datagen-9_0-fb.meta.edges": "1049527225",
      "graph.datagen-7_8-zf.meta.vertices": "16521886",
      "graph.graph500-28.meta.edges": "4236163958",
      "graph.datagen-9_2-zf.edge-properties.types": "real",
      "graph.dota-league.sssp.source-vertex": "287770",
      "graph.datagen-sf3k-fb.sssp.weight-property": "weight",
      "graph.datagen-sf3k-fb.vertex-file": "datagen-sf3k-fb.v",
      "graph.graph500-27.meta.edges": "2111642032",
      "graph.graph500-22.vertex-file": "graph500-22.v",
      "graph.datagen-7_9-fb.sssp.source-vertex": "6",
      "graph.datagen-9_0-fb.sssp.source-vertex": "6",
      "graph.datagen-7_7-zf.bfs.source-vertex": "6",
      "graph.datagen-9_1-fb.bfs.source-vertex": "6",
      "graph.datagen-7_6-fb.algorithms": "bfs",
      "graph.datagen-7_8-zf.directed": "false",
      "graph.datagen-9_3-zf.sssp.weight-property": "weight",
      "graphs.names": "[com-friendster, datagen-9_0-fb, datagen-9_1-fb, datagen-9_2-zf, datagen-9_3-zf, datagen-9_4-fb, datagen-sf10k-fb, datagen-sf3k-fb, graph500-26, graph500-27, graph500-28, graph500-29, graph500-30, twitter_mpi, graph500-22, dota-league, datagen-7_5-fb, datagen-7_6-fb, datagen-7_7-zf, datagen-7_8-zf, datagen-7_9-fb]",
      "graph.twitter_mpi.pr.damping-factor": "0.85",
      "graph.datagen-9_0-fb.sssp.weight-property": "weight",
      "graph.datagen-7_9-fb.pr.num-iterations": "10",
      "platform.libgrape.nodes": "\"172.24.177.188,172.24.177.192\"",
      "graph.datagen-9_3-zf.cdlp.max-iterations": "10",
      "graph.datagen-7_6-fb.sssp.weight-property": "weight",
      "graph.datagen-7_6-fb.edge-properties.names": "weight",
      "graph.dota-league.edge-properties.names": "weight",
      "graph.datagen-7_8-zf.bfs.source-vertex": "6",
      "graph.com-friendster.meta.vertices": "65608366",
      "graph.graph500-22.directed": "false",
      "graph.graph500-30.algorithms": "bfs",
      "graph.datagen-9_4-fb.edge-file": "datagen-9_4-fb.e",
      "graph.graph500-28.edge-file": "graph500-28.e",
      "graph.com-friendster.pr.num-iterations": "10",
      "graph.graph500-29.directed": "false",
      "graph.twitter_mpi.pr.num-iterations": "10",
      "graph.datagen-7_8-zf.edge-properties.names": "weight",
      "benchmark.runner.port": "8014",
      "graph.datagen-9_0-fb.bfs.source-vertex": "6",
      "graph.datagen-sf3k-fb.directed": "false",
      "graph.datagen-7_9-fb.pr.damping-factor": "0.85",
      "graph.graph500-29.bfs.source-vertex": "0",
      "graph.datagen-9_0-fb.edge-properties.types": "real",
      "graph.datagen-7_5-fb.sssp.source-vertex": "6",
      "graph.datagen-sf10k-fb.sssp.weight-property": "weight",
      "graph.com-friendster.directed": "false",
      "graph.datagen-9_1-fb.vertex-file": "datagen-9_1-fb.v",
      "graph.datagen-9_2-zf.meta.edges": "1042340732",
      "graph.datagen-7_7-zf.directed": "false",
      "benchmark.description": "Libgrape-lite LDBC Benchmark",
      "graph.datagen-sf10k-fb.bfs.source-vertex": "933",
      "graph.graph500-22.algorithms": "bfs",
      "benchmark.custom.validation-required": "true",
      "graph.graph500-29.meta.edges": "8493569115",
      "graph.datagen-9_4-fb.pr.num-iterations": "10",
      "graph.datagen-9_0-fb.meta.vertices": "12857671",
      "graph.datagen-7_7-zf.vertex-file": "datagen-7_7-zf.v",
      "graph.graph500-27.edge-file": "graph500-27.e",
      "graph.datagen-7_7-zf.edge-properties.types": "real",
      "graph.datagen-9_1-fb.edge-properties.names": "weight",
      "graph.datagen-9_2-zf.pr.num-iterations": "10",
      "graph.graph500-27.directed": "false",
      "graph.datagen-sf3k-fb.cdlp.max-iterations": "10",
      "benchmark.custom.graphs": "graph500-22",
      "graph.datagen-sf3k-fb.sssp.source-vertex": "6",
      "graph.datagen-9_4-fb.pr.damping-factor": "0.85",
      "graph.datagen-9_2-zf.edge-properties.names": "weight",
      "graph.datagen-9_4-fb.algorithms": "bfs",
      "environment.machine.network": "VPC",
      "graph.twitter_mpi.vertex-file": "twitter_mpi.v",
      "platform.version": "0.3.0",
      "graph.datagen-9_3-zf.pr.damping-factor": "0.85",
      "graph.graph500-26.edge-file": "graph500-26.e",
      "graph.datagen-9_1-fb.meta.edges": "1342158397",
      "graph.datagen-9_3-zf.directed": "false",
      "graph.graph500-30.meta.edges": "17022117362",
      "graph.datagen-7_8-zf.pr.damping-factor": "0.85",
      "graph.datagen-sf10k-fb.meta.vertices": "100218750",
      "graph.datagen-9_1-fb.sssp.weight-property": "weight",
      "graph.graph500-26.pr.num-iterations": "10",
      "graph.graph500-26.directed": "false",
      "environment.link": "https://help.aliyun.com/document_detail/25378.html?spm\u003d5176.ecsnewbuy.help.dexternal.155d3675Y8BpwF#r7\"",
      "graph.dota-league.pr.num-iterations": "10",
      "graph.dota-league.vertex-file": "dota-league.v",
      "graph.datagen-7_7-zf.edge-file": "datagen-7_7-zf.e",
      "graph.datagen-7_8-zf.meta.edges": "41025255",
      "graph.datagen-9_3-zf.meta.vertices": "555270053",
      "graph.graph500-28.bfs.source-vertex": "0",
      "graph.datagen-9_3-zf.algorithms": "bfs",
      "graph.datagen-9_4-fb.meta.edges": "2588948669",
      "platform.libgrape.home": "/mnt/nas/libgrape-lite-small",
      "graph.twitter_mpi.directed": "true",
      "graph.datagen-7_6-fb.directed": "false",
      "platform.link": "https://github.com/alibaba/libgrape-lite",
      "graph.datagen-9_1-fb.pr.damping-factor": "0.85",
      "graph.datagen-sf10k-fb.pr.damping-factor": "0.85",
      "system.pricing": "72328.41",
      "benchmark.executor.port": "8013",
      "benchmark.custom.repetitions": "3",
      "graph.graph500-22.pr.num-iterations": "10",
      "graph.dota-league.algorithms": "bfs",
      "graphs.root-directory": "/mnt/nas/ldbc_graphalytics_datasets",
      "graph.datagen-7_7-zf.pr.num-iterations": "10",
      "graph.com-friendster.vertex-file": "com-friendster.v",
      "graph.datagen-7_5-fb.meta.vertices": "633432",
      "graph.twitter_mpi.meta.vertices": "52579678",
      "graph.datagen-7_5-fb.cdlp.max-iterations": "10",
      "graph.datagen-9_2-zf.algorithms": "bfs",
      "graph.datagen-7_6-fb.edge-properties.types": "real",
      "graph.datagen-9_0-fb.pr.num-iterations": "10",
      "graph.graph500-29.algorithms": "bfs",
      "graph.datagen-9_1-fb.edge-file": "datagen-9_1-fb.e",
      "graph.datagen-9_0-fb.directed": "false",
      "benchmark.custom.output-required": "true",
      "graph.datagen-7_9-fb.bfs.source-vertex": "6",
      "graph.datagen-sf10k-fb.edge-properties.names": "weight",
      "graph.datagen-7_8-zf.cdlp.max-iterations": "10",
      "environment.version": "1.0.0",
      "graph.graph500-29.pr.num-iterations": "10",
      "graph.datagen-9_4-fb.bfs.source-vertex": "6",
      "graph.com-friendster.algorithms": "bfs",
      "graph.datagen-9_3-zf.sssp.source-vertex": "6",
      "graph.datagen-sf10k-fb.edge-file": "datagen-sf10k-fb.e",
      "graph.datagen-sf10k-fb.meta.edges": "9404822538"
    }
  },
  "result": {
    "experiments": {
      "e506180": {
        "id": "e506180",
        "type": "custom:exp",
        "jobs": [
          "j742053",
          "j865190",
          "j837723",
          "j662273",
          "j614897",
          "j645444",
          "j712689",
          "j844998",
          "j914809",
          "j511505",
          "j673240",
          "j540070",
          "j647221",
          "j465625",
          "j772489",
          "j631843",
          "j529393",
          "j792834",
          "j492961",
          "j691634",
          "j603580",
          "j810164",
          "j847712",
          "j708287",
          "j837082",
          "j639616",
          "j491043",
          "j734696",
          "j694268",
          "j475423",
          "j755597",
          "j735631",
          "j607257",
          "j625833",
          "j540057",
          "j492516",
          "j843014",
          "j504829",
          "j468213",
          "j473197",
          "j815830"
        ]
      }
    },
    "jobs": {
      "j742053": {
        "id": "j742053",
        "algorithm": "WCC",
        "dataset": "datagen-7_5-fb",
        "scale": "1",
        "repetition": "3",
        "runs": [
          "r637530",
          "r903203",
          "r690163"
        ]
      },
      "j772489": {
        "id": "j772489",
        "algorithm": "CDLP",
        "dataset": "datagen-7_6-fb",
        "scale": "1",
        "repetition": "3",
        "runs": [
          "r865927",
          "r492132",
          "r519350"
        ]
      },
      "j614897": {
        "id": "j614897",
        "algorithm": "WCC",
        "dataset": "dota-league",
        "scale": "1",
        "repetition": "3",
        "runs": [
          "r554596",
          "r788568",
          "r735586"
        ]
      },
      "j473197": {
        "id": "j473197",
        "algorithm": "PR",
        "dataset": "graph500-22",
        "scale": "1",
        "repetition": "3",
        "runs": [
          "r757043",
          "r850934",
          "r498809"
        ]
      },
      "j691634": {
        "id": "j691634",
        "algorithm": "CDLP",
        "dataset": "datagen-7_9-fb",
        "scale": "1",
        "repetition": "3",
        "runs": [
          "r870065",
          "r598985",
          "r661531"
        ]
      },
      "j491043": {
        "id": "j491043",
        "algorithm": "BFS",
        "dataset": "datagen-7_9-fb",
        "scale": "1",
        "repetition": "3",
        "runs": [
          "r814287",
          "r482971",
          "r542314"
        ]
      },
      "j603580": {
        "id": "j603580",
        "algorithm": "BFS",
        "dataset": "datagen-7_5-fb",
        "scale": "1",
        "repetition": "3",
        "runs": [
          "r574030",
          "r549965",
          "r648762"
        ]
      },
      "j837723": {
        "id": "j837723",
        "algorithm": "WCC",
        "dataset": "datagen-7_7-zf",
        "scale": "1",
        "repetition": "3",
        "runs": [
          "r746220",
          "r884200",
          "r814285"
        ]
      },
      "j639616": {
        "id": "j639616",
        "algorithm": "BFS",
        "dataset": "graph500-22",
        "scale": "1",
        "repetition": "3",
        "runs": [
          "r742359",
          "r886903",
          "r500473"
        ]
      },
      "j662273": {
        "id": "j662273",
        "algorithm": "WCC",
        "dataset": "datagen-7_8-zf",
        "scale": "1",
        "repetition": "3",
        "runs": [
          "r730495",
          "r891497",
          "r520315"
        ]
      },
      "j815830": {
        "id": "j815830",
        "algorithm": "PR",
        "dataset": "datagen-7_9-fb",
        "scale": "1",
        "repetition": "3",
        "runs": [
          "r743584",
          "r707796",
          "r670091"
        ]
      },
      "j810164": {
        "id": "j810164",
        "algorithm": "BFS",
        "dataset": "datagen-7_6-fb",
        "scale": "1",
        "repetition": "3",
        "runs": [
          "r724323",
          "r656265",
          "r917794"
        ]
      },
      "j708287": {
        "id": "j708287",
        "algorithm": "BFS",
        "dataset": "datagen-7_8-zf",
        "scale": "1",
        "repetition": "3",
        "runs": [
          "r821117",
          "r546222",
          "r775026"
        ]
      },
      "j504829": {
        "id": "j504829",
        "algorithm": "PR",
        "dataset": "datagen-7_8-zf",
        "scale": "1",
        "repetition": "3",
        "runs": [
          "r825046",
          "r520361",
          "r885754"
        ]
      },
      "j844998": {
        "id": "j844998",
        "algorithm": "SSSP",
        "dataset": "datagen-7_5-fb",
        "scale": "1",
        "repetition": "3",
        "runs": [
          "r583507",
          "r560088",
          "r776992"
        ]
      },
      "j735631": {
        "id": "j735631",
        "algorithm": "LCC",
        "dataset": "dota-league",
        "scale": "1",
        "repetition": "3",
        "runs": [
          "r832668",
          "r834343",
          "r596468"
        ]
      },
      "j540057": {
        "id": "j540057",
        "algorithm": "PR",
        "dataset": "datagen-7_5-fb",
        "scale": "1",
        "repetition": "3",
        "runs": [
          "r569783",
          "r586416",
          "r833333"
        ]
      },
      "j694268": {
        "id": "j694268",
        "algorithm": "LCC",
        "dataset": "datagen-7_6-fb",
        "scale": "1",
        "repetition": "3",
        "runs": [
          "r578222",
          "r666384",
          "r473809"
        ]
      },
      "j607257": {
        "id": "j607257",
        "algorithm": "LCC",
        "dataset": "graph500-22",
        "scale": "1",
        "repetition": "3",
        "runs": [
          "r666151",
          "r614540",
          "r557100"
        ]
      },
      "j540070": {
        "id": "j540070",
        "algorithm": "SSSP",
        "dataset": "dota-league",
        "scale": "1",
        "repetition": "3",
        "runs": [
          "r586326",
          "r840653",
          "r556909"
        ]
      },
      "j792834": {
        "id": "j792834",
        "algorithm": "CDLP",
        "dataset": "dota-league",
        "scale": "1",
        "repetition": "3",
        "runs": [
          "r507618",
          "r502088",
          "r640196"
        ]
      },
      "j529393": {
        "id": "j529393",
        "algorithm": "CDLP",
        "dataset": "datagen-7_8-zf",
        "scale": "1",
        "repetition": "3",
        "runs": [
          "r555573",
          "r576859",
          "r736805"
        ]
      },
      "j492516": {
        "id": "j492516",
        "algorithm": "PR",
        "dataset": "datagen-7_6-fb",
        "scale": "1",
        "repetition": "3",
        "runs": [
          "r692415",
          "r683582",
          "r498761"
        ]
      },
      "j673240": {
        "id": "j673240",
        "algorithm": "SSSP",
        "dataset": "datagen-7_8-zf",
        "scale": "1",
        "repetition": "3",
        "runs": [
          "r577794",
          "r738616",
          "r703537"
        ]
      },
      "j511505": {
        "id": "j511505",
        "algorithm": "SSSP",
        "dataset": "datagen-7_7-zf",
        "scale": "1",
        "repetition": "3",
        "runs": [
          "r908584",
          "r704213",
          "r844152"
        ]
      },
      "j645444": {
        "id": "j645444",
        "algorithm": "WCC",
        "dataset": "graph500-22",
        "scale": "1",
        "repetition": "3",
        "runs": [
          "r469537",
          "r829050",
          "r804880"
        ]
      },
      "j468213": {
        "id": "j468213",
        "algorithm": "PR",
        "dataset": "dota-league",
        "scale": "1",
        "repetition": "3",
        "runs": [
          "r685943",
          "r589187",
          "r470513"
        ]
      },
      "j914809": {
        "id": "j914809",
        "algorithm": "SSSP",
        "dataset": "datagen-7_6-fb",
        "scale": "1",
        "repetition": "3",
        "runs": [
          "r918084",
          "r765931",
          "r637310"
        ]
      },
      "j631843": {
        "id": "j631843",
        "algorithm": "CDLP",
        "dataset": "datagen-7_7-zf",
        "scale": "1",
        "repetition": "3",
        "runs": [
          "r652437",
          "r605648",
          "r548395"
        ]
      },
      "j865190": {
        "id": "j865190",
        "algorithm": "WCC",
        "dataset": "datagen-7_6-fb",
        "scale": "1",
        "repetition": "3",
        "runs": [
          "r773014",
          "r667882",
          "r920207"
        ]
      },
      "j712689": {
        "id": "j712689",
        "algorithm": "WCC",
        "dataset": "datagen-7_9-fb",
        "scale": "1",
        "repetition": "3",
        "runs": [
          "r688771",
          "r504722",
          "r484195"
        ]
      },
      "j647221": {
        "id": "j647221",
        "algorithm": "SSSP",
        "dataset": "datagen-7_9-fb",
        "scale": "1",
        "repetition": "3",
        "runs": [
          "r550852",
          "r683056",
          "r633798"
        ]
      },
      "j465625": {
        "id": "j465625",
        "algorithm": "CDLP",
        "dataset": "datagen-7_5-fb",
        "scale": "1",
        "repetition": "3",
        "runs": [
          "r463030",
          "r503722",
          "r619291"
        ]
      },
      "j734696": {
        "id": "j734696",
        "algorithm": "LCC",
        "dataset": "datagen-7_5-fb",
        "scale": "1",
        "repetition": "3",
        "runs": [
          "r908863",
          "r592370",
          "r481286"
        ]
      },
      "j837082": {
        "id": "j837082",
        "algorithm": "BFS",
        "dataset": "dota-league",
        "scale": "1",
        "repetition": "3",
        "runs": [
          "r673557",
          "r919421",
          "r541847"
        ]
      },
      "j755597": {
        "id": "j755597",
        "algorithm": "LCC",
        "dataset": "datagen-7_8-zf",
        "scale": "1",
        "repetition": "3",
        "runs": [
          "r603317",
          "r902740",
          "r699785"
        ]
      },
      "j492961": {
        "id": "j492961",
        "algorithm": "CDLP",
        "dataset": "graph500-22",
        "scale": "1",
        "repetition": "3",
        "runs": [
          "r919657",
          "r515249",
          "r753813"
        ]
      },
      "j625833": {
        "id": "j625833",
        "algorithm": "LCC",
        "dataset": "datagen-7_9-fb",
        "scale": "1",
        "repetition": "3",
        "runs": [
          "r714463",
          "r867614",
          "r657191"
        ]
      },
      "j847712": {
        "id": "j847712",
        "algorithm": "BFS",
        "dataset": "datagen-7_7-zf",
        "scale": "1",
        "repetition": "3",
        "runs": [
          "r525796",
          "r876404",
          "r699739"
        ]
      },
      "j475423": {
        "id": "j475423",
        "algorithm": "LCC",
        "dataset": "datagen-7_7-zf",
        "scale": "1",
        "repetition": "3",
        "runs": [
          "r616698",
          "r915739",
          "r714304"
        ]
      },
      "j843014": {
        "id": "j843014",
        "algorithm": "PR",
        "dataset": "datagen-7_7-zf",
        "scale": "1",
        "repetition": "3",
        "runs": [
          "r881905",
          "r583395",
          "r521006"
        ]
      }
    },
    "runs": {
      "r503722": {
        "id": "r503722",
        "timestamp": "1687521315438",
        "success": "true",
        "load_time": "0.000",
        "makespan": "2.851",
        "processing_time": "0.117"
      },
      "r870065": {
        "id": "r870065",
        "timestamp": "1687523596543",
        "success": "true",
        "load_time": "0.000",
        "makespan": "4.034",
        "processing_time": "0.246"
      },
      "r915739": {
        "id": "r915739",
        "timestamp": "1687522091826",
        "success": "true",
        "load_time": "0.000",
        "makespan": "22.529",
        "processing_time": "0.145"
      },
      "r519350": {
        "id": "r519350",
        "timestamp": "1687521121275",
        "success": "true",
        "load_time": "0.000",
        "makespan": "2.957",
        "processing_time": "0.141"
      },
      "r648762": {
        "id": "r648762",
        "timestamp": "1687521299425",
        "success": "true",
        "load_time": "0.000",
        "makespan": "2.706",
        "processing_time": "0.017"
      },
      "r554596": {
        "id": "r554596",
        "timestamp": "1687523205221",
        "success": "true",
        "load_time": "0.000",
        "makespan": "2.061",
        "processing_time": "0.015"
      },
      "r589187": {
        "id": "r589187",
        "timestamp": "1687523290289",
        "success": "true",
        "load_time": "0.000",
        "makespan": "2.105",
        "processing_time": "0.070"
      },
      "r685943": {
        "id": "r685943",
        "timestamp": "1687523135168",
        "success": "true",
        "load_time": "0.000",
        "makespan": "2.116",
        "processing_time": "0.070"
      },
      "r541847": {
        "id": "r541847",
        "timestamp": "1687523375357",
        "success": "true",
        "load_time": "0.000",
        "makespan": "2.034",
        "processing_time": "0.011"
      },
      "r640196": {
        "id": "r640196",
        "timestamp": "1687523275276",
        "success": "true",
        "load_time": "0.000",
        "makespan": "2.115",
        "processing_time": "0.086"
      },
      "r657191": {
        "id": "r657191",
        "timestamp": "1687523492454",
        "success": "true",
        "load_time": "0.000",
        "makespan": "4.609",
        "processing_time": "0.500"
      },
      "r560088": {
        "id": "r560088",
        "timestamp": "1687521459569",
        "success": "true",
        "load_time": "0.000",
        "makespan": "3.160",
        "processing_time": "0.023"
      },
      "r688771": {
        "id": "r688771",
        "timestamp": "1687523613558",
        "success": "true",
        "load_time": "0.000",
        "makespan": "3.774",
        "processing_time": "0.036"
      },
      "r557100": {
        "id": "r557100",
        "timestamp": "1687523920806",
        "success": "true",
        "load_time": "0.000",
        "makespan": "6.974",
        "processing_time": "1.443"
      },
      "r867614": {
        "id": "r867614",
        "timestamp": "1687523741666",
        "success": "true",
        "load_time": "0.000",
        "makespan": "4.600",
        "processing_time": "0.496"
      },
      "r840653": {
        "id": "r840653",
        "timestamp": "1687523422398",
        "success": "true",
        "load_time": "0.000",
        "makespan": "2.706",
        "processing_time": "0.080"
      },
      "r656265": {
        "id": "r656265",
        "timestamp": "1687521055219",
        "success": "true",
        "load_time": "0.000",
        "makespan": "2.851",
        "processing_time": "0.022"
      },
      "r549965": {
        "id": "r549965",
        "timestamp": "1687521331451",
        "success": "true",
        "load_time": "0.000",
        "makespan": "2.666",
        "processing_time": "0.016"
      },
      "r746220": {
        "id": "r746220",
        "timestamp": "1687521905775",
        "success": "true",
        "load_time": "0.000",
        "makespan": "19.436",
        "processing_time": "0.064"
      },
      "r919657": {
        "id": "r919657",
        "timestamp": "1687524043901",
        "success": "true",
        "load_time": "0.000",
        "makespan": "5.079",
        "processing_time": "0.133"
      },
      "r633798": {
        "id": "r633798",
        "timestamp": "1687523474439",
        "success": "true",
        "load_time": "0.000",
        "makespan": "4.919",
        "processing_time": "0.038"
      },
      "r765931": {
        "id": "r765931",
        "timestamp": "1687520922097",
        "success": "true",
        "load_time": "0.001",
        "makespan": "3.433",
        "processing_time": "0.024"
      },
      "r714463": {
        "id": "r714463",
        "timestamp": "1687523510469",
        "success": "true",
        "load_time": "0.000",
        "makespan": "4.565",
        "processing_time": "0.508"
      },
      "r735586": {
        "id": "r735586",
        "timestamp": "1687523220234",
        "success": "true",
        "load_time": "0.000",
        "makespan": "2.096",
        "processing_time": "0.014"
      },
      "r829050": {
        "id": "r829050",
        "timestamp": "1687523879774",
        "success": "true",
        "load_time": "0.000",
        "makespan": "4.897",
        "processing_time": "0.042"
      },
      "r919421": {
        "id": "r919421",
        "timestamp": "1687523335330",
        "success": "true",
        "load_time": "0.000",
        "makespan": "2.059",
        "processing_time": "0.019"
      },
      "r738616": {
        "id": "r738616",
        "timestamp": "1687522263892",
        "success": "true",
        "load_time": "0.000",
        "makespan": "27.187",
        "processing_time": "0.118"
      },
      "r699785": {
        "id": "r699785",
        "timestamp": "1687522739039",
        "success": "true",
        "load_time": "0.000",
        "makespan": "26.702",
        "processing_time": "0.168"
      },
      "r481286": {
        "id": "r481286",
        "timestamp": "1687521347465",
        "success": "true",
        "load_time": "0.000",
        "makespan": "2.999",
        "processing_time": "0.198"
      },
      "r592370": {
        "id": "r592370",
        "timestamp": "1687521267398",
        "success": "true",
        "load_time": "0.000",
        "makespan": "2.968",
        "processing_time": "0.194"
      },
      "r473809": {
        "id": "r473809",
        "timestamp": "1687520989154",
        "success": "true",
        "load_time": "0.000",
        "makespan": "3.289",
        "processing_time": "0.234"
      },
      "r788568": {
        "id": "r788568",
        "timestamp": "1687523320316",
        "success": "true",
        "load_time": "0.000",
        "makespan": "2.065",
        "processing_time": "0.015"
      },
      "r683582": {
        "id": "r683582",
        "timestamp": "1687520973138",
        "success": "true",
        "load_time": "0.000",
        "makespan": "3.079",
        "processing_time": "0.086"
      },
      "r578222": {
        "id": "r578222",
        "timestamp": "1687521071226",
        "success": "true",
        "load_time": "0.000",
        "makespan": "3.251",
        "processing_time": "0.235"
      },
      "r690163": {
        "id": "r690163",
        "timestamp": "1687521427539",
        "success": "true",
        "load_time": "0.000",
        "makespan": "2.668",
        "processing_time": "0.018"
      },
      "r834343": {
        "id": "r834343",
        "timestamp": "1687523350344",
        "success": "true",
        "load_time": "0.000",
        "makespan": "11.856",
        "processing_time": "9.712"
      },
      "r707796": {
        "id": "r707796",
        "timestamp": "1687523670604",
        "success": "true",
        "load_time": "0.000",
        "makespan": "4.227",
        "processing_time": "0.144"
      },
      "r603317": {
        "id": "r603317",
        "timestamp": "1687522538976",
        "success": "true",
        "load_time": "0.000",
        "makespan": "26.942",
        "processing_time": "0.172"
      },
      "r736805": {
        "id": "r736805",
        "timestamp": "1687522786056",
        "success": "true",
        "load_time": "0.000",
        "makespan": "23.674",
        "processing_time": "0.267"
      },
      "r586416": {
        "id": "r586416",
        "timestamp": "1687521219355",
        "success": "true",
        "load_time": "0.000",
        "makespan": "2.875",
        "processing_time": "0.081"
      },
      "r881905": {
        "id": "r881905",
        "timestamp": "1687521827740",
        "success": "true",
        "load_time": "0.000",
        "makespan": "22.504",
        "processing_time": "0.181"
      },
      "r500473": {
        "id": "r500473",
        "timestamp": "1687524004871",
        "success": "true",
        "load_time": "0.000",
        "makespan": "4.904",
        "processing_time": "0.034"
      },
      "r598985": {
        "id": "r598985",
        "timestamp": "1687523545497",
        "success": "true",
        "load_time": "0.000",
        "makespan": "4.007",
        "processing_time": "0.257"
      },
      "r556909": {
        "id": "r556909",
        "timestamp": "1687523390371",
        "success": "true",
        "load_time": "0.000",
        "makespan": "2.714",
        "processing_time": "0.080"
      },
      "r619291": {
        "id": "r619291",
        "timestamp": "1687521443553",
        "success": "true",
        "load_time": "0.000",
        "makespan": "2.820",
        "processing_time": "0.118"
      },
      "r918084": {
        "id": "r918084",
        "timestamp": "1687520939103",
        "success": "true",
        "load_time": "0.001",
        "makespan": "3.409",
        "processing_time": "0.024"
      },
      "r773014": {
        "id": "r773014",
        "timestamp": "1687521202341",
        "success": "true",
        "load_time": "0.000",
        "makespan": "2.826",
        "processing_time": "0.020"
      },
      "r576859": {
        "id": "r576859",
        "timestamp": "1687522407931",
        "success": "true",
        "load_time": "0.000",
        "makespan": "23.363",
        "processing_time": "0.263"
      },
      "r776992": {
        "id": "r776992",
        "timestamp": "1687521475583",
        "success": "true",
        "load_time": "0.000",
        "makespan": "3.109",
        "processing_time": "0.026"
      },
      "r775026": {
        "id": "r775026",
        "timestamp": "1687522697022",
        "success": "true",
        "load_time": "0.000",
        "makespan": "23.277",
        "processing_time": "0.102"
      },
      "r724323": {
        "id": "r724323",
        "timestamp": "1687521186328",
        "success": "true",
        "load_time": "0.000",
        "makespan": "2.821",
        "processing_time": "0.017"
      },
      "r753813": {
        "id": "r753813",
        "timestamp": "1687523901790",
        "success": "true",
        "load_time": "0.000",
        "makespan": "5.049",
        "processing_time": "0.134"
      },
      "r704213": {
        "id": "r704213",
        "timestamp": "1687521549636",
        "success": "true",
        "load_time": "0.000",
        "makespan": "22.584",
        "processing_time": "0.107"
      },
      "r502088": {
        "id": "r502088",
        "timestamp": "1687523235249",
        "success": "true",
        "load_time": "0.000",
        "makespan": "2.138",
        "processing_time": "0.086"
      },
      "r743584": {
        "id": "r743584",
        "timestamp": "1687523705636",
        "success": "true",
        "load_time": "0.000",
        "makespan": "4.252",
        "processing_time": "0.152"
      },
      "r574030": {
        "id": "r574030",
        "timestamp": "1687521363480",
        "success": "true",
        "load_time": "0.000",
        "makespan": "2.636",
        "processing_time": "0.017"
      },
      "r616698": {
        "id": "r616698",
        "timestamp": "1687521670681",
        "success": "true",
        "load_time": "0.000",
        "makespan": "22.507",
        "processing_time": "0.144"
      },
      "r673557": {
        "id": "r673557",
        "timestamp": "1687523150181",
        "success": "true",
        "load_time": "0.000",
        "makespan": "2.082",
        "processing_time": "0.016"
      },
      "r637530": {
        "id": "r637530",
        "timestamp": "1687521235368",
        "success": "true",
        "load_time": "0.000",
        "makespan": "2.656",
        "processing_time": "0.027"
      },
      "r498809": {
        "id": "r498809",
        "timestamp": "1687523780696",
        "success": "true",
        "load_time": "0.000",
        "makespan": "5.595",
        "processing_time": "0.151"
      },
      "r670091": {
        "id": "r670091",
        "timestamp": "1687523723650",
        "success": "true",
        "load_time": "0.000",
        "makespan": "4.242",
        "processing_time": "0.142"
      },
      "r876404": {
        "id": "r876404",
        "timestamp": "1687522185856",
        "success": "true",
        "load_time": "0.000",
        "makespan": "19.397",
        "processing_time": "0.088"
      },
      "r548395": {
        "id": "r548395",
        "timestamp": "1687521633667",
        "success": "true",
        "load_time": "0.000",
        "makespan": "19.599",
        "processing_time": "0.227"
      },
      "r814285": {
        "id": "r814285",
        "timestamp": "1687522132840",
        "success": "true",
        "load_time": "0.000",
        "makespan": "19.291",
        "processing_time": "0.056"
      },
      "r814287": {
        "id": "r814287",
        "timestamp": "1687523579526",
        "success": "true",
        "load_time": "0.000",
        "makespan": "3.728",
        "processing_time": "0.020"
      },
      "r661531": {
        "id": "r661531",
        "timestamp": "1687523688627",
        "success": "true",
        "load_time": "0.000",
        "makespan": "4.011",
        "processing_time": "0.250"
      },
      "r703537": {
        "id": "r703537",
        "timestamp": "1687522311901",
        "success": "true",
        "load_time": "0.000",
        "makespan": "27.409",
        "processing_time": "0.130"
      },
      "r902740": {
        "id": "r902740",
        "timestamp": "1687522870091",
        "success": "true",
        "load_time": "0.000",
        "makespan": "26.915",
        "processing_time": "0.177"
      },
      "r757043": {
        "id": "r757043",
        "timestamp": "1687523962839",
        "success": "true",
        "load_time": "0.000",
        "makespan": "5.688",
        "processing_time": "0.159"
      },
      "r498761": {
        "id": "r498761",
        "timestamp": "1687521023184",
        "success": "true",
        "load_time": "0.000",
        "makespan": "3.059",
        "processing_time": "0.083"
      },
      "r850934": {
        "id": "r850934",
        "timestamp": "1687524023885",
        "success": "true",
        "load_time": "0.000",
        "makespan": "5.719",
        "processing_time": "0.156"
      },
      "r832668": {
        "id": "r832668",
        "timestamp": "1687523180208",
        "success": "true",
        "load_time": "0.000",
        "makespan": "11.673",
        "processing_time": "9.632"
      },
      "r917794": {
        "id": "r917794",
        "timestamp": "1687521137289",
        "success": "true",
        "load_time": "0.000",
        "makespan": "2.801",
        "processing_time": "0.017"
      },
      "r666384": {
        "id": "r666384",
        "timestamp": "1687521006169",
        "success": "true",
        "load_time": "0.000",
        "makespan": "3.236",
        "processing_time": "0.238"
      },
      "r577794": {
        "id": "r577794",
        "timestamp": "1687522359916",
        "success": "true",
        "load_time": "0.000",
        "makespan": "27.395",
        "processing_time": "0.129"
      },
      "r614540": {
        "id": "r614540",
        "timestamp": "1687523941824",
        "success": "true",
        "load_time": "0.000",
        "makespan": "6.923",
        "processing_time": "1.452"
      },
      "r525796": {
        "id": "r525796",
        "timestamp": "1687522000804",
        "success": "true",
        "load_time": "0.000",
        "makespan": "19.560",
        "processing_time": "0.086"
      },
      "r484195": {
        "id": "r484195",
        "timestamp": "1687523651589",
        "success": "true",
        "load_time": "0.000",
        "makespan": "3.883",
        "processing_time": "0.042"
      },
      "r742359": {
        "id": "r742359",
        "timestamp": "1687523860759",
        "success": "true",
        "load_time": "0.000",
        "makespan": "4.932",
        "processing_time": "0.028"
      },
      "r469537": {
        "id": "r469537",
        "timestamp": "1687523800711",
        "success": "true",
        "load_time": "0.000",
        "makespan": "4.933",
        "processing_time": "0.039"
      },
      "r714304": {
        "id": "r714304",
        "timestamp": "1687521959782",
        "success": "true",
        "load_time": "0.000",
        "makespan": "22.595",
        "processing_time": "0.146"
      },
      "r891497": {
        "id": "r891497",
        "timestamp": "1687523023137",
        "success": "true",
        "load_time": "0.000",
        "makespan": "23.306",
        "processing_time": "0.062"
      },
      "r504722": {
        "id": "r504722",
        "timestamp": "1687523632573",
        "success": "true",
        "load_time": "0.000",
        "makespan": "3.764",
        "processing_time": "0.034"
      },
      "r596468": {
        "id": "r596468",
        "timestamp": "1687523250262",
        "success": "true",
        "load_time": "0.000",
        "makespan": "11.761",
        "processing_time": "9.705"
      },
      "r569783": {
        "id": "r569783",
        "timestamp": "1687521379495",
        "success": "true",
        "load_time": "0.000",
        "makespan": "2.904",
        "processing_time": "0.076"
      },
      "r825046": {
        "id": "r825046",
        "timestamp": "1687523087152",
        "success": "true",
        "load_time": "0.000",
        "makespan": "27.082",
        "processing_time": "0.184"
      },
      "r492132": {
        "id": "r492132",
        "timestamp": "1687521039197",
        "success": "true",
        "load_time": "0.000",
        "makespan": "2.963",
        "processing_time": "0.140"
      },
      "r730495": {
        "id": "r730495",
        "timestamp": "1687522959121",
        "success": "true",
        "load_time": "0.000",
        "makespan": "22.999",
        "processing_time": "0.065"
      },
      "r683056": {
        "id": "r683056",
        "timestamp": "1687523438412",
        "success": "true",
        "load_time": "0.000",
        "makespan": "4.895",
        "processing_time": "0.036"
      },
      "r903203": {
        "id": "r903203",
        "timestamp": "1687521395510",
        "success": "true",
        "load_time": "0.000",
        "makespan": "2.627",
        "processing_time": "0.018"
      },
      "r515249": {
        "id": "r515249",
        "timestamp": "1687523841743",
        "success": "true",
        "load_time": "0.000",
        "makespan": "5.045",
        "processing_time": "0.122"
      },
      "r884200": {
        "id": "r884200",
        "timestamp": "1687522037810",
        "success": "true",
        "load_time": "0.000",
        "makespan": "19.451",
        "processing_time": "0.056"
      },
      "r804880": {
        "id": "r804880",
        "timestamp": "1687523982855",
        "success": "true",
        "load_time": "0.000",
        "makespan": "4.959",
        "processing_time": "0.041"
      },
      "r920207": {
        "id": "r920207",
        "timestamp": "1687521104261",
        "success": "true",
        "load_time": "0.000",
        "makespan": "2.815",
        "processing_time": "0.020"
      },
      "r583395": {
        "id": "r583395",
        "timestamp": "1687522222871",
        "success": "true",
        "load_time": "0.000",
        "makespan": "22.495",
        "processing_time": "0.170"
      },
      "r520315": {
        "id": "r520315",
        "timestamp": "1687522585991",
        "success": "true",
        "load_time": "0.000",
        "makespan": "23.254",
        "processing_time": "0.065"
      },
      "r482971": {
        "id": "r482971",
        "timestamp": "1687523562512",
        "success": "true",
        "load_time": "0.000",
        "makespan": "3.733",
        "processing_time": "0.021"
      },
      "r521006": {
        "id": "r521006",
        "timestamp": "1687521711695",
        "success": "true",
        "load_time": "0.000",
        "makespan": "22.641",
        "processing_time": "0.161"
      },
      "r470513": {
        "id": "r470513",
        "timestamp": "1687523305303",
        "success": "true",
        "load_time": "0.000",
        "makespan": "2.087",
        "processing_time": "0.069"
      },
      "r886903": {
        "id": "r886903",
        "timestamp": "1687523822727",
        "success": "true",
        "load_time": "0.000",
        "makespan": "4.884",
        "processing_time": "0.030"
      },
      "r463030": {
        "id": "r463030",
        "timestamp": "1687521251380",
        "success": "true",
        "load_time": "0.000",
        "makespan": "2.773",
        "processing_time": "0.120"
      },
      "r637310": {
        "id": "r637310",
        "timestamp": "1687520956121",
        "success": "true",
        "load_time": "0.001",
        "makespan": "3.426",
        "processing_time": "0.025"
      },
      "r844152": {
        "id": "r844152",
        "timestamp": "1687521591652",
        "success": "true",
        "load_time": "0.000",
        "makespan": "22.762",
        "processing_time": "0.100"
      },
      "r520361": {
        "id": "r520361",
        "timestamp": "1687522650006",
        "success": "true",
        "load_time": "0.000",
        "makespan": "26.937",
        "processing_time": "0.191"
      },
      "r908584": {
        "id": "r908584",
        "timestamp": "1687521507614",
        "success": "true",
        "load_time": "0.000",
        "makespan": "22.506",
        "processing_time": "0.102"
      },
      "r908863": {
        "id": "r908863",
        "timestamp": "1687521411524",
        "success": "true",
        "load_time": "0.000",
        "makespan": "2.983",
        "processing_time": "0.196"
      },
      "r550852": {
        "id": "r550852",
        "timestamp": "1687523456426",
        "success": "true",
        "load_time": "0.000",
        "makespan": "4.921",
        "processing_time": "0.046"
      },
      "r833333": {
        "id": "r833333",
        "timestamp": "1687521283414",
        "success": "true",
        "load_time": "0.000",
        "makespan": "2.848",
        "processing_time": "0.076"
      },
      "r699739": {
        "id": "r699739",
        "timestamp": "1687521753719",
        "success": "true",
        "load_time": "0.000",
        "makespan": "19.532",
        "processing_time": "0.086"
      },
      "r583507": {
        "id": "r583507",
        "timestamp": "1687521491598",
        "success": "true",
        "load_time": "0.000",
        "makespan": "3.121",
        "processing_time": "0.025"
      },
      "r542314": {
        "id": "r542314",
        "timestamp": "1687523528482",
        "success": "true",
        "load_time": "0.000",
        "makespan": "3.793",
        "processing_time": "0.029"
      },
      "r821117": {
        "id": "r821117",
        "timestamp": "1687522828077",
        "success": "true",
        "load_time": "0.000",
        "makespan": "23.516",
        "processing_time": "0.117"
      },
      "r546222": {
        "id": "r546222",
        "timestamp": "1687522449945",
        "success": "true",
        "load_time": "0.000",
        "makespan": "23.130",
        "processing_time": "0.104"
      },
      "r507618": {
        "id": "r507618",
        "timestamp": "1687523165194",
        "success": "true",
        "load_time": "0.000",
        "makespan": "2.122",
        "processing_time": "0.095"
      },
      "r885754": {
        "id": "r885754",
        "timestamp": "1687522491961",
        "success": "true",
        "load_time": "0.000",
        "makespan": "26.959",
        "processing_time": "0.199"
      },
      "r667882": {
        "id": "r667882",
        "timestamp": "1687521153302",
        "success": "true",
        "load_time": "0.000",
        "makespan": "2.870",
        "processing_time": "0.034"
      },
      "r586326": {
        "id": "r586326",
        "timestamp": "1687523406391",
        "success": "true",
        "load_time": "0.000",
        "makespan": "2.739",
        "processing_time": "0.074"
      },
      "r555573": {
        "id": "r555573",
        "timestamp": "1687522917107",
        "success": "true",
        "load_time": "0.000",
        "makespan": "23.703",
        "processing_time": "0.284"
      },
      "r666151": {
        "id": "r666151",
        "timestamp": "1687523759680",
        "success": "true",
        "load_time": "0.000",
        "makespan": "6.861",
        "processing_time": "1.439"
      },
      "r605648": {
        "id": "r605648",
        "timestamp": "1687521790726",
        "success": "true",
        "load_time": "0.000",
        "makespan": "19.820",
        "processing_time": "0.230"
      },
      "r652437": {
        "id": "r652437",
        "timestamp": "1687521868754",
        "success": "true",
        "load_time": "0.000",
        "makespan": "19.656",
        "processing_time": "0.237"
      },
      "r692415": {
        "id": "r692415",
        "timestamp": "1687521088241",
        "success": "true",
        "load_time": "0.000",
        "makespan": "3.082",
        "processing_time": "0.085"
      },
      "r865927": {
        "id": "r865927",
        "timestamp": "1687521170315",
        "success": "true",
        "load_time": "0.000",
        "makespan": "2.948",
        "processing_time": "0.138"
      }
    }
  }
}
