{
  "id": "b895788",
  "specification": "1.0.0",
  "description": "Libgrape-lite LDBC Benchmark",
  "system": {
    "platform": {
      "name": "libgrape-gpu",
      "acronym": "libgrape",
      "version": "0.3.1",
      "link": "https://github.com/alibaba/libgrape-lite"
    },
    "environment": {
      "name": "ecs.ebmgn7e.32xlarge",
      "acronym": "ebmgn7e",
      "version": "1.0.0",
      "link": "https://www.alibabacloud.com/help/en/elastic-gpu-service/latest/gpu-accelerated-compute-optimized-instance-families#section-dem-yjl-04w",
      "machines": [
        {
          "quantity": "1",
          "cpu": "Intel(R) Xeon(R) Platinum 8369",
          "memory": "1056444788 kB",
          "network": "Mellanox Technologies MT2892",
          "storage": "HDD 2TB"
        }
      ]
    },
    "tool": {
      "graphalytics-core": {
        "name": "graphalytics-core",
        "version": "1.10.0",
        "link": "https://github.com/ldbc/ldbc_graphalytics"
      },
      "graphalytics-platforms-libgrape": {
        "name": "graphalytics-platforms-libgrape",
        "version": "0.4-SNAPSHOT",
        "link": "https://github.com/alibaba/libgrape-lite"
      }
    },
    "pricing": "456697"
  },
  "benchmark": {
    "type": "custom",
    "name": "Custom Benchmark",
    "duration": "13163333",
    "timeout": "9000",
    "resources": {},
    "output": {
      "required": "-",
      "directory": "/root/libgrape-lite/ldbc_driver/workspace/output"
    },
    "validation": {
      "required": "-",
      "directory": "/root/libgrape-lite/ldbc_driver/workspace/graphs"
    },
    "configurations": {
      "graph.datagen-8_9-fb.edge-properties.types": "real",
      "environment.machine.memory": "1056444788 kB",
      "graph.datagen-8_3-zf.cdlp.max-iterations": "10",
      "graph.datagen-9_4-fb.sssp.weight-property": "weight",
      "graph.graph500-27.meta.vertices": "63081040",
      "graph.test-bfs-undirected.vertex-file": "test-bfs-undirected.v",
      "graph.cit-Patents.algorithms": "bfs",
      "graph.datagen-8_9-fb.sssp.source-vertex": "6",
      "graph.graph500-24.edge-file": "graph500-24.e",
      "graph.datagen-8_4-fb.vertex-file": "datagen-8_4-fb.v",
      "graph.datagen-9_1-fb.meta.vertices": "16087483",
      "graph.example-undirected.meta.vertices": "9",
      "graph.com-friendster.cdlp.max-iterations": "10",
      "graph.test-pr-directed.edge-file": "test-pr-directed.e",
      "graph.cit-Patents.vertex-file": "cit-Patents.v",
      "graph.datagen-7_9-fb.vertex-file": "datagen-7_9-fb.v",
      "graph.test-bfs-undirected.bfs.source-vertex": "1",
      "graph.kgs.cdlp.max-iterations": "10",
      "graph.kgs.meta.vertices": "832247",
      "environment.machine.storage": "HDD 2TB",
      "graph.datagen-8_7-zf.bfs.source-vertex": "6",
      "benchmark.runner.max-memory": "",
      "graph.datagen-sf3k-fb.pr.num-iterations": "10",
      "graph.datagen-8_3-zf.meta.vertices": "53525014",
      "graph.datagen-8_1-fb.algorithms": "bfs",
      "graph.datagen-7_7-zf.meta.edges": "32791267",
      "graph.datagen-8_7-zf.vertex-file": "datagen-8_7-zf.v",
      "graph.datagen-8_8-zf.meta.vertices": "168308893",
      "graph.datagen-9_2-zf.vertex-file": "datagen-9_2-zf.v",
      "graph.dota-league.cdlp.max-iterations": "10",
      "graph.datagen-sf3k-fb.pr.damping-factor": "0.85",
      "graph.datagen-8_5-fb.sssp.source-vertex": "6",
      "graph.datagen-8_8-zf.edge-properties.types": "real",
      "graph.graph500-22.cdlp.max-iterations": "10",
      "graph.graph500-23.algorithms": "bfs",
      "graph.graph500-22.edge-file": "graph500-22.e",
      "graph.datagen-8_0-fb.edge-properties.names": "weight",
      "graph.datagen-8_0-fb.meta.vertices": "1706561",
      "graph.example-undirected.edge-properties.names": "weight",
      "graph.datagen-8_0-fb.algorithms": "bfs",
      "graph.datagen-9_4-fb.edge-properties.types": "real",
      "graph.datagen-7_7-zf.algorithms": "bfs",
      "graph.datagen-8_0-fb.bfs.source-vertex": "6",
      "graph.twitter_mpi.cdlp.max-iterations": "10",
      "graph.graph500-22.bfs.source-vertex": "248533",
      "graph.graph500-30.pr.damping-factor": "0.85",
      "graph.example-directed.bfs.source-vertex": "1",
      "graph.datagen-9_1-fb.edge-properties.types": "real",
      "graph.datagen-sf10k-fb.algorithms": "bfs",
      "graph.datagen-8_5-fb.vertex-file": "datagen-8_5-fb.v",
      "graph.datagen-sf10k-fb.vertex-file": "datagen-sf10k-fb.v",
      "graph.datagen-8_9-fb.cdlp.max-iterations": "10",
      "graph.com-friendster.meta.edges": "1806067135",
      "graph.graph500-26.meta.vertices": "32804978",
      "graph.datagen-7_8-zf.algorithms": "bfs",
      "graph.datagen-9_2-zf.sssp.weight-property": "weight",
      "graph.datagen-9_2-zf.sssp.source-vertex": "6",
      "graph.datagen-7_5-fb.algorithms": "bfs",
      "graph.graph500-24.bfs.source-vertex": "2592222",
      "graph.datagen-7_6-fb.edge-file": "datagen-7_6-fb.e",
      "graph.datagen-8_8-zf.bfs.source-vertex": "6",
      "graph.test-wcc-directed.meta.edges": "10",
      "graph.dota-league.meta.vertices": "61170",
      "graph.datagen-sf10k-fb.cdlp.max-iterations": "10",
      "graph.datagen-7_7-zf.meta.vertices": "13180508",
      "graph.datagen-7_5-fb.meta.edges": "34185747",
      "graph.example-directed.edge-properties.types": "real",
      "graph.datagen-7_8-zf.edge-file": "datagen-7_8-zf.e",
      "graph.test-pr-directed.pr.damping-factor": "0.85",
      "graph.test-pr-undirected.pr.num-iterations": "26",
      "graph.datagen-9_2-zf.pr.damping-factor": "0.85",
      "graph.datagen-9_3-zf.pr.num-iterations": "10",
      "graph.datagen-9_3-zf.edge-properties.types": "real",
      "graph.graph500-28.meta.vertices": "121242388",
      "graph.test-sssp-undirected.algorithms": "sssp",
      "graph.datagen-7_5-fb.edge-properties.names": "weight",
      "graph.test-wcc-directed.vertex-file": "test-wcc-directed.v",
      "graph.datagen-8_2-zf.bfs.source-vertex": "6",
      "graph.test-bfs-undirected.directed": "false",
      "graph.test-sssp-undirected.sssp.source-vertex": "1",
      "graph.twitter_mpi.meta.edges": "1963263508",
      "graph.datagen-7_7-zf.edge-properties.names": "weight",
      "graph.dota-league.edge-properties.types": "real",
      "graph.datagen-9_4-fb.edge-properties.names": "weight",
      "graph.datagen-9_3-zf.vertex-file": "datagen-9_3-zf.v",
      "graph.datagen-7_9-fb.edge-properties.names": "weight",
      "graph.datagen-8_9-fb.sssp.weight-property": "weight",
      "graph.datagen-8_2-zf.sssp.source-vertex": "6",
      "graph.graph500-26.cdlp.max-iterations": "10",
      "graph.test-lcc-undirected.directed": "false",
      "graph.graph500-26.bfs.source-vertex": "62455266",
      "graph.test-pr-undirected.vertex-file": "test-pr-undirected.v",
      "graph.datagen-9_4-fb.meta.vertices": "29310565",
      "graph.test-cdlp-undirected.edge-file": "test-cdlp-undirected.e",
      "graph.test-bfs-undirected.edge-file": "test-bfs-undirected.e",
      "graph.graph500-27.bfs.source-vertex": "0",
      "graph.test-sssp-directed.vertex-file": "test-sssp-directed.v",
      "graph.datagen-8_4-fb.sssp.weight-property": "weight",
      "graph.datagen-8_1-fb.meta.edges": "134267822",
      "graph.graph500-27.cdlp.max-iterations": "10",
      "graph.graph500-30.pr.num-iterations": "10",
      "graph.graph500-30.vertex-file": "graph500-30.v",
      "graph.example-undirected.sssp.source-vertex": "2",
      "graph.twitter_mpi.algorithms": "bfs",
      "graph.datagen-sf3k-fb.bfs.source-vertex": "933",
      "graph.test-sssp-undirected.edge-file": "test-sssp-undirected.e",
      "graph.datagen-7_5-fb.directed": "false",
      "graph.graph500-25.directed": "false",
      "graph.datagen-9_1-fb.pr.num-iterations": "10",
      "graph.datagen-sf10k-fb.pr.num-iterations": "10",
      "graph.datagen-7_9-fb.edge-file": "datagen-7_9-fb.e",
      "graph.datagen-8_4-fb.bfs.source-vertex": "6",
      "graph.wiki-Talk.edge-file": "wiki-Talk.e",
      "graph.dota-league.pr.damping-factor": "0.85",
      "graph.graph500-28.algorithms": "bfs",
      "graph.datagen-9_3-zf.edge-properties.names": "weight",
      "graph.cit-Patents.edge-file": "cit-Patents.e",
      "graph.twitter_mpi.edge-file": "twitter_mpi.e",
      "graph.cit-Patents.directed": "true",
      "graph.datagen-7_5-fb.edge-properties.types": "real",
      "graph.test-wcc-undirected.edge-file": "test-wcc-undirected.e",
      "graph.datagen-8_5-fb.directed": "false",
      "graph.datagen-8_9-fb.directed": "false",
      "graph.datagen-8_5-fb.cdlp.max-iterations": "10",
      "graph.cit-Patents.meta.vertices": "3774768",
      "graph.datagen-7_6-fb.meta.edges": "42162988",
      "graph.datagen-8_2-zf.pr.num-iterations": "10",
      "graph.graph500-29.meta.vertices": "232999630",
      "graph.datagen-8_0-fb.meta.edges": "107507376",
      "graph.datagen-sf3k-fb.edge-file": "datagen-sf3k-fb.e",
      "graph.datagen-9_0-fb.vertex-file": "datagen-9_0-fb.v",
      "graph.graph500-23.bfs.source-vertex": "7348998",
      "graph.test-sssp-undirected.meta.vertices": "12",
      "graph.datagen-9_1-fb.sssp.source-vertex": "6",
      "graph.datagen-8_4-fb.edge-file": "datagen-8_4-fb.e",
      "graph.wiki-Talk.meta.edges": "5021410",
      "graph.datagen-9_0-fb.pr.damping-factor": "0.85",
      "graph.datagen-8_6-fb.vertex-file": "datagen-8_6-fb.v",
      "graph.datagen-8_1-fb.directed": "false",
      "graph.example-undirected.directed": "false",
      "graph.datagen-7_9-fb.directed": "false",
      "platform.acronym": "libgrape",
      "graph.test-bfs-directed.directed": "true",
      "graph.datagen-7_5-fb.edge-file": "datagen-7_5-fb.e",
      "graph.test-sssp-directed.sssp.source-vertex": "1",
      "graph.kgs.algorithms": "bfs",
      "graph.test-cdlp-directed.algorithms": "cdlp",
      "graph.com-friendster.edge-file": "com-friendster.e",
      "graph.dota-league.sssp.weight-property": "weight",
      "graph.datagen-7_9-fb.meta.vertices": "1387587",
      "graph.datagen-8_1-fb.edge-properties.names": "weight",
      "graph.wiki-Talk.algorithms": "bfs",
      "graph.graph500-25.vertex-file": "graph500-25.v",
      "graph.test-sssp-directed.edge-properties.names": "weight",
      "graph.datagen-8_2-zf.algorithms": "bfs",
      "graph.com-friendster.pr.damping-factor": "0.85",
      "graph.graph500-28.vertex-file": "graph500-28.v",
      "graph.datagen-9_1-fb.directed": "false",
      "graph.datagen-9_3-zf.meta.edges": "1309998551",
      "graph.example-undirected.bfs.source-vertex": "2",
      "graph.kgs.sssp.weight-property": "weight",
      "graph.graph500-29.vertex-file": "graph500-29.v",
      "graph.test-wcc-directed.meta.vertices": "8",
      "graph.datagen-7_6-fb.pr.damping-factor": "0.85",
      "graph.test-bfs-undirected.algorithms": "bfs",
      "environment.machine.cpu": "Intel(R) Xeon(R) Platinum 8369",
      "graph.test-sssp-undirected.vertex-file": "test-sssp-undirected.v",
      "graph.datagen-7_7-zf.sssp.weight-property": "weight",
      "environment.acronym": "ebmgn7e",
      "graph.dota-league.meta.edges": "50870313",
      "graph.datagen-sf3k-fb.edge-properties.types": "real",
      "graph.datagen-8_1-fb.vertex-file": "datagen-8_1-fb.v",
      "graph.datagen-8_7-zf.pr.num-iterations": "10",
      "graph.datagen-9_0-fb.meta.edges": "1049527225",
      "graph.datagen-7_8-zf.meta.vertices": "16521886",
      "graph.test-wcc-undirected.meta.edges": "7",
      "graph.example-undirected.edge-file": "example-undirected.e",
      "graph.datagen-8_8-zf.edge-file": "datagen-8_8-zf.e",
      "graph.datagen-sf3k-fb.sssp.weight-property": "weight",
      "graph.graph500-24.vertex-file": "graph500-24.v",
      "graph.test-cdlp-undirected.meta.edges": "13",
      "graph.datagen-sf3k-fb.vertex-file": "datagen-sf3k-fb.v",
      "graph.graph500-27.meta.edges": "2111642032",
      "graph.datagen-7_6-fb.algorithms": "bfs",
      "graph.graph500-25.meta.vertices": "17062472",
      "graph.datagen-7_8-zf.directed": "false",
      "graph.datagen-9_3-zf.sssp.weight-property": "weight",
      "graph.datagen-8_5-fb.bfs.source-vertex": "6",
      "graph.example-directed.vertex-file": "example-directed.v",
      "graph.datagen-8_3-zf.directed": "false",
      "platform.libgrape.nodes": "127.0.0.1",
      "graph.example-directed.algorithms": "bfs",
      "graph.kgs.sssp.source-vertex": "239044",
      "graph.datagen-7_6-fb.edge-properties.names": "weight",
      "graph.datagen-8_1-fb.cdlp.max-iterations": "10",
      "graph.datagen-8_9-fb.edge-properties.names": "weight",
      "graph.test-wcc-directed.directed": "true",
      "platform.libgrape.serializationSSSP": "",
      "graph.example-undirected.meta.edges": "12",
      "graph.test-lcc-undirected.edge-file": "test-lcc-undirected.e",
      "graph.datagen-8_8-zf.directed": "false",
      "graph.datagen-8_9-fb.algorithms": "bfs",
      "graph.graph500-23.pr.damping-factor": "0.85",
      "graph.datagen-8_7-zf.directed": "false",
      "graph.graph500-30.algorithms": "bfs",
      "graph.datagen-8_0-fb.vertex-file": "datagen-8_0-fb.v",
      "graph.graph500-24.meta.vertices": "8870942",
      "graph.datagen-8_6-fb.edge-properties.names": "weight",
      "graph.graph500-28.edge-file": "graph500-28.e",
      "graph.graph500-29.directed": "false",
      "benchmark.runner.port": "17989",
      "graph.datagen-7_9-fb.pr.damping-factor": "0.85",
      "graph.datagen-8_8-zf.sssp.weight-property": "weight",
      "graph.graph500-29.bfs.source-vertex": "0",
      "graph.datagen-9_0-fb.edge-properties.types": "real",
      "graph.datagen-8_3-zf.algorithms": "bfs",
      "graph.datagen-7_5-fb.sssp.source-vertex": "6",
      "graph.com-friendster.directed": "false",
      "graph.datagen-9_2-zf.meta.edges": "1042340732",
      "graph.datagen-7_7-zf.directed": "false",
      "graph.datagen-8_0-fb.sssp.weight-property": "weight",
      "benchmark.description": "Libgrape-lite LDBC Benchmark",
      "graph.test-pr-directed.pr.num-iterations": "14",
      "graph.datagen-8_3-zf.vertex-file": "datagen-8_3-zf.v",
      "graph.graph500-22.algorithms": "bfs",
      "graph.graph500-23.pr.num-iterations": "10",
      "benchmark.custom.validation-required": "true",
      "graph.datagen-8_1-fb.sssp.source-vertex": "6",
      "graph.datagen-9_0-fb.meta.vertices": "12857671",
      "graph.datagen-8_2-zf.sssp.weight-property": "weight",
      "graph.datagen-7_7-zf.vertex-file": "datagen-7_7-zf.v",
      "graph.datagen-8_5-fb.meta.vertices": "4599739",
      "graph.test-sssp-directed.edge-file": "test-sssp-directed.e",
      "graph.graph500-27.edge-file": "graph500-27.e",
      "graph.graph500-24.pr.damping-factor": "0.85",
      "graph.datagen-8_0-fb.sssp.source-vertex": "6",
      "graph.datagen-9_1-fb.edge-properties.names": "weight",
      "graph.datagen-8_8-zf.algorithms": "bfs",
      "benchmark.custom.graphs": "graph500-23",
      "graph.test-sssp-directed.meta.edges": "13",
      "graph.datagen-8_9-fb.edge-file": "datagen-8_9-fb.e",
      "graph.datagen-8_7-zf.cdlp.max-iterations": "10",
      "graph.example-directed.sssp.source-vertex": "1",
      "graph.kgs.pr.damping-factor": "0.85",
      "graph.datagen-9_4-fb.pr.damping-factor": "0.85",
      "graph.datagen-9_2-zf.edge-properties.names": "weight",
      "environment.machine.network": "Mellanox Technologies MT2892",
      "graph.twitter_mpi.vertex-file": "twitter_mpi.v",
      "graph.datagen-8_1-fb.bfs.source-vertex": "6",
      "graph.test-sssp-undirected.directed": "false",
      "graph.datagen-9_3-zf.pr.damping-factor": "0.85",
      "graph.datagen-8_1-fb.pr.num-iterations": "10",
      "graph.datagen-8_2-zf.pr.damping-factor": "0.85",
      "graph.graph500-26.edge-file": "graph500-26.e",
      "graph.datagen-9_1-fb.meta.edges": "1342158397",
      "graph.datagen-9_3-zf.directed": "false",
      "graph.datagen-8_3-zf.pr.num-iterations": "10",
      "graph.test-sssp-undirected.edge-properties.names": "weight",
      "graph.datagen-7_8-zf.pr.damping-factor": "0.85",
      "graph.graph500-25.algorithms": "bfs",
      "graph.test-lcc-undirected.algorithms": "lcc",
      "graph.test-cdlp-undirected.vertex-file": "test-cdlp-undirected.v",
      "graph.datagen-8_3-zf.bfs.source-vertex": "6",
      "graph.datagen-9_1-fb.sssp.weight-property": "weight",
      "graph.graph500-23.meta.vertices": "4610222",
      "graph.graph500-26.directed": "false",
      "graph.datagen-8_0-fb.edge-properties.types": "real",
      "environment.link": "https://www.alibabacloud.com/help/en/elastic-gpu-service/latest/gpu-accelerated-compute-optimized-instance-families#section-dem-yjl-04w",
      "graph.dota-league.pr.num-iterations": "10",
      "graph.datagen-7_8-zf.meta.edges": "41025255",
      "graph.graph500-28.bfs.source-vertex": "0",
      "graph.test-bfs-directed.edge-file": "test-bfs-directed.e",
      "graph.datagen-9_4-fb.meta.edges": "2588948669",
      "graph.datagen-8_4-fb.cdlp.max-iterations": "10",
      "graph.datagen-7_6-fb.directed": "false",
      "platform.link": "https://github.com/alibaba/libgrape-lite",
      "graph.datagen-9_1-fb.pr.damping-factor": "0.85",
      "graph.datagen-sf10k-fb.pr.damping-factor": "0.85",
      "benchmark.executor.port": "21185",
      "graph.datagen-8_0-fb.pr.damping-factor": "0.85",
      "graph.graph500-22.pr.num-iterations": "10",
      "graph.test-lcc-directed.algorithms": "lcc",
      "graph.test-sssp-directed.directed": "true",
      "graph.datagen-8_2-zf.edge-file": "datagen-8_2-zf.e",
      "graph.datagen-8_4-fb.edge-properties.types": "real",
      "graph.datagen-8_6-fb.directed": "false",
      "graph.example-directed.cdlp.max-iterations": "2",
      "graph.cit-Patents.meta.edges": "16518948",
      "graph.test-bfs-undirected.meta.vertices": "10",
      "graph.graph500-29.algorithms": "bfs",
      "graph.datagen-9_1-fb.edge-file": "datagen-9_1-fb.e",
      "benchmark.custom.output-required": "true",
      "graph.graph500-23.meta.edges": "129333677",
      "graph.datagen-sf10k-fb.edge-properties.names": "weight",
      "graph.test-cdlp-undirected.cdlp.max-iterations": "5",
      "graph.graph500-29.pr.num-iterations": "10",
      "graph.datagen-8_2-zf.edge-properties.names": "weight",
      "graph.com-friendster.algorithms": "bfs",
      "graph.graph500-23.directed": "false",
      "graph.datagen-sf10k-fb.edge-file": "datagen-sf10k-fb.e",
      "graph.datagen-8_7-zf.algorithms": "bfs",
      "graph.test-cdlp-directed.directed": "true",
      "graph.graph500-30.cdlp.max-iterations": "10",
      "graph.datagen-7_6-fb.sssp.source-vertex": "6",
      "graph.datagen-8_8-zf.sssp.source-vertex": "6",
      "graph.datagen-8_4-fb.meta.vertices": "3809084",
      "graph.datagen-7_6-fb.bfs.source-vertex": "6",
      "graph.test-cdlp-directed.cdlp.max-iterations": "5",
      "graph.test-cdlp-undirected.meta.vertices": "8",
      "graph.datagen-8_3-zf.edge-file": "datagen-8_3-zf.e",
      "graph.graph500-22.meta.vertices": "2396657",
      "graph.com-friendster.bfs.source-vertex": "101",
      "graph.datagen-7_9-fb.meta.edges": "85670523",
      "graph.test-lcc-undirected.meta.vertices": "9",
      "environment.machine.quantity": "1",
      "graph.datagen-7_5-fb.sssp.weight-property": "weight",
      "graph.graph500-24.algorithms": "bfs",
      "graph.example-undirected.pr.num-iterations": "2",
      "graph.graph500-29.pr.damping-factor": "0.85",
      "graphs.validation-directory": "/root/libgrape-lite/ldbc_driver/workspace/graphs",
      "graph.example-directed.sssp.weight-property": "weight",
      "graph.datagen-8_1-fb.sssp.weight-property": "weight",
      "graph.datagen-8_6-fb.algorithms": "bfs",
      "graph.datagen-8_7-zf.edge-properties.names": "weight",
      "graph.datagen-8_9-fb.pr.num-iterations": "10",
      "graph.test-wcc-undirected.meta.vertices": "8",
      "graph.datagen-8_0-fb.cdlp.max-iterations": "10",
      "graph.datagen-8_1-fb.edge-properties.types": "real",
      "graph.graph500-23.edge-file": "graph500-23.e",
      "graph.test-wcc-undirected.directed": "false",
      "graph.graph500-28.pr.damping-factor": "0.85",
      "graph.test-pr-undirected.meta.vertices": "50",
      "graph.datagen-8_7-zf.meta.vertices": "145050709",
      "graph.datagen-8_6-fb.meta.edges": "421988619",
      "graph.datagen-8_9-fb.meta.vertices": "10572901",
      "platform.libgrape.serialization": "",
      "graph.datagen-8_9-fb.pr.damping-factor": "0.85",
      "platform.libgrape.HashPartitioner": "twitter_mpi",
      "graph.dota-league.bfs.source-vertex": "287770",
      "graph.graph500-27.pr.damping-factor": "0.85",
      "graph.datagen-sf10k-fb.directed": "false",
      "graph.graph500-30.edge-file": "graph500-30.e",
      "graph.datagen-7_6-fb.meta.vertices": "754147",
      "graph.test-lcc-undirected.meta.edges": "12",
      "graph.graph500-28.pr.num-iterations": "10",
      "graph.datagen-7_9-fb.cdlp.max-iterations": "10",
      "graph.datagen-8_5-fb.meta.edges": "332026902",
      "graph.datagen-8_6-fb.sssp.weight-property": "weight",
      "benchmark.name": "Custom Benchmark",
      "graph.test-lcc-directed.meta.edges": "17",
      "graph.test-cdlp-directed.meta.vertices": "8",
      "graph.datagen-7_7-zf.sssp.source-vertex": "6",
      "graph.datagen-sf10k-fb.edge-properties.types": "real",
      "graph.datagen-8_4-fb.pr.num-iterations": "10",
      "graph.test-pr-directed.vertex-file": "test-pr-directed.v",
      "graph.datagen-8_5-fb.edge-properties.names": "weight",
      "graph.test-wcc-undirected.vertex-file": "test-wcc-undirected.v",
      "benchmark.custom.timeout": "9000",
      "graph.datagen-7_5-fb.bfs.source-vertex": "6",
      "graph.datagen-9_0-fb.edge-file": "datagen-9_0-fb.e",
      "graph.datagen-8_1-fb.edge-file": "datagen-8_1-fb.e",
      "graph.datagen-8_8-zf.meta.edges": "413354288",
      "graph.datagen-7_8-zf.sssp.weight-property": "weight",
      "graph.datagen-9_1-fb.cdlp.max-iterations": "10",
      "graph.test-sssp-directed.meta.vertices": "10",
      "graph.graph500-24.cdlp.max-iterations": "10",
      "graph.graph500-25.pr.damping-factor": "0.85",
      "graph.example-undirected.pr.damping-factor": "0.85",
      "platform.name": "libgrape-gpu",
      "graph.datagen-9_2-zf.bfs.source-vertex": "6",
      "graph.graph500-25.edge-file": "graph500-25.e",
      "graph.test-pr-undirected.meta.edges": "113",
      "graph.datagen-8_3-zf.edge-properties.types": "real",
      "graph.wiki-Talk.pr.num-iterations": "10",
      "graph.test-bfs-directed.meta.vertices": "10",
      "graph.datagen-9_4-fb.sssp.source-vertex": "6",
      "graph.test-pr-directed.algorithms": "pr",
      "graph.datagen-8_2-zf.meta.vertices": "43734497",
      "graph.test-sssp-directed.sssp.weight-property": "weight",
      "graph.datagen-8_2-zf.vertex-file": "datagen-8_2-zf.v",
      "graph.graph500-26.meta.edges": "1051922853",
      "graph.graph500-30.directed": "false",
      "graph.graph500-25.cdlp.max-iterations": "10",
      "graph.graph500-30.meta.vertices": "447797986",
      "graph.datagen-9_4-fb.cdlp.max-iterations": "10",
      "graph.test-bfs-directed.meta.edges": "17",
      "graph.datagen-9_1-fb.algorithms": "bfs",
      "graph.datagen-8_9-fb.vertex-file": "datagen-8_9-fb.v",
      "graph.wiki-Talk.bfs.source-vertex": "2",
      "benchmark.custom.algorithms": "sssp",
      "graph.datagen-9_3-zf.bfs.source-vertex": "6",
      "graph.wiki-Talk.vertex-file": "wiki-Talk.v",
      "graph.graph500-27.pr.num-iterations": "10",
      "graph.datagen-9_4-fb.vertex-file": "datagen-9_4-fb.v",
      "graph.datagen-9_2-zf.directed": "false",
      "graph.datagen-9_2-zf.edge-file": "datagen-9_2-zf.e",
      "graph.datagen-9_3-zf.edge-file": "datagen-9_3-zf.e",
      "graph.datagen-sf3k-fb.algorithms": "bfs",
      "graph.example-directed.directed": "true",
      "graph.datagen-8_1-fb.pr.damping-factor": "0.85",
      "graph.datagen-9_2-zf.cdlp.max-iterations": "10",
      "graph.graph500-26.algorithms": "bfs",
      "graph.datagen-7_9-fb.edge-properties.types": "real",
      "graph.datagen-8_5-fb.algorithms": "bfs",
      "environment.name": "ecs.ebmgn7e.32xlarge",
      "graph.datagen-8_3-zf.sssp.source-vertex": "6",
      "graphs.output-directory": "/root/libgrape-lite/ldbc_driver/workspace/output",
      "graph.datagen-sf3k-fb.meta.edges": "2912009743",
      "graph.test-bfs-directed.algorithms": "bfs",
      "graph.datagen-sf3k-fb.edge-properties.names": "weight",
      "graph.datagen-8_4-fb.pr.damping-factor": "0.85",
      "graph.example-directed.meta.edges": "17",
      "graph.wiki-Talk.cdlp.max-iterations": "10",
      "graph.datagen-8_5-fb.pr.num-iterations": "10",
      "graph.example-undirected.sssp.weight-property": "weight",
      "graph.kgs.pr.num-iterations": "10",
      "graph.example-directed.pr.num-iterations": "2",
      "graph.datagen-7_6-fb.cdlp.max-iterations": "10",
      "graph.test-bfs-directed.bfs.source-vertex": "1",
      "graph.graph500-22.pr.damping-factor": "0.85",
      "graph.graph500-29.edge-file": "graph500-29.e",
      "graph.kgs.edge-properties.types": "real",
      "graph.datagen-8_0-fb.pr.num-iterations": "10",
      "graph.graph500-22.meta.edges": "64155735",
      "graph.test-cdlp-directed.edge-file": "test-cdlp-directed.e",
      "graph.datagen-9_2-zf.meta.vertices": "434943376",
      "graph.datagen-7_7-zf.pr.damping-factor": "0.85",
      "graph.datagen-7_8-zf.edge-properties.types": "real",
      "graph.datagen-8_4-fb.algorithms": "bfs",
      "graph.graph500-28.directed": "false",
      "graph.test-sssp-undirected.sssp.weight-property": "weight",
      "graph.datagen-sf10k-fb.sssp.source-vertex": "6",
      "graph.graph500-30.bfs.source-vertex": "0",
      "graph.datagen-8_8-zf.pr.damping-factor": "0.85",
      "graph.datagen-7_8-zf.sssp.source-vertex": "6",
      "graph.datagen-7_5-fb.vertex-file": "datagen-7_5-fb.v",
      "graph.datagen-8_1-fb.meta.vertices": "2072117",
      "graph.datagen-7_9-fb.sssp.weight-property": "weight",
      "graph.dota-league.directed": "false",
      "graph.twitter_mpi.bfs.source-vertex": "420",
      "graph.datagen-8_6-fb.sssp.source-vertex": "6",
      "graph.graph500-28.cdlp.max-iterations": "10",
      "graph.datagen-7_7-zf.cdlp.max-iterations": "10",
      "graph.cit-Patents.bfs.source-vertex": "6009541",
      "graph.datagen-8_9-fb.bfs.source-vertex": "6",
      "graph.datagen-9_0-fb.edge-properties.names": "weight",
      "graph.datagen-sf3k-fb.meta.vertices": "33484375",
      "graph.graph500-24.pr.num-iterations": "10",
      "graph.graph500-24.meta.edges": "260379520",
      "graph.wiki-Talk.directed": "true",
      "graph.graph500-26.pr.damping-factor": "0.85",
      "graph.datagen-8_3-zf.edge-properties.names": "weight",
      "graph.graph500-29.cdlp.max-iterations": "10",
      "graph.datagen-7_8-zf.pr.num-iterations": "10",
      "graph.datagen-7_9-fb.algorithms": "bfs",
      "graph.datagen-8_6-fb.pr.damping-factor": "0.85",
      "graph.datagen-8_8-zf.cdlp.max-iterations": "10",
      "graph.datagen-7_6-fb.pr.num-iterations": "10",
      "graph.datagen-7_8-zf.vertex-file": "datagen-7_8-zf.v",
      "graph.datagen-7_5-fb.pr.damping-factor": "0.85",
      "graph.datagen-8_0-fb.edge-file": "datagen-8_0-fb.e",
      "graph.test-pr-directed.meta.vertices": "50",
      "graph.datagen-8_7-zf.edge-properties.types": "real",
      "graph.test-lcc-directed.vertex-file": "test-lcc-directed.v",
      "graph.datagen-8_6-fb.cdlp.max-iterations": "10",
      "graph.dota-league.edge-file": "dota-league.e",
      "graph.graph500-26.vertex-file": "graph500-26.v",
      "graph.graph500-27.algorithms": "bfs",
      "benchmark.type": "custom",
      "platform.run.gpu.enabled": "true",
      "graph.datagen-9_0-fb.algorithms": "bfs",
      "graph.test-cdlp-undirected.algorithms": "cdlp",
      "graph.datagen-8_7-zf.sssp.source-vertex": "6",
      "graph.graph500-27.vertex-file": "graph500-27.v",
      "graph.graph500-24.directed": "false",
      "graph.kgs.edge-properties.names": "weight",
      "graph.datagen-8_6-fb.meta.vertices": "5667674",
      "graph.datagen-8_5-fb.edge-properties.types": "real",
      "graph.datagen-9_4-fb.directed": "false",
      "graph.test-cdlp-directed.vertex-file": "test-cdlp-directed.v",
      "graph.example-directed.edge-file": "example-directed.e",
      "graph.datagen-7_5-fb.pr.num-iterations": "10",
      "graph.kgs.edge-file": "kgs.e",
      "graph.datagen-7_6-fb.vertex-file": "datagen-7_6-fb.v",
      "graph.test-bfs-directed.vertex-file": "test-bfs-directed.v",
      "graph.test-cdlp-directed.meta.edges": "18",
      "graph.datagen-8_2-zf.cdlp.max-iterations": "10",
      "graph.kgs.directed": "false",
      "graph.datagen-9_0-fb.cdlp.max-iterations": "10",
      "graph.test-lcc-directed.directed": "true",
      "graph.datagen-8_7-zf.edge-file": "datagen-8_7-zf.e",
      "graph.graph500-28.meta.edges": "4236163958",
      "graph.cit-Patents.pr.damping-factor": "0.85",
      "graph.dota-league.sssp.source-vertex": "287770",
      "graph.datagen-9_2-zf.edge-properties.types": "real",
      "graph.graph500-23.vertex-file": "graph500-23.v",
      "graph.graph500-22.vertex-file": "graph500-22.v",
      "graph.datagen-7_9-fb.sssp.source-vertex": "6",
      "graph.test-sssp-undirected.edge-properties.types": "real",
      "graph.datagen-7_7-zf.bfs.source-vertex": "6",
      "graph.datagen-9_0-fb.sssp.source-vertex": "6",
      "graph.test-bfs-undirected.meta.edges": "14",
      "graph.datagen-9_1-fb.bfs.source-vertex": "6",
      "graph.datagen-8_3-zf.pr.damping-factor": "0.85",
      "graphs.names": "[graph500-22, graph500-23, graph500-24, graph500-25, graph500-26, graph500-27, graph500-28, graph500-29, graph500-30, datagen-7_5-fb, datagen-7_6-fb, datagen-7_7-zf, datagen-7_8-zf, datagen-7_9-fb, datagen-8_0-fb, datagen-8_1-fb, datagen-8_2-zf, datagen-8_3-zf, datagen-8_4-fb, datagen-8_5-fb, datagen-8_6-fb, datagen-8_7-zf, datagen-8_8-zf, datagen-8_9-fb, datagen-9_0-fb, datagen-9_1-fb, datagen-9_2-zf, datagen-9_3-zf, datagen-9_4-fb, datagen-sf3k-fb, datagen-sf10k-fb, dota-league, com-friendster, twitter_mpi, cit-Patents, kgs, wiki-Talk, test-bfs-directed, test-bfs-undirected, test-cdlp-directed, test-cdlp-undirected, test-lcc-directed, test-lcc-undirected, test-pr-directed, test-pr-undirected, test-sssp-directed, test-sssp-undirected, test-wcc-directed, test-wcc-undirected, example-directed, example-undirected]",
      "graph.test-lcc-directed.edge-file": "test-lcc-directed.e",
      "graph.twitter_mpi.pr.damping-factor": "0.85",
      "graph.datagen-8_2-zf.directed": "false",
      "graph.datagen-9_0-fb.sssp.weight-property": "weight",
      "graph.datagen-7_9-fb.pr.num-iterations": "10",
      "graph.cit-Patents.pr.num-iterations": "10",
      "graph.datagen-9_3-zf.cdlp.max-iterations": "10",
      "graph.datagen-7_6-fb.sssp.weight-property": "weight",
      "graph.datagen-8_3-zf.sssp.weight-property": "weight",
      "graph.test-cdlp-undirected.directed": "false",
      "graph.dota-league.edge-properties.names": "weight",
      "graph.datagen-8_7-zf.meta.edges": "340157363",
      "graph.datagen-7_8-zf.bfs.source-vertex": "6",
      "graph.com-friendster.meta.vertices": "65608366",
      "graph.graph500-22.directed": "false",
      "graph.test-wcc-undirected.algorithms": "wcc",
      "graph.graph500-23.cdlp.max-iterations": "10",
      "graph.datagen-8_6-fb.bfs.source-vertex": "6",
      "graph.datagen-9_4-fb.edge-file": "datagen-9_4-fb.e",
      "graph.com-friendster.pr.num-iterations": "10",
      "graph.twitter_mpi.pr.num-iterations": "10",
      "graph.datagen-7_8-zf.edge-properties.names": "weight",
      "graph.datagen-8_2-zf.edge-properties.types": "real",
      "graph.datagen-9_0-fb.bfs.source-vertex": "6",
      "graph.datagen-sf3k-fb.directed": "false",
      "graph.datagen-8_4-fb.edge-properties.names": "weight",
      "graph.datagen-8_5-fb.edge-file": "datagen-8_5-fb.e",
      "graph.datagen-8_5-fb.sssp.weight-property": "weight",
      "graph.test-lcc-directed.meta.vertices": "10",
      "graph.example-directed.edge-properties.names": "weight",
      "graph.wiki-Talk.meta.vertices": "2394385",
      "graph.datagen-sf10k-fb.sssp.weight-property": "weight",
      "graph.datagen-9_1-fb.vertex-file": "datagen-9_1-fb.v",
      "graph.datagen-sf10k-fb.bfs.source-vertex": "933",
      "graph.test-sssp-directed.algorithms": "sssp",
      "graph.datagen-8_4-fb.meta.edges": "269479177",
      "graph.graph500-29.meta.edges": "8493569115",
      "graph.datagen-9_4-fb.pr.num-iterations": "10",
      "graph.graph500-25.bfs.source-vertex": "24460635",
      "graph.example-undirected.cdlp.max-iterations": "2",
      "graph.kgs.bfs.source-vertex": "239044",
      "graph.datagen-7_7-zf.edge-properties.types": "real",
      "graph.datagen-9_2-zf.pr.num-iterations": "10",
      "graph.graph500-27.directed": "false",
      "graph.datagen-sf3k-fb.cdlp.max-iterations": "10",
      "graph.kgs.vertex-file": "kgs.v",
      "graph.datagen-8_7-zf.sssp.weight-property": "weight",
      "graph.test-pr-undirected.algorithms": "pr",
      "graph.graph500-25.pr.num-iterations": "10",
      "graph.datagen-sf3k-fb.sssp.source-vertex": "6",
      "graph.test-pr-directed.directed": "true",
      "graph.cit-Patents.cdlp.max-iterations": "10",
      "graph.datagen-9_4-fb.algorithms": "bfs",
      "platform.version": "0.3.1",
      "graph.test-pr-undirected.pr.damping-factor": "0.85",
      "graph.datagen-8_8-zf.vertex-file": "datagen-8_8-zf.v",
      "graph.graph500-30.meta.edges": "17022117362",
      "graph.wiki-Talk.pr.damping-factor": "0.85",
      "graph.example-undirected.vertex-file": "example-undirected.v",
      "graph.datagen-8_4-fb.sssp.source-vertex": "6",
      "graph.datagen-8_8-zf.edge-properties.names": "weight",
      "graph.datagen-sf10k-fb.meta.vertices": "100218750",
      "graph.example-undirected.edge-properties.types": "real",
      "graph.graph500-26.pr.num-iterations": "10",
      "graph.test-lcc-undirected.vertex-file": "test-lcc-undirected.v",
      "graph.dota-league.vertex-file": "dota-league.v",
      "graph.datagen-7_7-zf.edge-file": "datagen-7_7-zf.e",
      "graph.datagen-9_3-zf.meta.vertices": "555270053",
      "graph.datagen-9_3-zf.algorithms": "bfs",
      "platform.libgrape.home": "/root/libgrape-lite",
      "graph.twitter_mpi.directed": "true",
      "system.pricing": "456697",
      "graph.test-sssp-undirected.meta.edges": "14",
      "benchmark.custom.repetitions": "3",
      "graph.example-undirected.algorithms": "bfs",
      "graph.test-pr-undirected.directed": "false",
      "graph.datagen-8_2-zf.meta.edges": "106440188",
      "graph.datagen-8_5-fb.pr.damping-factor": "0.85",
      "graph.dota-league.algorithms": "bfs",
      "graph.datagen-8_6-fb.edge-file": "datagen-8_6-fb.e",
      "graph.datagen-8_6-fb.edge-properties.types": "real",
      "graphs.root-directory": "/root/libgrape-lite/ldbc_driver/workspace/graphs",
      "graph.datagen-7_7-zf.pr.num-iterations": "10",
      "graph.com-friendster.vertex-file": "com-friendster.v",
      "graph.graph500-25.meta.edges": "523602831",
      "graph.datagen-7_5-fb.meta.vertices": "633432",
      "graph.test-pr-directed.meta.edges": "246",
      "graph.twitter_mpi.meta.vertices": "52579678",
      "graph.datagen-8_6-fb.pr.num-iterations": "10",
      "graph.test-sssp-directed.edge-properties.types": "real",
      "graph.test-pr-undirected.edge-file": "test-pr-undirected.e",
      "graph.test-wcc-directed.edge-file": "test-wcc-directed.e",
      "graph.kgs.meta.edges": "17891698",
      "graph.datagen-7_5-fb.cdlp.max-iterations": "10",
      "graph.test-wcc-directed.algorithms": "wcc",
      "graph.datagen-9_2-zf.algorithms": "bfs",
      "graph.datagen-7_6-fb.edge-properties.types": "real",
      "graph.datagen-9_0-fb.pr.num-iterations": "10",
      "graph.datagen-8_3-zf.meta.edges": "130579909",
      "graph.datagen-8_7-zf.pr.damping-factor": "0.85",
      "graph.datagen-8_8-zf.pr.num-iterations": "10",
      "graph.example-directed.pr.damping-factor": "0.85",
      "graph.datagen-8_0-fb.directed": "false",
      "graph.datagen-8_9-fb.meta.edges": "848681908",
      "graph.datagen-9_0-fb.directed": "false",
      "graph.datagen-7_9-fb.bfs.source-vertex": "6",
      "graph.datagen-7_8-zf.cdlp.max-iterations": "10",
      "environment.version": "1.0.0",
      "graph.datagen-9_4-fb.bfs.source-vertex": "6",
      "graph.datagen-9_3-zf.sssp.source-vertex": "6",
      "graph.example-directed.meta.vertices": "10",
      "graph.datagen-8_4-fb.directed": "false",
      "graph.datagen-sf10k-fb.meta.edges": "9404822538"
    }
  },
  "result": {
    "experiments": {
      "e858308": {
        "id": "e858308",
        "type": "custom:exp",
        "jobs": [
          "j557685",
          "j712624",
          "j692970",
          "j907584",
          "j626798",
          "j678774",
          "j673352",
          "j696166",
          "j550421",
          "j541368",
          "j464953",
          "j514167",
          "j814912",
          "j922035",
          "j681520",
          "j541558",
          "j559522",
          "j575966",
          "j714845",
          "j485473",
          "j781698",
          "j649849",
          "j526270",
          "j622507",
          "j693295",
          "j710514",
          "j568513",
          "j542587",
          "j702709",
          "j553371",
          "j492018",
          "j874992",
          "j690278",
          "j467091",
          "j486115",
          "j819758",
          "j812599",
          "j728922",
          "j504898",
          "j885816"
        ]
      }
    },
    "jobs": {
      "j526270": {
        "id": "j526270",
        "algorithm": "CDLP",
        "dataset": "datagen-8_2-zf",
        "scale": "1",
        "repetition": "3",
        "runs": [
          "r607921",
          "r661532",
          "r624271"
        ]
      },
      "j874992": {
        "id": "j874992",
        "algorithm": "WCC",
        "dataset": "graph500-24",
        "scale": "1",
        "repetition": "3",
        "runs": [
          "r579085",
          "r495777",
          "r766127"
        ]
      },
      "j550421": {
        "id": "j550421",
        "algorithm": "SSSP",
        "dataset": "datagen-8_3-zf",
        "scale": "1",
        "repetition": "3",
        "runs": [
          "r625928",
          "r722368",
          "r474180"
        ]
      },
      "j553371": {
        "id": "j553371",
        "algorithm": "WCC",
        "dataset": "datagen-8_2-zf",
        "scale": "1",
        "repetition": "3",
        "runs": [
          "r845611",
          "r632468",
          "r553305"
        ]
      },
      "j907584": {
        "id": "j907584",
        "algorithm": "LCC",
        "dataset": "datagen-8_2-zf",
        "scale": "1",
        "repetition": "3",
        "runs": [
          "r540120",
          "r575136",
          "r655445"
        ]
      },
      "j728922": {
        "id": "j728922",
        "algorithm": "BFS",
        "dataset": "datagen-8_4-fb",
        "scale": "1",
        "repetition": "3",
        "runs": [
          "r515746",
          "r496128",
          "r688334"
        ]
      },
      "j626798": {
        "id": "j626798",
        "algorithm": "LCC",
        "dataset": "datagen-8_4-fb",
        "scale": "1",
        "repetition": "3",
        "runs": [
          "r479572",
          "r564732",
          "r764031"
        ]
      },
      "j922035": {
        "id": "j922035",
        "algorithm": "PR",
        "dataset": "datagen-8_3-zf",
        "scale": "1",
        "repetition": "3",
        "runs": [
          "r468124",
          "r804585",
          "r703788"
        ]
      },
      "j541368": {
        "id": "j541368",
        "algorithm": "SSSP",
        "dataset": "datagen-8_1-fb",
        "scale": "1",
        "repetition": "3",
        "runs": [
          "r911904",
          "r813645",
          "r763600"
        ]
      },
      "j514167": {
        "id": "j514167",
        "algorithm": "SSSP",
        "dataset": "datagen-8_4-fb",
        "scale": "1",
        "repetition": "3",
        "runs": [
          "r888897",
          "r599769",
          "r805805"
        ]
      },
      "j781698": {
        "id": "j781698",
        "algorithm": "CDLP",
        "dataset": "datagen-8_3-zf",
        "scale": "1",
        "repetition": "3",
        "runs": [
          "r669336",
          "r607562",
          "r544139"
        ]
      },
      "j710514": {
        "id": "j710514",
        "algorithm": "CDLP",
        "dataset": "graph500-23",
        "scale": "1",
        "repetition": "3",
        "runs": [
          "r793778",
          "r716300",
          "r726754"
        ]
      },
      "j575966": {
        "id": "j575966",
        "algorithm": "PR",
        "dataset": "graph500-24",
        "scale": "1",
        "repetition": "3",
        "runs": [
          "r506007",
          "r785887",
          "r753526"
        ]
      },
      "j819758": {
        "id": "j819758",
        "algorithm": "BFS",
        "dataset": "datagen-8_1-fb",
        "scale": "1",
        "repetition": "3",
        "runs": [
          "r729130",
          "r502198",
          "r508227"
        ]
      },
      "j485473": {
        "id": "j485473",
        "algorithm": "CDLP",
        "dataset": "datagen-8_0-fb",
        "scale": "1",
        "repetition": "3",
        "runs": [
          "r892646",
          "r518828",
          "r751912"
        ]
      },
      "j678774": {
        "id": "j678774",
        "algorithm": "LCC",
        "dataset": "graph500-24",
        "scale": "1",
        "repetition": "3",
        "runs": [
          "r604223",
          "r466927",
          "r726992"
        ]
      },
      "j693295": {
        "id": "j693295",
        "algorithm": "CDLP",
        "dataset": "graph500-24",
        "scale": "1",
        "repetition": "3",
        "runs": [
          "r835731",
          "r922214",
          "r510928"
        ]
      },
      "j696166": {
        "id": "j696166",
        "algorithm": "SSSP",
        "dataset": "datagen-8_0-fb",
        "scale": "1",
        "repetition": "3",
        "runs": [
          "r725679",
          "r731261",
          "r685731"
        ]
      },
      "j492018": {
        "id": "j492018",
        "algorithm": "WCC",
        "dataset": "datagen-8_4-fb",
        "scale": "1",
        "repetition": "3",
        "runs": [
          "r827485",
          "r657856",
          "r679193"
        ]
      },
      "j622507": {
        "id": "j622507",
        "algorithm": "CDLP",
        "dataset": "datagen-8_4-fb",
        "scale": "1",
        "repetition": "3",
        "runs": [
          "r829236",
          "r805522",
          "r571609"
        ]
      },
      "j885816": {
        "id": "j885816",
        "algorithm": "BFS",
        "dataset": "graph500-23",
        "scale": "1",
        "repetition": "3",
        "runs": [
          "r485904",
          "r791131",
          "r915070"
        ]
      },
      "j690278": {
        "id": "j690278",
        "algorithm": "WCC",
        "dataset": "graph500-23",
        "scale": "1",
        "repetition": "3",
        "runs": [
          "r762194",
          "r485654",
          "r810303"
        ]
      },
      "j814912": {
        "id": "j814912",
        "algorithm": "PR",
        "dataset": "datagen-8_0-fb",
        "scale": "1",
        "repetition": "3",
        "runs": [
          "r472341",
          "r586534",
          "r862521"
        ]
      },
      "j681520": {
        "id": "j681520",
        "algorithm": "PR",
        "dataset": "datagen-8_1-fb",
        "scale": "1",
        "repetition": "3",
        "runs": [
          "r686287",
          "r800755",
          "r650383"
        ]
      },
      "j541558": {
        "id": "j541558",
        "algorithm": "PR",
        "dataset": "datagen-8_2-zf",
        "scale": "1",
        "repetition": "3",
        "runs": [
          "r669150",
          "r484283",
          "r646184"
        ]
      },
      "j504898": {
        "id": "j504898",
        "algorithm": "BFS",
        "dataset": "graph500-24",
        "scale": "1",
        "repetition": "3",
        "runs": [
          "r660947",
          "r628195",
          "r533350"
        ]
      },
      "j812599": {
        "id": "j812599",
        "algorithm": "BFS",
        "dataset": "datagen-8_2-zf",
        "scale": "1",
        "repetition": "3",
        "runs": [
          "r764075",
          "r558543",
          "r525816"
        ]
      },
      "j557685": {
        "id": "j557685",
        "algorithm": "LCC",
        "dataset": "datagen-8_0-fb",
        "scale": "1",
        "repetition": "3",
        "runs": [
          "r540449",
          "r526610",
          "r511905"
        ]
      },
      "j559522": {
        "id": "j559522",
        "algorithm": "PR",
        "dataset": "datagen-8_4-fb",
        "scale": "1",
        "repetition": "3",
        "runs": [
          "r567233",
          "r826875",
          "r706523"
        ]
      },
      "j464953": {
        "id": "j464953",
        "algorithm": "SSSP",
        "dataset": "datagen-8_2-zf",
        "scale": "1",
        "repetition": "3",
        "runs": [
          "r832519",
          "r840790",
          "r504036"
        ]
      },
      "j673352": {
        "id": "j673352",
        "algorithm": "LCC",
        "dataset": "graph500-23",
        "scale": "1",
        "repetition": "3",
        "runs": [
          "r495787",
          "r844061",
          "r730687"
        ]
      },
      "j568513": {
        "id": "j568513",
        "algorithm": "WCC",
        "dataset": "datagen-8_0-fb",
        "scale": "1",
        "repetition": "3",
        "runs": [
          "r684487",
          "r781064",
          "r880347"
        ]
      },
      "j542587": {
        "id": "j542587",
        "algorithm": "WCC",
        "dataset": "datagen-8_3-zf",
        "scale": "1",
        "repetition": "3",
        "runs": [
          "r524625",
          "r706281",
          "r628279"
        ]
      },
      "j712624": {
        "id": "j712624",
        "algorithm": "LCC",
        "dataset": "datagen-8_3-zf",
        "scale": "1",
        "repetition": "3",
        "runs": [
          "r833214",
          "r698651",
          "r848167"
        ]
      },
      "j714845": {
        "id": "j714845",
        "algorithm": "PR",
        "dataset": "graph500-23",
        "scale": "1",
        "repetition": "3",
        "runs": [
          "r580729",
          "r869793",
          "r916294"
        ]
      },
      "j486115": {
        "id": "j486115",
        "algorithm": "BFS",
        "dataset": "datagen-8_3-zf",
        "scale": "1",
        "repetition": "3",
        "runs": [
          "r652201",
          "r691214",
          "r847052"
        ]
      },
      "j692970": {
        "id": "j692970",
        "algorithm": "LCC",
        "dataset": "datagen-8_1-fb",
        "scale": "1",
        "repetition": "3",
        "runs": [
          "r705999",
          "r560119",
          "r902128"
        ]
      },
      "j702709": {
        "id": "j702709",
        "algorithm": "WCC",
        "dataset": "datagen-8_1-fb",
        "scale": "1",
        "repetition": "3",
        "runs": [
          "r880790",
          "r634040",
          "r852411"
        ]
      },
      "j649849": {
        "id": "j649849",
        "algorithm": "CDLP",
        "dataset": "datagen-8_1-fb",
        "scale": "1",
        "repetition": "3",
        "runs": [
          "r909604",
          "r495842",
          "r912546"
        ]
      },
      "j467091": {
        "id": "j467091",
        "algorithm": "BFS",
        "dataset": "datagen-8_0-fb",
        "scale": "1",
        "repetition": "3",
        "runs": [
          "r560698",
          "r883136",
          "r639810"
        ]
      }
    },
    "runs": {
      "r484283": {
        "id": "r484283",
        "timestamp": "1687316132443",
        "success": "true",
        "load_time": "0.000",
        "makespan": "122.907",
        "processing_time": "0.014"
      },
      "r800755": {
        "id": "r800755",
        "timestamp": "1687319221478",
        "success": "true",
        "load_time": "0.000",
        "makespan": "46.865",
        "processing_time": "0.013"
      },
      "r805805": {
        "id": "r805805",
        "timestamp": "1687321357142",
        "success": "true",
        "load_time": "0.000",
        "makespan": "106.919",
        "processing_time": "0.007"
      },
      "r624271": {
        "id": "r624271",
        "timestamp": "1687316848550",
        "success": "true",
        "load_time": "0.000",
        "makespan": "138.627",
        "processing_time": "0.184"
      },
      "r646184": {
        "id": "r646184",
        "timestamp": "1687317368636",
        "success": "true",
        "load_time": "0.000",
        "makespan": "118.344",
        "processing_time": "0.014"
      },
      "r628195": {
        "id": "r628195",
        "timestamp": "1687322768457",
        "success": "true",
        "load_time": "0.000",
        "makespan": "84.760",
        "processing_time": "0.006"
      },
      "r485654": {
        "id": "r485654",
        "timestamp": "1687323852753",
        "success": "true",
        "load_time": "0.000",
        "makespan": "47.007",
        "processing_time": "0.009"
      },
      "r553305": {
        "id": "r553305",
        "timestamp": "1687316289468",
        "success": "true",
        "load_time": "0.000",
        "makespan": "114.119",
        "processing_time": "0.028"
      },
      "r669336": {
        "id": "r669336",
        "timestamp": "1687313231697",
        "success": "true",
        "load_time": "0.000",
        "makespan": "138.340",
        "processing_time": "0.200"
      },
      "r518828": {
        "id": "r518828",
        "timestamp": "1687314969293",
        "success": "true",
        "load_time": "0.000",
        "makespan": "41.759",
        "processing_time": "0.151"
      },
      "r835731": {
        "id": "r835731",
        "timestamp": "1687322356355",
        "success": "true",
        "load_time": "0.000",
        "makespan": "86.045",
        "processing_time": "0.220"
      },
      "r705999": {
        "id": "r705999",
        "timestamp": "1687318971397",
        "success": "true",
        "load_time": "0.000",
        "makespan": "50.567",
        "processing_time": "0.049"
      },
      "r880790": {
        "id": "r880790",
        "timestamp": "1687319472564",
        "success": "true",
        "load_time": "0.000",
        "makespan": "48.241",
        "processing_time": "0.007"
      },
      "r472341": {
        "id": "r472341",
        "timestamp": "1687315470481",
        "success": "true",
        "load_time": "0.000",
        "makespan": "40.863",
        "processing_time": "0.012"
      },
      "r730687": {
        "id": "r730687",
        "timestamp": "1687323662692",
        "success": "true",
        "load_time": "0.000",
        "makespan": "50.098",
        "processing_time": "0.168"
      },
      "r502198": {
        "id": "r502198",
        "timestamp": "1687318718311",
        "success": "true",
        "load_time": "0.000",
        "makespan": "47.200",
        "processing_time": "0.004"
      },
      "r805522": {
        "id": "r805522",
        "timestamp": "1687320149867",
        "success": "true",
        "load_time": "0.000",
        "makespan": "82.857",
        "processing_time": "0.239"
      },
      "r625928": {
        "id": "r625928",
        "timestamp": "1687311269588",
        "success": "true",
        "load_time": "0.000",
        "makespan": "188.608",
        "processing_time": "0.019"
      },
      "r706281": {
        "id": "r706281",
        "timestamp": "1687313578751",
        "success": "true",
        "load_time": "0.000",
        "makespan": "137.835",
        "processing_time": "0.033"
      },
      "r632468": {
        "id": "r632468",
        "timestamp": "1687316496497",
        "success": "true",
        "load_time": "0.000",
        "makespan": "116.007",
        "processing_time": "0.031"
      },
      "r495842": {
        "id": "r495842",
        "timestamp": "1687319095435",
        "success": "true",
        "load_time": "0.000",
        "makespan": "50.621",
        "processing_time": "0.163"
      },
      "r607921": {
        "id": "r607921",
        "timestamp": "1687317519662",
        "success": "true",
        "load_time": "0.000",
        "makespan": "138.944",
        "processing_time": "0.180"
      },
      "r847052": {
        "id": "r847052",
        "timestamp": "1687314004814",
        "success": "true",
        "load_time": "0.000",
        "makespan": "139.791",
        "processing_time": "0.014"
      },
      "r722368": {
        "id": "r722368",
        "timestamp": "1687311069568",
        "success": "true",
        "load_time": "0.000",
        "makespan": "161.657",
        "processing_time": "0.022"
      },
      "r915070": {
        "id": "r915070",
        "timestamp": "1687323727713",
        "success": "true",
        "load_time": "0.000",
        "makespan": "45.965",
        "processing_time": "0.004"
      },
      "r731261": {
        "id": "r731261",
        "timestamp": "1687314733944",
        "success": "true",
        "load_time": "0.000",
        "makespan": "49.290",
        "processing_time": "0.005"
      },
      "r844061": {
        "id": "r844061",
        "timestamp": "1687324168855",
        "success": "true",
        "load_time": "0.000",
        "makespan": "49.156",
        "processing_time": "0.169"
      },
      "r558543": {
        "id": "r558543",
        "timestamp": "1687318016744",
        "success": "true",
        "load_time": "0.000",
        "makespan": "113.006",
        "processing_time": "0.014"
      },
      "r639810": {
        "id": "r639810",
        "timestamp": "1687314860257",
        "success": "true",
        "load_time": "0.000",
        "makespan": "40.380",
        "processing_time": "0.004"
      },
      "r468124": {
        "id": "r468124",
        "timestamp": "1687314176841",
        "success": "true",
        "load_time": "0.000",
        "makespan": "144.695",
        "processing_time": "0.018"
      },
      "r564732": {
        "id": "r564732",
        "timestamp": "1687320443937",
        "success": "true",
        "load_time": "0.000",
        "makespan": "87.356",
        "processing_time": "0.097"
      },
      "r655445": {
        "id": "r655445",
        "timestamp": "1687317849717",
        "success": "true",
        "load_time": "0.000",
        "makespan": "135.506",
        "processing_time": "0.022"
      },
      "r526610": {
        "id": "r526610",
        "timestamp": "1687315414460",
        "success": "true",
        "load_time": "0.000",
        "makespan": "42.000",
        "processing_time": "0.039"
      },
      "r840790": {
        "id": "r840790",
        "timestamp": "1687315634544",
        "success": "true",
        "load_time": "0.000",
        "makespan": "125.852",
        "processing_time": "0.019"
      },
      "r660947": {
        "id": "r660947",
        "timestamp": "1687323185549",
        "success": "true",
        "load_time": "0.000",
        "makespan": "84.717",
        "processing_time": "0.009"
      },
      "r496128": {
        "id": "r496128",
        "timestamp": "1687320545960",
        "success": "true",
        "load_time": "0.000",
        "makespan": "80.395",
        "processing_time": "0.004"
      },
      "r852411": {
        "id": "r852411",
        "timestamp": "1687318842354",
        "success": "true",
        "load_time": "0.000",
        "makespan": "47.561",
        "processing_time": "0.009"
      },
      "r474180": {
        "id": "r474180",
        "timestamp": "1687311495626",
        "success": "true",
        "load_time": "0.000",
        "makespan": "152.955",
        "processing_time": "0.019"
      },
      "r922214": {
        "id": "r922214",
        "timestamp": "1687322458379",
        "success": "true",
        "load_time": "0.000",
        "makespan": "83.024",
        "processing_time": "0.220"
      },
      "r586534": {
        "id": "r586534",
        "timestamp": "1687315303413",
        "success": "true",
        "load_time": "0.000",
        "makespan": "41.281",
        "processing_time": "0.011"
      },
      "r726992": {
        "id": "r726992",
        "timestamp": "1687322030284",
        "success": "true",
        "load_time": "0.000",
        "makespan": "89.872",
        "processing_time": "0.373"
      },
      "r888897": {
        "id": "r888897",
        "timestamp": "1687321598190",
        "success": "true",
        "load_time": "0.000",
        "makespan": "103.667",
        "processing_time": "0.007"
      },
      "r533350": {
        "id": "r533350",
        "timestamp": "1687321716213",
        "success": "true",
        "load_time": "0.000",
        "makespan": "93.574",
        "processing_time": "0.008"
      },
      "r726754": {
        "id": "r726754",
        "timestamp": "1687323541652",
        "success": "true",
        "load_time": "0.000",
        "makespan": "47.041",
        "processing_time": "0.170"
      },
      "r544139": {
        "id": "r544139",
        "timestamp": "1687312880641",
        "success": "true",
        "load_time": "0.000",
        "makespan": "141.372",
        "processing_time": "0.199"
      },
      "r504036": {
        "id": "r504036",
        "timestamp": "1687315952598",
        "success": "true",
        "load_time": "0.000",
        "makespan": "138.488",
        "processing_time": "0.017"
      },
      "r764031": {
        "id": "r764031",
        "timestamp": "1687320844027",
        "success": "true",
        "load_time": "0.000",
        "makespan": "85.987",
        "processing_time": "0.097"
      },
      "r510928": {
        "id": "r510928",
        "timestamp": "1687322976503",
        "success": "true",
        "load_time": "0.000",
        "makespan": "85.446",
        "processing_time": "0.224"
      },
      "r848167": {
        "id": "r848167",
        "timestamp": "1687312342557",
        "success": "true",
        "load_time": "0.000",
        "makespan": "147.090",
        "processing_time": "0.027"
      },
      "r845611": {
        "id": "r845611",
        "timestamp": "1687317155604",
        "success": "true",
        "load_time": "0.000",
        "makespan": "113.037",
        "processing_time": "0.026"
      },
      "r716300": {
        "id": "r716300",
        "timestamp": "1687323983794",
        "success": "true",
        "load_time": "0.000",
        "makespan": "46.955",
        "processing_time": "0.158"
      },
      "r495787": {
        "id": "r495787",
        "timestamp": "1687323918773",
        "success": "true",
        "load_time": "0.000",
        "makespan": "50.010",
        "processing_time": "0.163"
      },
      "r892646": {
        "id": "r892646",
        "timestamp": "1687315136350",
        "success": "true",
        "load_time": "0.000",
        "makespan": "41.759",
        "processing_time": "0.149"
      },
      "r485904": {
        "id": "r485904",
        "timestamp": "1687323355591",
        "success": "true",
        "load_time": "0.000",
        "makespan": "45.173",
        "processing_time": "0.005"
      },
      "r813645": {
        "id": "r813645",
        "timestamp": "1687319742651",
        "success": "true",
        "load_time": "0.000",
        "makespan": "58.501",
        "processing_time": "0.005"
      },
      "r810303": {
        "id": "r810303",
        "timestamp": "1687323787732",
        "success": "true",
        "load_time": "0.000",
        "makespan": "46.127",
        "processing_time": "0.008"
      },
      "r540449": {
        "id": "r540449",
        "timestamp": "1687315191370",
        "success": "true",
        "load_time": "0.000",
        "makespan": "43.206",
        "processing_time": "0.038"
      },
      "r883136": {
        "id": "r883136",
        "timestamp": "1687315525502",
        "success": "true",
        "load_time": "0.000",
        "makespan": "41.929",
        "processing_time": "0.004"
      },
      "r827485": {
        "id": "r827485",
        "timestamp": "1687321048073",
        "success": "true",
        "load_time": "0.000",
        "makespan": "86.316",
        "processing_time": "0.011"
      },
      "r916294": {
        "id": "r916294",
        "timestamp": "1687324107835",
        "success": "true",
        "load_time": "0.000",
        "makespan": "46.071",
        "processing_time": "0.020"
      },
      "r508227": {
        "id": "r508227",
        "timestamp": "1687318779333",
        "success": "true",
        "load_time": "0.000",
        "makespan": "49.620",
        "processing_time": "0.004"
      },
      "r751912": {
        "id": "r751912",
        "timestamp": "1687314806239",
        "success": "true",
        "load_time": "0.000",
        "makespan": "40.705",
        "processing_time": "0.148"
      },
      "r511905": {
        "id": "r511905",
        "timestamp": "1687315078331",
        "success": "true",
        "load_time": "0.000",
        "makespan": "43.967",
        "processing_time": "0.039"
      },
      "r580729": {
        "id": "r580729",
        "timestamp": "1687324044814",
        "success": "true",
        "load_time": "0.000",
        "makespan": "48.295",
        "processing_time": "0.019"
      },
      "r869793": {
        "id": "r869793",
        "timestamp": "1687323479631",
        "success": "true",
        "load_time": "0.000",
        "makespan": "46.474",
        "processing_time": "0.019"
      },
      "r604223": {
        "id": "r604223",
        "timestamp": "1687322247332",
        "success": "true",
        "load_time": "0.000",
        "makespan": "92.440",
        "processing_time": "0.377"
      },
      "r524625": {
        "id": "r524625",
        "timestamp": "1687312096528",
        "success": "true",
        "load_time": "0.000",
        "makespan": "139.760",
        "processing_time": "0.034"
      },
      "r575136": {
        "id": "r575136",
        "timestamp": "1687317688689",
        "success": "true",
        "load_time": "0.000",
        "makespan": "129.426",
        "processing_time": "0.022"
      },
      "r763600": {
        "id": "r763600",
        "timestamp": "1687319670628",
        "success": "true",
        "load_time": "0.000",
        "makespan": "57.665",
        "processing_time": "0.006"
      },
      "r793778": {
        "id": "r793778",
        "timestamp": "1687323415611",
        "success": "true",
        "load_time": "0.000",
        "makespan": "49.567",
        "processing_time": "0.172"
      },
      "r567233": {
        "id": "r567233",
        "timestamp": "1687319849799",
        "success": "true",
        "load_time": "0.000",
        "makespan": "87.001",
        "processing_time": "0.021"
      },
      "r495777": {
        "id": "r495777",
        "timestamp": "1687323077525",
        "success": "true",
        "load_time": "0.000",
        "makespan": "81.990",
        "processing_time": "0.015"
      },
      "r479572": {
        "id": "r479572",
        "timestamp": "1687320945050",
        "success": "true",
        "load_time": "0.000",
        "makespan": "88.652",
        "processing_time": "0.098"
      },
      "r661532": {
        "id": "r661532",
        "timestamp": "1687318157770",
        "success": "true",
        "load_time": "0.000",
        "makespan": "137.288",
        "processing_time": "0.179"
      },
      "r688334": {
        "id": "r688334",
        "timestamp": "1687319951820",
        "success": "true",
        "load_time": "0.000",
        "makespan": "82.702",
        "processing_time": "0.004"
      },
      "r628279": {
        "id": "r628279",
        "timestamp": "1687314358876",
        "success": "true",
        "load_time": "0.000",
        "makespan": "138.734",
        "processing_time": "0.035"
      },
      "r862521": {
        "id": "r862521",
        "timestamp": "1687315024313",
        "success": "true",
        "load_time": "0.000",
        "makespan": "40.404",
        "processing_time": "0.011"
      },
      "r706523": {
        "id": "r706523",
        "timestamp": "1687320246890",
        "success": "true",
        "load_time": "0.000",
        "makespan": "81.790",
        "processing_time": "0.023"
      },
      "r753526": {
        "id": "r753526",
        "timestamp": "1687322667427",
        "success": "true",
        "load_time": "0.000",
        "makespan": "84.424",
        "processing_time": "0.032"
      },
      "r571609": {
        "id": "r571609",
        "timestamp": "1687321254119",
        "success": "true",
        "load_time": "0.000",
        "makespan": "88.696",
        "processing_time": "0.238"
      },
      "r762194": {
        "id": "r762194",
        "timestamp": "1687323286571",
        "success": "true",
        "load_time": "0.000",
        "makespan": "49.624",
        "processing_time": "0.009"
      },
      "r912546": {
        "id": "r912546",
        "timestamp": "1687319159457",
        "success": "true",
        "load_time": "0.000",
        "makespan": "48.659",
        "processing_time": "0.165"
      },
      "r911904": {
        "id": "r911904",
        "timestamp": "1687319598606",
        "success": "true",
        "load_time": "0.000",
        "makespan": "58.367",
        "processing_time": "0.005"
      },
      "r698651": {
        "id": "r698651",
        "timestamp": "1687312703614",
        "success": "true",
        "load_time": "0.000",
        "makespan": "141.630",
        "processing_time": "0.027"
      },
      "r679193": {
        "id": "r679193",
        "timestamp": "1687321152097",
        "success": "true",
        "load_time": "0.000",
        "makespan": "85.024",
        "processing_time": "0.011"
      },
      "r725679": {
        "id": "r725679",
        "timestamp": "1687314670925",
        "success": "true",
        "load_time": "0.000",
        "makespan": "49.319",
        "processing_time": "0.005"
      },
      "r607562": {
        "id": "r607562",
        "timestamp": "1687313402725",
        "success": "true",
        "load_time": "0.000",
        "makespan": "143.412",
        "processing_time": "0.198"
      },
      "r703788": {
        "id": "r703788",
        "timestamp": "1687311696465",
        "success": "true",
        "load_time": "0.000",
        "makespan": "160.115",
        "processing_time": "0.016"
      },
      "r634040": {
        "id": "r634040",
        "timestamp": "1687319409542",
        "success": "true",
        "load_time": "0.000",
        "makespan": "47.617",
        "processing_time": "0.009"
      },
      "r686287": {
        "id": "r686287",
        "timestamp": "1687319282501",
        "success": "true",
        "load_time": "0.000",
        "makespan": "50.327",
        "processing_time": "0.013"
      },
      "r785887": {
        "id": "r785887",
        "timestamp": "1687321925259",
        "success": "true",
        "load_time": "0.000",
        "makespan": "88.369",
        "processing_time": "0.032"
      },
      "r560698": {
        "id": "r560698",
        "timestamp": "1687315580523",
        "success": "true",
        "load_time": "0.000",
        "makespan": "40.201",
        "processing_time": "0.004"
      },
      "r650383": {
        "id": "r650383",
        "timestamp": "1687318658290",
        "success": "true",
        "load_time": "0.000",
        "makespan": "46.478",
        "processing_time": "0.013"
      },
      "r599769": {
        "id": "r599769",
        "timestamp": "1687321479166",
        "success": "true",
        "load_time": "0.000",
        "makespan": "104.354",
        "processing_time": "0.009"
      },
      "r657856": {
        "id": "r657856",
        "timestamp": "1687320342914",
        "success": "true",
        "load_time": "0.000",
        "makespan": "83.360",
        "processing_time": "0.011"
      },
      "r525816": {
        "id": "r525816",
        "timestamp": "1687318492825",
        "success": "true",
        "load_time": "0.000",
        "makespan": "122.528",
        "processing_time": "0.014"
      },
      "r902128": {
        "id": "r902128",
        "timestamp": "1687319346522",
        "success": "true",
        "load_time": "0.000",
        "makespan": "48.949",
        "processing_time": "0.048"
      },
      "r791131": {
        "id": "r791131",
        "timestamp": "1687323602672",
        "success": "true",
        "load_time": "0.000",
        "makespan": "45.824",
        "processing_time": "0.008"
      },
      "r833214": {
        "id": "r833214",
        "timestamp": "1687311895491",
        "success": "true",
        "load_time": "0.000",
        "makespan": "164.886",
        "processing_time": "0.028"
      },
      "r764075": {
        "id": "r764075",
        "timestamp": "1687317016579",
        "success": "true",
        "load_time": "0.000",
        "makespan": "110.650",
        "processing_time": "0.013"
      },
      "r829236": {
        "id": "r829236",
        "timestamp": "1687320741005",
        "success": "true",
        "load_time": "0.000",
        "makespan": "88.458",
        "processing_time": "0.236"
      },
      "r669150": {
        "id": "r669150",
        "timestamp": "1687318323797",
        "success": "true",
        "load_time": "0.000",
        "makespan": "135.863",
        "processing_time": "0.015"
      },
      "r652201": {
        "id": "r652201",
        "timestamp": "1687313830785",
        "success": "true",
        "load_time": "0.000",
        "makespan": "142.404",
        "processing_time": "0.015"
      },
      "r691214": {
        "id": "r691214",
        "timestamp": "1687312525585",
        "success": "true",
        "load_time": "0.000",
        "makespan": "146.000",
        "processing_time": "0.014"
      },
      "r766127": {
        "id": "r766127",
        "timestamp": "1687322137308",
        "success": "true",
        "load_time": "0.000",
        "makespan": "83.924",
        "processing_time": "0.017"
      },
      "r832519": {
        "id": "r832519",
        "timestamp": "1687315793570",
        "success": "true",
        "load_time": "0.000",
        "makespan": "126.591",
        "processing_time": "0.020"
      },
      "r909604": {
        "id": "r909604",
        "timestamp": "1687319536585",
        "success": "true",
        "load_time": "0.000",
        "makespan": "48.125",
        "processing_time": "0.169"
      },
      "r826875": {
        "id": "r826875",
        "timestamp": "1687320048843",
        "success": "true",
        "load_time": "0.000",
        "makespan": "86.602",
        "processing_time": "0.021"
      },
      "r466927": {
        "id": "r466927",
        "timestamp": "1687322868479",
        "success": "true",
        "load_time": "0.000",
        "makespan": "90.821",
        "processing_time": "0.379"
      },
      "r684487": {
        "id": "r684487",
        "timestamp": "1687315248391",
        "success": "true",
        "load_time": "0.000",
        "makespan": "40.149",
        "processing_time": "0.006"
      },
      "r685731": {
        "id": "r685731",
        "timestamp": "1687314600907",
        "success": "true",
        "load_time": "0.000",
        "makespan": "56.256",
        "processing_time": "0.005"
      },
      "r515746": {
        "id": "r515746",
        "timestamp": "1687320640982",
        "success": "true",
        "load_time": "0.000",
        "makespan": "85.578",
        "processing_time": "0.004"
      },
      "r579085": {
        "id": "r579085",
        "timestamp": "1687322557404",
        "success": "true",
        "load_time": "0.000",
        "makespan": "85.870",
        "processing_time": "0.017"
      },
      "r880347": {
        "id": "r880347",
        "timestamp": "1687314914275",
        "success": "true",
        "load_time": "0.000",
        "makespan": "40.498",
        "processing_time": "0.006"
      },
      "r804585": {
        "id": "r804585",
        "timestamp": "1687313055669",
        "success": "true",
        "load_time": "0.000",
        "makespan": "138.882",
        "processing_time": "0.027"
      },
      "r540120": {
        "id": "r540120",
        "timestamp": "1687316698525",
        "success": "true",
        "load_time": "0.000",
        "makespan": "118.116",
        "processing_time": "0.022"
      },
      "r560119": {
        "id": "r560119",
        "timestamp": "1687318905375",
        "success": "true",
        "load_time": "0.000",
        "makespan": "52.083",
        "processing_time": "0.049"
      },
      "r506007": {
        "id": "r506007",
        "timestamp": "1687321825236",
        "success": "true",
        "load_time": "0.000",
        "makespan": "82.852",
        "processing_time": "0.036"
      },
      "r781064": {
        "id": "r781064",
        "timestamp": "1687315358439",
        "success": "true",
        "load_time": "0.000",
        "makespan": "39.946",
        "processing_time": "0.007"
      },
      "r729130": {
        "id": "r729130",
        "timestamp": "1687319035417",
        "success": "true",
        "load_time": "0.000",
        "makespan": "46.611",
        "processing_time": "0.004"
      }
    }
  }
}