{
  "id": "b618540",
  "specification": "1.0.0",
  "description": "grb:v8.0.0 lagr:mmread-sym",
  "system": {
    "platform": {
      "name": "GraphBLAS",
      "acronym": "graphblas",
      "version": "1.0",
      "link": "https://github.com/FTSRG/ldbc-graphalytics-platform-graphblas"
    },
    "environment": {
      "name": "",
      "acronym": "",
      "version": "",
      "link": "",
      "machines": [
        {
          "quantity": "1",
          "cpu": "2-Socket Intel(R) Xeon(R) Platinum 8480+",
          "memory": "1TB (16x 64GB) DDR5 RDIMM",
          "network": "",
          "storage": "7.6TB NVMe Solidigm D7-P5510"        
		}
      ]
    },
    "tool": {
      "graphalytics-core": {
        "name": "graphalytics-core",
        "version": "1.10.0",
        "link": "https://github.com/ldbc/ldbc_graphalytics"
      },
      "graphalytics-platforms-graphblas": {
        "name": "graphalytics-platforms-graphblas",
        "version": "0.1.0-SNAPSHOT",
        "link": "https://github.com/atlarge-research/graphalytics-platforms-graphblas"
      }
    },
    "pricing": "51826"
  },
  "benchmark": {
    "type": "custom",
    "name": "Benchmark for dataset size M",
    "duration": "3757444",
    "timeout": "1800",
    "resources": {},
    "output": {
      "required": "-",
      "directory": "./output/"
    },
    "validation": {
      "required": "-",
      "directory": "/home/devcloud/data/"
    },
    "configurations": {
      "graph.datagen-8_9-fb.edge-properties.types": "real",
      "environment.machine.memory": "",
      "graph.datagen-8_3-zf.cdlp.max-iterations": "10",
      "graph.datagen-9_4-fb.sssp.weight-property": "weight",
      "graph.graph500-27.meta.vertices": "63081040",
      "graph.test-bfs-undirected.vertex-file": "test-bfs-undirected.v",
      "graph.cit-Patents.algorithms": "bfs",
      "graph.datagen-8_9-fb.sssp.source-vertex": "6",
      "graph.graph500-24.edge-file": "graph500-24.e",
      "graph.datagen-8_4-fb.vertex-file": "datagen-8_4-fb.v",
      "graph.datagen-9_1-fb.meta.vertices": "16087483",
      "graph.example-undirected.meta.vertices": "9",
      "graph.com-friendster.cdlp.max-iterations": "10",
      "graph.test-pr-directed.edge-file": "test-pr-directed.e",
      "graph.cit-Patents.vertex-file": "cit-Patents.v",
      "graph.datagen-7_9-fb.vertex-file": "datagen-7_9-fb.v",
      "graph.test-bfs-undirected.bfs.source-vertex": "1",
      "graph.kgs.cdlp.max-iterations": "10",
      "graph.kgs.meta.vertices": "832247",
      "environment.machine.storage": "",
      "graph.datagen-8_7-zf.bfs.source-vertex": "6",
      "benchmark.runner.max-memory": "",
      "graph.datagen-sf3k-fb.pr.num-iterations": "10",
      "graph.datagen-8_3-zf.meta.vertices": "53525014",
      "graph.datagen-8_1-fb.algorithms": "bfs",
      "graph.datagen-7_7-zf.meta.edges": "32791267",
      "graph.datagen-8_7-zf.vertex-file": "datagen-8_7-zf.v",
      "graph.datagen-8_8-zf.meta.vertices": "168308893",
      "graph.datagen-9_2-zf.vertex-file": "datagen-9_2-zf.v",
      "graph.dota-league.cdlp.max-iterations": "10",
      "graph.datagen-sf3k-fb.pr.damping-factor": "0.85",
      "graph.datagen-8_5-fb.sssp.source-vertex": "6",
      "graph.datagen-8_8-zf.edge-properties.types": "real",
      "graph.graph500-22.cdlp.max-iterations": "10",
      "graph.graph500-23.algorithms": "bfs",
      "graph.graph500-22.edge-file": "graph500-22.e",
      "graph.datagen-8_0-fb.edge-properties.names": "weight",
      "graph.datagen-8_0-fb.meta.vertices": "1706561",
      "graph.example-undirected.edge-properties.names": "weight",
      "graph.datagen-8_0-fb.algorithms": "bfs",
      "graph.datagen-9_4-fb.edge-properties.types": "real",
      "graph.datagen-7_7-zf.algorithms": "bfs",
      "graph.datagen-8_0-fb.bfs.source-vertex": "6",
      "graph.twitter_mpi.cdlp.max-iterations": "10",
      "graph.graph500-22.bfs.source-vertex": "248533",
      "graph.graph500-30.pr.damping-factor": "0.85",
      "graph.example-directed.bfs.source-vertex": "1",
      "graph.datagen-9_1-fb.edge-properties.types": "real",
      "graph.datagen-sf10k-fb.algorithms": "bfs",
      "graph.datagen-8_5-fb.vertex-file": "datagen-8_5-fb.v",
      "graph.datagen-sf10k-fb.vertex-file": "datagen-sf10k-fb.v",
      "graph.datagen-8_9-fb.cdlp.max-iterations": "10",
      "graph.com-friendster.meta.edges": "1806067135",
      "graph.graph500-26.meta.vertices": "32804978",
      "graph.datagen-7_8-zf.algorithms": "bfs",
      "graph.datagen-9_2-zf.sssp.weight-property": "weight",
      "graph.datagen-9_2-zf.sssp.source-vertex": "6",
      "graph.datagen-7_5-fb.algorithms": "bfs",
      "graph.graph500-24.bfs.source-vertex": "2592222",
      "graph.datagen-7_6-fb.edge-file": "datagen-7_6-fb.e",
      "graph.datagen-8_8-zf.bfs.source-vertex": "6",
      "graph.test-wcc-directed.meta.edges": "10",
      "graph.dota-league.meta.vertices": "61170",
      "graph.datagen-sf10k-fb.cdlp.max-iterations": "10",
      "graph.datagen-7_7-zf.meta.vertices": "13180508",
      "graph.datagen-7_5-fb.meta.edges": "34185747",
      "graph.example-directed.edge-properties.types": "real",
      "graph.datagen-7_8-zf.edge-file": "datagen-7_8-zf.e",
      "graph.test-pr-directed.pr.damping-factor": "0.85",
      "graph.test-pr-undirected.pr.num-iterations": "26",
      "graph.datagen-9_2-zf.pr.damping-factor": "0.85",
      "graph.datagen-9_3-zf.pr.num-iterations": "10",
      "graph.datagen-9_3-zf.edge-properties.types": "real",
      "graph.graph500-28.meta.vertices": "121242388",
      "graph.test-sssp-undirected.algorithms": "sssp",
      "graph.datagen-7_5-fb.edge-properties.names": "weight",
      "graph.test-wcc-directed.vertex-file": "test-wcc-directed.v",
      "graph.datagen-8_2-zf.bfs.source-vertex": "6",
      "graph.test-bfs-undirected.directed": "false",
      "graph.test-sssp-undirected.sssp.source-vertex": "1",
      "graph.twitter_mpi.meta.edges": "1963263508",
      "graph.datagen-7_7-zf.edge-properties.names": "weight",
      "graph.dota-league.edge-properties.types": "real",
      "graph.datagen-9_4-fb.edge-properties.names": "weight",
      "graph.datagen-9_3-zf.vertex-file": "datagen-9_3-zf.v",
      "graph.datagen-7_9-fb.edge-properties.names": "weight",
      "graph.datagen-8_9-fb.sssp.weight-property": "weight",
      "graph.datagen-8_2-zf.sssp.source-vertex": "6",
      "graph.graph500-26.cdlp.max-iterations": "10",
      "graph.test-lcc-undirected.directed": "false",
      "graph.graph500-26.bfs.source-vertex": "62455266",
      "graph.test-pr-undirected.vertex-file": "test-pr-undirected.v",
      "graph.datagen-9_4-fb.meta.vertices": "29310565",
      "graph.test-cdlp-undirected.edge-file": "test-cdlp-undirected.e",
      "graph.test-bfs-undirected.edge-file": "test-bfs-undirected.e",
      "graph.graph500-27.bfs.source-vertex": "0",
      "graph.test-sssp-directed.vertex-file": "test-sssp-directed.v",
      "graph.datagen-8_4-fb.sssp.weight-property": "weight",
      "graph.datagen-8_1-fb.meta.edges": "134267822",
      "graph.graph500-27.cdlp.max-iterations": "10",
      "graph.graph500-30.pr.num-iterations": "10",
      "graph.graph500-30.vertex-file": "graph500-30.v",
      "graph.example-undirected.sssp.source-vertex": "2",
      "graph.twitter_mpi.algorithms": "bfs",
      "graph.datagen-sf3k-fb.bfs.source-vertex": "933",
      "graph.test-sssp-undirected.edge-file": "test-sssp-undirected.e",
      "graph.datagen-7_5-fb.directed": "false",
      "graph.graph500-25.directed": "false",
      "graph.datagen-9_1-fb.pr.num-iterations": "10",
      "graph.datagen-sf10k-fb.pr.num-iterations": "10",
      "graph.datagen-7_9-fb.edge-file": "datagen-7_9-fb.e",
      "graph.datagen-8_4-fb.bfs.source-vertex": "6",
      "graph.wiki-Talk.edge-file": "wiki-Talk.e",
      "graph.dota-league.pr.damping-factor": "0.85",
      "graph.graph500-28.algorithms": "bfs",
      "graph.datagen-9_3-zf.edge-properties.names": "weight",
      "graph.cit-Patents.edge-file": "cit-Patents.e",
      "graph.twitter_mpi.edge-file": "twitter_mpi.e",
      "graph.cit-Patents.directed": "true",
      "graph.datagen-7_5-fb.edge-properties.types": "real",
      "graph.test-wcc-undirected.edge-file": "test-wcc-undirected.e",
      "graph.datagen-8_5-fb.directed": "false",
      "graph.datagen-8_9-fb.directed": "false",
      "graph.datagen-8_5-fb.cdlp.max-iterations": "10",
      "graph.cit-Patents.meta.vertices": "3774768",
      "graph.datagen-7_6-fb.meta.edges": "42162988",
      "graph.datagen-8_2-zf.pr.num-iterations": "10",
      "graph.graph500-29.meta.vertices": "232999630",
      "graph.datagen-8_0-fb.meta.edges": "107507376",
      "graph.datagen-sf3k-fb.edge-file": "datagen-sf3k-fb.e",
      "graph.datagen-9_0-fb.vertex-file": "datagen-9_0-fb.v",
      "graph.graph500-23.bfs.source-vertex": "7348998",
      "graph.test-sssp-undirected.meta.vertices": "12",
      "graph.datagen-9_1-fb.sssp.source-vertex": "6",
      "graph.datagen-8_4-fb.edge-file": "datagen-8_4-fb.e",
      "graph.wiki-Talk.meta.edges": "5021410",
      "graph.datagen-9_0-fb.pr.damping-factor": "0.85",
      "graph.datagen-8_6-fb.vertex-file": "datagen-8_6-fb.v",
      "graph.datagen-8_1-fb.directed": "false",
      "graph.example-undirected.directed": "false",
      "graph.datagen-7_9-fb.directed": "false",
      "platform.acronym": "graphblas",
      "graph.test-bfs-directed.directed": "true",
      "graph.datagen-7_5-fb.edge-file": "datagen-7_5-fb.e",
      "graph.test-sssp-directed.sssp.source-vertex": "1",
      "graph.kgs.algorithms": "bfs",
      "graph.test-cdlp-directed.algorithms": "cdlp",
      "graph.com-friendster.edge-file": "com-friendster.e",
      "graph.dota-league.sssp.weight-property": "weight",
      "graph.datagen-7_9-fb.meta.vertices": "1387587",
      "graph.datagen-8_1-fb.edge-properties.names": "weight",
      "graph.wiki-Talk.algorithms": "bfs",
      "graph.graph500-25.vertex-file": "graph500-25.v",
      "graph.test-sssp-directed.edge-properties.names": "weight",
      "graph.datagen-8_2-zf.algorithms": "bfs",
      "graph.com-friendster.pr.damping-factor": "0.85",
      "graph.graph500-28.vertex-file": "graph500-28.v",
      "graph.datagen-9_1-fb.directed": "false",
      "graph.datagen-9_3-zf.meta.edges": "1309998551",
      "graph.example-undirected.bfs.source-vertex": "2",
      "graph.kgs.sssp.weight-property": "weight",
      "graph.graph500-29.vertex-file": "graph500-29.v",
      "graph.test-wcc-directed.meta.vertices": "8",
      "graph.datagen-7_6-fb.pr.damping-factor": "0.85",
      "graph.test-bfs-undirected.algorithms": "bfs",
      "environment.machine.cpu": "",
      "graph.test-sssp-undirected.vertex-file": "test-sssp-undirected.v",
      "graph.datagen-7_7-zf.sssp.weight-property": "weight",
      "environment.acronym": "",
      "graph.dota-league.meta.edges": "50870313",
      "graph.datagen-sf3k-fb.edge-properties.types": "real",
      "graph.datagen-8_1-fb.vertex-file": "datagen-8_1-fb.v",
      "graph.datagen-8_7-zf.pr.num-iterations": "10",
      "graph.datagen-9_0-fb.meta.edges": "1049527225",
      "graph.datagen-7_8-zf.meta.vertices": "16521886",
      "graph.test-wcc-undirected.meta.edges": "7",
      "graph.example-undirected.edge-file": "example-undirected.e",
      "graph.datagen-8_8-zf.edge-file": "datagen-8_8-zf.e",
      "graph.datagen-sf3k-fb.sssp.weight-property": "weight",
      "graph.graph500-24.vertex-file": "graph500-24.v",
      "graph.test-cdlp-undirected.meta.edges": "13",
      "graph.datagen-sf3k-fb.vertex-file": "datagen-sf3k-fb.v",
      "graph.graph500-27.meta.edges": "2111642032",
      "graph.datagen-7_6-fb.algorithms": "bfs",
      "graph.graph500-25.meta.vertices": "17062472",
      "graph.datagen-7_8-zf.directed": "false",
      "graph.datagen-9_3-zf.sssp.weight-property": "weight",
      "graph.datagen-8_5-fb.bfs.source-vertex": "6",
      "graph.example-directed.vertex-file": "example-directed.v",
      "graph.datagen-8_3-zf.directed": "false",
      "graph.example-directed.algorithms": "bfs",
      "graph.kgs.sssp.source-vertex": "239044",
      "graph.datagen-7_6-fb.edge-properties.names": "weight",
      "graph.datagen-8_1-fb.cdlp.max-iterations": "10",
      "graph.datagen-8_9-fb.edge-properties.names": "weight",
      "graph.test-wcc-directed.directed": "true",
      "graph.example-undirected.meta.edges": "12",
      "graph.test-lcc-undirected.edge-file": "test-lcc-undirected.e",
      "graph.datagen-8_8-zf.directed": "false",
      "graph.datagen-8_9-fb.algorithms": "bfs",
      "graph.graph500-23.pr.damping-factor": "0.85",
      "graph.datagen-8_7-zf.directed": "false",
      "graph.graph500-30.algorithms": "bfs",
      "graph.datagen-8_0-fb.vertex-file": "datagen-8_0-fb.v",
      "graph.graph500-24.meta.vertices": "8870942",
      "graph.datagen-8_6-fb.edge-properties.names": "weight",
      "graph.graph500-28.edge-file": "graph500-28.e",
      "graph.graph500-29.directed": "false",
      "benchmark.runner.port": "8012",
      "graph.datagen-7_9-fb.pr.damping-factor": "0.85",
      "graph.datagen-8_8-zf.sssp.weight-property": "weight",
      "graph.graph500-29.bfs.source-vertex": "0",
      "graph.datagen-9_0-fb.edge-properties.types": "real",
      "graph.datagen-8_3-zf.algorithms": "bfs",
      "graph.datagen-7_5-fb.sssp.source-vertex": "6",
      "graph.com-friendster.directed": "false",
      "graph.datagen-9_2-zf.meta.edges": "1042340732",
      "graph.datagen-7_7-zf.directed": "false",
      "graph.datagen-8_0-fb.sssp.weight-property": "weight",
      "benchmark.description": "\"grb:dev-fn2-bis; lagraph:mmread-sym\"",
      "graph.test-pr-directed.pr.num-iterations": "14",
      "graph.datagen-8_3-zf.vertex-file": "datagen-8_3-zf.v",
      "graph.graph500-22.algorithms": "bfs",
      "graph.graph500-23.pr.num-iterations": "10",
      "benchmark.custom.validation-required": "true",
      "graph.datagen-8_1-fb.sssp.source-vertex": "6",
      "graph.datagen-9_0-fb.meta.vertices": "12857671",
      "graph.datagen-8_2-zf.sssp.weight-property": "weight",
      "graph.datagen-7_7-zf.vertex-file": "datagen-7_7-zf.v",
      "graph.datagen-8_5-fb.meta.vertices": "4599739",
      "graph.test-sssp-directed.edge-file": "test-sssp-directed.e",
      "graph.graph500-27.edge-file": "graph500-27.e",
      "graph.graph500-24.pr.damping-factor": "0.85",
      "graph.datagen-8_0-fb.sssp.source-vertex": "6",
      "graph.datagen-9_1-fb.edge-properties.names": "weight",
      "graph.datagen-8_8-zf.algorithms": "bfs",
      "benchmark.custom.graphs": "graph500-23",
      "graph.test-sssp-directed.meta.edges": "13",
      "graph.datagen-8_9-fb.edge-file": "datagen-8_9-fb.e",
      "graph.datagen-8_7-zf.cdlp.max-iterations": "10",
      "graph.example-directed.sssp.source-vertex": "1",
      "graph.kgs.pr.damping-factor": "0.85",
      "graph.datagen-9_4-fb.pr.damping-factor": "0.85",
      "graph.datagen-9_2-zf.edge-properties.names": "weight",
      "environment.machine.network": "",
      "graph.twitter_mpi.vertex-file": "twitter_mpi.v",
      "graph.datagen-8_1-fb.bfs.source-vertex": "6",
      "graph.test-sssp-undirected.directed": "false",
      "graph.datagen-9_3-zf.pr.damping-factor": "0.85",
      "graph.datagen-8_1-fb.pr.num-iterations": "10",
      "graph.datagen-8_2-zf.pr.damping-factor": "0.85",
      "graph.graph500-26.edge-file": "graph500-26.e",
      "graph.datagen-9_1-fb.meta.edges": "1342158397",
      "graph.datagen-9_3-zf.directed": "false",
      "graph.datagen-8_3-zf.pr.num-iterations": "10",
      "graph.test-sssp-undirected.edge-properties.names": "weight",
      "graph.datagen-7_8-zf.pr.damping-factor": "0.85",
      "graph.graph500-25.algorithms": "bfs",
      "graph.test-lcc-undirected.algorithms": "lcc",
      "graph.test-cdlp-undirected.vertex-file": "test-cdlp-undirected.v",
      "graph.datagen-8_3-zf.bfs.source-vertex": "6",
      "graph.datagen-9_1-fb.sssp.weight-property": "weight",
      "graph.graph500-23.meta.vertices": "4610222",
      "graph.graph500-26.directed": "false",
      "graph.datagen-8_0-fb.edge-properties.types": "real",
      "environment.link": "",
      "graph.dota-league.pr.num-iterations": "10",
      "graph.datagen-7_8-zf.meta.edges": "41025255",
      "graph.graph500-28.bfs.source-vertex": "0",
      "graph.test-bfs-directed.edge-file": "test-bfs-directed.e",
      "graph.datagen-9_4-fb.meta.edges": "2588948669",
      "graph.datagen-8_4-fb.cdlp.max-iterations": "10",
      "graph.datagen-7_6-fb.directed": "false",
      "platform.link": "https://github.com/FTSRG/ldbc-graphalytics-platform-graphblas",
      "graph.datagen-9_1-fb.pr.damping-factor": "0.85",
      "graph.datagen-sf10k-fb.pr.damping-factor": "0.85",
      "benchmark.executor.port": "8011",
      "graph.datagen-8_0-fb.pr.damping-factor": "0.85",
      "graph.graph500-22.pr.num-iterations": "10",
      "graph.test-lcc-directed.algorithms": "lcc",
      "graph.test-sssp-directed.directed": "true",
      "graph.datagen-8_2-zf.edge-file": "datagen-8_2-zf.e",
      "graph.datagen-8_4-fb.edge-properties.types": "real",
      "graph.datagen-8_6-fb.directed": "false",
      "graph.example-directed.cdlp.max-iterations": "2",
      "graph.cit-Patents.meta.edges": "16518948",
      "graph.test-bfs-undirected.meta.vertices": "10",
      "graph.graph500-29.algorithms": "bfs",
      "graph.datagen-9_1-fb.edge-file": "datagen-9_1-fb.e",
      "benchmark.custom.output-required": "true",
      "graph.graph500-23.meta.edges": "129333677",
      "graph.datagen-sf10k-fb.edge-properties.names": "weight",
      "graph.test-cdlp-undirected.cdlp.max-iterations": "5",
      "graph.graph500-29.pr.num-iterations": "10",
      "graph.datagen-8_2-zf.edge-properties.names": "weight",
      "graph.com-friendster.algorithms": "bfs",
      "graph.graph500-23.directed": "false",
      "graph.datagen-sf10k-fb.edge-file": "datagen-sf10k-fb.e",
      "graph.datagen-8_7-zf.algorithms": "bfs",
      "graph.test-cdlp-directed.directed": "true",
      "graph.graph500-30.cdlp.max-iterations": "10",
      "graph.datagen-7_6-fb.sssp.source-vertex": "6",
      "graph.datagen-8_8-zf.sssp.source-vertex": "6",
      "graph.datagen-8_4-fb.meta.vertices": "3809084",
      "graph.datagen-7_6-fb.bfs.source-vertex": "6",
      "graph.test-cdlp-directed.cdlp.max-iterations": "5",
      "graph.test-cdlp-undirected.meta.vertices": "8",
      "graph.datagen-8_3-zf.edge-file": "datagen-8_3-zf.e",
      "graph.graph500-22.meta.vertices": "2396657",
      "graph.com-friendster.bfs.source-vertex": "101",
      "graph.datagen-7_9-fb.meta.edges": "85670523",
      "graph.test-lcc-undirected.meta.vertices": "9",
      "environment.machine.quantity": "",
      "graph.datagen-7_5-fb.sssp.weight-property": "weight",
      "graph.graph500-24.algorithms": "bfs",
      "graph.example-undirected.pr.num-iterations": "2",
      "graph.graph500-29.pr.damping-factor": "0.85",
      "graphs.validation-directory": "/home/devcloud/data/",
      "graph.example-directed.sssp.weight-property": "weight",
      "graph.datagen-8_1-fb.sssp.weight-property": "weight",
      "graph.datagen-8_6-fb.algorithms": "bfs",
      "graph.datagen-8_7-zf.edge-properties.names": "weight",
      "graph.datagen-8_9-fb.pr.num-iterations": "10",
      "graph.test-wcc-undirected.meta.vertices": "8",
      "graph.datagen-8_0-fb.cdlp.max-iterations": "10",
      "graph.datagen-8_1-fb.edge-properties.types": "real",
      "graph.graph500-23.edge-file": "graph500-23.e",
      "graph.test-wcc-undirected.directed": "false",
      "graph.graph500-28.pr.damping-factor": "0.85",
      "graph.test-pr-undirected.meta.vertices": "50",
      "graph.datagen-8_7-zf.meta.vertices": "145050709",
      "graph.datagen-8_6-fb.meta.edges": "421988619",
      "graph.datagen-8_9-fb.meta.vertices": "10572901",
      "graph.datagen-8_9-fb.pr.damping-factor": "0.85",
      "graph.dota-league.bfs.source-vertex": "287770",
      "graph.graph500-27.pr.damping-factor": "0.85",
      "graph.datagen-sf10k-fb.directed": "false",
      "graph.graph500-30.edge-file": "graph500-30.e",
      "graph.datagen-7_6-fb.meta.vertices": "754147",
      "graph.test-lcc-undirected.meta.edges": "12",
      "graph.graph500-28.pr.num-iterations": "10",
      "graph.datagen-7_9-fb.cdlp.max-iterations": "10",
      "graph.datagen-8_5-fb.meta.edges": "332026902",
      "graph.datagen-8_6-fb.sssp.weight-property": "weight",
      "benchmark.name": "Benchmark for dataset size M",
      "graph.test-lcc-directed.meta.edges": "17",
      "graph.test-cdlp-directed.meta.vertices": "8",
      "graph.datagen-7_7-zf.sssp.source-vertex": "6",
      "graph.datagen-sf10k-fb.edge-properties.types": "real",
      "graph.datagen-8_4-fb.pr.num-iterations": "10",
      "graph.test-pr-directed.vertex-file": "test-pr-directed.v",
      "graph.datagen-8_5-fb.edge-properties.names": "weight",
      "graph.test-wcc-undirected.vertex-file": "test-wcc-undirected.v",
      "benchmark.custom.timeout": "1800",
      "graph.datagen-7_5-fb.bfs.source-vertex": "6",
      "graph.datagen-9_0-fb.edge-file": "datagen-9_0-fb.e",
      "graph.datagen-8_1-fb.edge-file": "datagen-8_1-fb.e",
      "graph.datagen-8_8-zf.meta.edges": "413354288",
      "graph.datagen-7_8-zf.sssp.weight-property": "weight",
      "graph.datagen-9_1-fb.cdlp.max-iterations": "10",
      "graph.test-sssp-directed.meta.vertices": "10",
      "graph.graph500-24.cdlp.max-iterations": "10",
      "graph.graph500-25.pr.damping-factor": "0.85",
      "graph.example-undirected.pr.damping-factor": "0.85",
      "platform.name": "GraphBLAS",
      "graph.datagen-9_2-zf.bfs.source-vertex": "6",
      "graph.graph500-25.edge-file": "graph500-25.e",
      "graph.test-pr-undirected.meta.edges": "113",
      "graph.datagen-8_3-zf.edge-properties.types": "real",
      "graph.wiki-Talk.pr.num-iterations": "10",
      "graph.test-bfs-directed.meta.vertices": "10",
      "graph.datagen-9_4-fb.sssp.source-vertex": "6",
      "graph.test-pr-directed.algorithms": "pr",
      "graph.datagen-8_2-zf.meta.vertices": "43734497",
      "graph.test-sssp-directed.sssp.weight-property": "weight",
      "graph.datagen-8_2-zf.vertex-file": "datagen-8_2-zf.v",
      "graph.graph500-26.meta.edges": "1051922853",
      "graph.graph500-30.directed": "false",
      "graph.graph500-25.cdlp.max-iterations": "10",
      "graph.graph500-30.meta.vertices": "447797986",
      "graph.datagen-9_4-fb.cdlp.max-iterations": "10",
      "graph.test-bfs-directed.meta.edges": "17",
      "graph.datagen-9_1-fb.algorithms": "bfs",
      "graph.datagen-8_9-fb.vertex-file": "datagen-8_9-fb.v",
      "graph.wiki-Talk.bfs.source-vertex": "2",
      "benchmark.custom.algorithms": "BFS",
      "graph.datagen-9_3-zf.bfs.source-vertex": "6",
      "graph.wiki-Talk.vertex-file": "wiki-Talk.v",
      "graph.graph500-27.pr.num-iterations": "10",
      "graph.datagen-9_4-fb.vertex-file": "datagen-9_4-fb.v",
      "graph.datagen-9_2-zf.directed": "false",
      "graph.datagen-9_2-zf.edge-file": "datagen-9_2-zf.e",
      "graph.datagen-9_3-zf.edge-file": "datagen-9_3-zf.e",
      "graph.datagen-sf3k-fb.algorithms": "bfs",
      "graph.example-directed.directed": "true",
      "graph.datagen-8_1-fb.pr.damping-factor": "0.85",
      "graph.datagen-9_2-zf.cdlp.max-iterations": "10",
      "graph.graph500-26.algorithms": "bfs",
      "graph.datagen-7_9-fb.edge-properties.types": "real",
      "graph.datagen-8_5-fb.algorithms": "bfs",
      "environment.name": "",
      "graph.datagen-8_3-zf.sssp.source-vertex": "6",
      "graphs.output-directory": "./output/",
      "graph.datagen-sf3k-fb.meta.edges": "2912009743",
      "graph.test-bfs-directed.algorithms": "bfs",
      "graph.datagen-sf3k-fb.edge-properties.names": "weight",
      "graph.datagen-8_4-fb.pr.damping-factor": "0.85",
      "graph.example-directed.meta.edges": "17",
      "graph.wiki-Talk.cdlp.max-iterations": "10",
      "graph.datagen-8_5-fb.pr.num-iterations": "10",
      "graph.example-undirected.sssp.weight-property": "weight",
      "graph.kgs.pr.num-iterations": "10",
      "graph.example-directed.pr.num-iterations": "2",
      "graph.datagen-7_6-fb.cdlp.max-iterations": "10",
      "graph.test-bfs-directed.bfs.source-vertex": "1",
      "graph.graph500-22.pr.damping-factor": "0.85",
      "graph.graph500-29.edge-file": "graph500-29.e",
      "graph.kgs.edge-properties.types": "real",
      "graph.datagen-8_0-fb.pr.num-iterations": "10",
      "graph.graph500-22.meta.edges": "64155735",
      "graph.test-cdlp-directed.edge-file": "test-cdlp-directed.e",
      "graph.datagen-9_2-zf.meta.vertices": "434943376",
      "graph.datagen-7_7-zf.pr.damping-factor": "0.85",
      "graph.datagen-7_8-zf.edge-properties.types": "real",
      "graph.datagen-8_4-fb.algorithms": "bfs",
      "graph.graph500-28.directed": "false",
      "graph.test-sssp-undirected.sssp.weight-property": "weight",
      "graph.datagen-sf10k-fb.sssp.source-vertex": "6",
      "graph.graph500-30.bfs.source-vertex": "0",
      "graph.datagen-8_8-zf.pr.damping-factor": "0.85",
      "graph.datagen-7_8-zf.sssp.source-vertex": "6",
      "graph.datagen-7_5-fb.vertex-file": "datagen-7_5-fb.v",
      "graph.datagen-8_1-fb.meta.vertices": "2072117",
      "graph.datagen-7_9-fb.sssp.weight-property": "weight",
      "graph.dota-league.directed": "false",
      "graph.twitter_mpi.bfs.source-vertex": "420",
      "graph.datagen-8_6-fb.sssp.source-vertex": "6",
      "graph.graph500-28.cdlp.max-iterations": "10",
      "graph.datagen-7_7-zf.cdlp.max-iterations": "10",
      "graph.cit-Patents.bfs.source-vertex": "6009541",
      "graph.datagen-8_9-fb.bfs.source-vertex": "6",
      "graph.datagen-9_0-fb.edge-properties.names": "weight",
      "graph.datagen-sf3k-fb.meta.vertices": "33484375",
      "graph.graph500-24.pr.num-iterations": "10",
      "graph.graph500-24.meta.edges": "260379520",
      "graph.wiki-Talk.directed": "true",
      "graph.graph500-26.pr.damping-factor": "0.85",
      "graph.datagen-8_3-zf.edge-properties.names": "weight",
      "graph.graph500-29.cdlp.max-iterations": "10",
      "graph.datagen-7_8-zf.pr.num-iterations": "10",
      "graph.datagen-7_9-fb.algorithms": "bfs",
      "graph.datagen-8_6-fb.pr.damping-factor": "0.85",
      "graph.datagen-8_8-zf.cdlp.max-iterations": "10",
      "graph.datagen-7_6-fb.pr.num-iterations": "10",
      "graph.datagen-7_8-zf.vertex-file": "datagen-7_8-zf.v",
      "graph.datagen-7_5-fb.pr.damping-factor": "0.85",
      "graph.datagen-8_0-fb.edge-file": "datagen-8_0-fb.e",
      "graph.test-pr-directed.meta.vertices": "50",
      "graph.datagen-8_7-zf.edge-properties.types": "real",
      "graph.test-lcc-directed.vertex-file": "test-lcc-directed.v",
      "graph.datagen-8_6-fb.cdlp.max-iterations": "10",
      "graph.dota-league.edge-file": "dota-league.e",
      "graph.graph500-26.vertex-file": "graph500-26.v",
      "graph.graph500-27.algorithms": "bfs",
      "benchmark.type": "custom",
      "graph.datagen-9_0-fb.algorithms": "bfs",
      "graph.test-cdlp-undirected.algorithms": "cdlp",
      "graph.datagen-8_7-zf.sssp.source-vertex": "6",
      "graph.graph500-27.vertex-file": "graph500-27.v",
      "graph.graph500-24.directed": "false",
      "graph.kgs.edge-properties.names": "weight",
      "platform.graphblas.num-threads": "224",
      "graph.datagen-8_6-fb.meta.vertices": "5667674",
      "graph.datagen-8_5-fb.edge-properties.types": "real",
      "graph.datagen-9_4-fb.directed": "false",
      "graph.test-cdlp-directed.vertex-file": "test-cdlp-directed.v",
      "graph.example-directed.edge-file": "example-directed.e",
      "graph.datagen-7_5-fb.pr.num-iterations": "10",
      "graph.kgs.edge-file": "kgs.e",
      "graph.datagen-7_6-fb.vertex-file": "datagen-7_6-fb.v",
      "graph.test-bfs-directed.vertex-file": "test-bfs-directed.v",
      "graph.test-cdlp-directed.meta.edges": "18",
      "graph.datagen-8_2-zf.cdlp.max-iterations": "10",
      "graph.kgs.directed": "false",
      "graph.datagen-9_0-fb.cdlp.max-iterations": "10",
      "graph.test-lcc-directed.directed": "true",
      "graph.datagen-8_7-zf.edge-file": "datagen-8_7-zf.e",
      "graph.graph500-28.meta.edges": "4236163958",
      "graph.cit-Patents.pr.damping-factor": "0.85",
      "graph.dota-league.sssp.source-vertex": "287770",
      "graph.datagen-9_2-zf.edge-properties.types": "real",
      "graph.graph500-23.vertex-file": "graph500-23.v",
      "graph.graph500-22.vertex-file": "graph500-22.v",
      "graph.datagen-7_9-fb.sssp.source-vertex": "6",
      "graph.test-sssp-undirected.edge-properties.types": "real",
      "graph.datagen-7_7-zf.bfs.source-vertex": "6",
      "graph.datagen-9_0-fb.sssp.source-vertex": "6",
      "graph.test-bfs-undirected.meta.edges": "14",
      "graph.datagen-9_1-fb.bfs.source-vertex": "6",
      "graph.datagen-8_3-zf.pr.damping-factor": "0.85",
      "graphs.names": "[graph500-22, graph500-23, graph500-24, graph500-25, graph500-26, graph500-27, graph500-28, graph500-29, graph500-30, datagen-7_5-fb, datagen-7_6-fb, datagen-7_7-zf, datagen-7_8-zf, datagen-7_9-fb, datagen-8_0-fb, datagen-8_1-fb, datagen-8_2-zf, datagen-8_3-zf, datagen-8_4-fb, datagen-8_5-fb, datagen-8_6-fb, datagen-8_7-zf, datagen-8_8-zf, datagen-8_9-fb, datagen-9_0-fb, datagen-9_1-fb, datagen-9_2-zf, datagen-9_3-zf, datagen-9_4-fb, datagen-sf3k-fb, datagen-sf10k-fb, dota-league, com-friendster, twitter_mpi, cit-Patents, kgs, wiki-Talk, test-bfs-directed, test-bfs-undirected, test-cdlp-directed, test-cdlp-undirected, test-lcc-directed, test-lcc-undirected, test-pr-directed, test-pr-undirected, test-sssp-directed, test-sssp-undirected, test-wcc-directed, test-wcc-undirected, example-directed, example-undirected]",
      "graph.test-lcc-directed.edge-file": "test-lcc-directed.e",
      "graph.twitter_mpi.pr.damping-factor": "0.85",
      "graph.datagen-8_2-zf.directed": "false",
      "graph.datagen-9_0-fb.sssp.weight-property": "weight",
      "graph.datagen-7_9-fb.pr.num-iterations": "10",
      "graph.cit-Patents.pr.num-iterations": "10",
      "graph.datagen-9_3-zf.cdlp.max-iterations": "10",
      "graph.datagen-7_6-fb.sssp.weight-property": "weight",
      "graph.datagen-8_3-zf.sssp.weight-property": "weight",
      "graph.test-cdlp-undirected.directed": "false",
      "graph.dota-league.edge-properties.names": "weight",
      "graph.datagen-8_7-zf.meta.edges": "340157363",
      "graph.datagen-7_8-zf.bfs.source-vertex": "6",
      "graph.com-friendster.meta.vertices": "65608366",
      "graph.graph500-22.directed": "false",
      "graph.test-wcc-undirected.algorithms": "wcc",
      "graph.graph500-23.cdlp.max-iterations": "10",
      "graph.datagen-8_6-fb.bfs.source-vertex": "6",
      "graph.datagen-9_4-fb.edge-file": "datagen-9_4-fb.e",
      "graph.com-friendster.pr.num-iterations": "10",
      "graph.twitter_mpi.pr.num-iterations": "10",
      "graph.datagen-7_8-zf.edge-properties.names": "weight",
      "graph.datagen-8_2-zf.edge-properties.types": "real",
      "graph.datagen-9_0-fb.bfs.source-vertex": "6",
      "graph.datagen-sf3k-fb.directed": "false",
      "graph.datagen-8_4-fb.edge-properties.names": "weight",
      "graph.datagen-8_5-fb.edge-file": "datagen-8_5-fb.e",
      "graph.datagen-8_5-fb.sssp.weight-property": "weight",
      "graph.test-lcc-directed.meta.vertices": "10",
      "graph.example-directed.edge-properties.names": "weight",
      "graph.wiki-Talk.meta.vertices": "2394385",
      "graph.datagen-sf10k-fb.sssp.weight-property": "weight",
      "graph.datagen-9_1-fb.vertex-file": "datagen-9_1-fb.v",
      "graph.datagen-sf10k-fb.bfs.source-vertex": "933",
      "graph.test-sssp-directed.algorithms": "sssp",
      "graph.datagen-8_4-fb.meta.edges": "269479177",
      "graph.graph500-29.meta.edges": "8493569115",
      "graph.datagen-9_4-fb.pr.num-iterations": "10",
      "graph.graph500-25.bfs.source-vertex": "24460635",
      "graph.example-undirected.cdlp.max-iterations": "2",
      "graph.kgs.bfs.source-vertex": "239044",
      "graph.datagen-7_7-zf.edge-properties.types": "real",
      "graph.datagen-9_2-zf.pr.num-iterations": "10",
      "graph.graph500-27.directed": "false",
      "graph.datagen-sf3k-fb.cdlp.max-iterations": "10",
      "graph.kgs.vertex-file": "kgs.v",
      "graph.datagen-8_7-zf.sssp.weight-property": "weight",
      "graph.test-pr-undirected.algorithms": "pr",
      "graph.graph500-25.pr.num-iterations": "10",
      "graph.datagen-sf3k-fb.sssp.source-vertex": "6",
      "graph.test-pr-directed.directed": "true",
      "graph.cit-Patents.cdlp.max-iterations": "10",
      "graph.datagen-9_4-fb.algorithms": "bfs",
      "platform.version": "1.0",
      "graph.test-pr-undirected.pr.damping-factor": "0.85",
      "graph.datagen-8_8-zf.vertex-file": "datagen-8_8-zf.v",
      "graph.graph500-30.meta.edges": "17022117362",
      "graph.wiki-Talk.pr.damping-factor": "0.85",
      "graph.example-undirected.vertex-file": "example-undirected.v",
      "graph.datagen-8_4-fb.sssp.source-vertex": "6",
      "graph.datagen-8_8-zf.edge-properties.names": "weight",
      "graph.datagen-sf10k-fb.meta.vertices": "100218750",
      "graph.example-undirected.edge-properties.types": "real",
      "graph.graph500-26.pr.num-iterations": "10",
      "graph.test-lcc-undirected.vertex-file": "test-lcc-undirected.v",
      "graph.dota-league.vertex-file": "dota-league.v",
      "graph.datagen-7_7-zf.edge-file": "datagen-7_7-zf.e",
      "graph.datagen-9_3-zf.meta.vertices": "555270053",
      "graph.datagen-9_3-zf.algorithms": "bfs",
      "graph.twitter_mpi.directed": "true",
      "system.pricing": "",
      "graph.test-sssp-undirected.meta.edges": "14",
      "benchmark.custom.repetitions": "3",
      "graph.example-undirected.algorithms": "bfs",
      "graph.test-pr-undirected.directed": "false",
      "graph.datagen-8_2-zf.meta.edges": "106440188",
      "graph.datagen-8_5-fb.pr.damping-factor": "0.85",
      "graph.dota-league.algorithms": "bfs",
      "graph.datagen-8_6-fb.edge-file": "datagen-8_6-fb.e",
      "graph.datagen-8_6-fb.edge-properties.types": "real",
      "graphs.root-directory": "/home/devcloud/data/",
      "graph.datagen-7_7-zf.pr.num-iterations": "10",
      "graph.com-friendster.vertex-file": "com-friendster.v",
      "graph.graph500-25.meta.edges": "523602831",
      "graph.datagen-7_5-fb.meta.vertices": "633432",
      "graph.test-pr-directed.meta.edges": "246",
      "graph.twitter_mpi.meta.vertices": "52579678",
      "graph.datagen-8_6-fb.pr.num-iterations": "10",
      "graph.test-sssp-directed.edge-properties.types": "real",
      "graph.test-pr-undirected.edge-file": "test-pr-undirected.e",
      "graph.test-wcc-directed.edge-file": "test-wcc-directed.e",
      "graph.kgs.meta.edges": "17891698",
      "graph.datagen-7_5-fb.cdlp.max-iterations": "10",
      "graph.test-wcc-directed.algorithms": "wcc",
      "graph.datagen-9_2-zf.algorithms": "bfs",
      "graph.datagen-7_6-fb.edge-properties.types": "real",
      "graph.datagen-9_0-fb.pr.num-iterations": "10",
      "graph.datagen-8_3-zf.meta.edges": "130579909",
      "graph.datagen-8_7-zf.pr.damping-factor": "0.85",
      "graph.datagen-8_8-zf.pr.num-iterations": "10",
      "graph.example-directed.pr.damping-factor": "0.85",
      "graph.datagen-8_0-fb.directed": "false",
      "graph.datagen-8_9-fb.meta.edges": "848681908",
      "graph.datagen-9_0-fb.directed": "false",
      "graph.datagen-7_9-fb.bfs.source-vertex": "6",
      "graph.datagen-7_8-zf.cdlp.max-iterations": "10",
      "environment.version": "",
      "graph.datagen-9_4-fb.bfs.source-vertex": "6",
      "graph.datagen-9_3-zf.sssp.source-vertex": "6",
      "graph.example-directed.meta.vertices": "10",
      "graph.datagen-8_4-fb.directed": "false",
      "graph.datagen-sf10k-fb.meta.edges": "9404822538"
    }
  },
  "result": {
    "experiments": {
      "e515894": {
        "id": "e515894",
        "type": "custom:exp",
        "jobs": [
          "j777032",
          "j631407",
          "j606496",
          "j667677",
          "j544004",
          "j772164",
          "j804574",
          "j602473",
          "j482977",
          "j754526",
          "j702188",
          "j512164",
          "j826525",
          "j795784",
          "j507287",
          "j637049",
          "j713285",
          "j871167",
          "j710136",
          "j716886",
          "j612719",
          "j503571",
          "j867151",
          "j558510",
          "j792269",
          "j511235",
          "j546499",
          "j628899",
          "j513270",
          "j497998",
          "j844208",
          "j888170",
          "j642130",
          "j626092",
          "j614812",
          "j845876",
          "j793317",
          "j520574",
          "j473360",
          "j528418"
        ]
      }
    },
    "jobs": {
      "j503571": {
        "id": "j503571",
        "algorithm": "LCC",
        "dataset": "datagen-8_0-fb",
        "scale": "1",
        "repetition": "3",
        "runs": [
          "r704023",
          "r578257",
          "r530918"
        ]
      },
      "j795784": {
        "id": "j795784",
        "algorithm": "BFS",
        "dataset": "graph500-23",
        "scale": "1",
        "repetition": "3",
        "runs": [
          "r718322",
          "r749050",
          "r682476"
        ]
      },
      "j511235": {
        "id": "j511235",
        "algorithm": "LCC",
        "dataset": "datagen-8_4-fb",
        "scale": "1",
        "repetition": "3",
        "runs": [
          "r605555",
          "r689439",
          "r488450"
        ]
      },
      "j606496": {
        "id": "j606496",
        "algorithm": "PR",
        "dataset": "datagen-8_1-fb",
        "scale": "1",
        "repetition": "3",
        "runs": [
          "r708478",
          "r548052",
          "r474970"
        ]
      },
      "j772164": {
        "id": "j772164",
        "algorithm": "PR",
        "dataset": "graph500-24",
        "scale": "1",
        "repetition": "3",
        "runs": [
          "r736995",
          "r647590",
          "r780255"
        ]
      },
      "j528418": {
        "id": "j528418",
        "algorithm": "SSSP",
        "dataset": "datagen-8_4-fb",
        "scale": "1",
        "repetition": "3",
        "runs": [
          "r861625",
          "r490510",
          "r743872"
        ]
      },
      "j871167": {
        "id": "j871167",
        "algorithm": "CDLP",
        "dataset": "datagen-8_2-zf",
        "scale": "1",
        "repetition": "3",
        "runs": [
          "r645242",
          "r813564",
          "r874578"
        ]
      },
      "j512164": {
        "id": "j512164",
        "algorithm": "BFS",
        "dataset": "datagen-8_4-fb",
        "scale": "1",
        "repetition": "3",
        "runs": [
          "r562286",
          "r474862",
          "r636930"
        ]
      },
      "j777032": {
        "id": "j777032",
        "algorithm": "PR",
        "dataset": "datagen-8_0-fb",
        "scale": "1",
        "repetition": "3",
        "runs": [
          "r797297",
          "r666556",
          "r580870"
        ]
      },
      "j631407": {
        "id": "j631407",
        "algorithm": "PR",
        "dataset": "datagen-8_3-zf",
        "scale": "1",
        "repetition": "3",
        "runs": [
          "r643958",
          "r688033",
          "r771548"
        ]
      },
      "j614812": {
        "id": "j614812",
        "algorithm": "WCC",
        "dataset": "graph500-23",
        "scale": "1",
        "repetition": "3",
        "runs": [
          "r604156",
          "r885492",
          "r822341"
        ]
      },
      "j710136": {
        "id": "j710136",
        "algorithm": "CDLP",
        "dataset": "datagen-8_4-fb",
        "scale": "1",
        "repetition": "3",
        "runs": [
          "r741544",
          "r893657",
          "r473886"
        ]
      },
      "j628899": {
        "id": "j628899",
        "algorithm": "LCC",
        "dataset": "graph500-23",
        "scale": "1",
        "repetition": "3",
        "runs": [
          "r480055",
          "r756508",
          "r856388"
        ]
      },
      "j612719": {
        "id": "j612719",
        "algorithm": "CDLP",
        "dataset": "graph500-23",
        "scale": "1",
        "repetition": "3",
        "runs": [
          "r816653",
          "r590570",
          "r888269"
        ]
      },
      "j713285": {
        "id": "j713285",
        "algorithm": "CDLP",
        "dataset": "datagen-8_1-fb",
        "scale": "1",
        "repetition": "3",
        "runs": [
          "r558199",
          "r785415",
          "r892559"
        ]
      },
      "j826525": {
        "id": "j826525",
        "algorithm": "BFS",
        "dataset": "graph500-24",
        "scale": "1",
        "repetition": "3",
        "runs": [
          "r545586",
          "r678820",
          "r502999"
        ]
      },
      "j507287": {
        "id": "j507287",
        "algorithm": "CDLP",
        "dataset": "datagen-8_0-fb",
        "scale": "1",
        "repetition": "3",
        "runs": [
          "r762920",
          "r762200",
          "r916314"
        ]
      },
      "j546499": {
        "id": "j546499",
        "algorithm": "LCC",
        "dataset": "graph500-24",
        "scale": "1",
        "repetition": "3",
        "runs": [
          "r917999",
          "r687117",
          "r513344"
        ]
      },
      "j804574": {
        "id": "j804574",
        "algorithm": "PR",
        "dataset": "graph500-23",
        "scale": "1",
        "repetition": "3",
        "runs": [
          "r905675",
          "r527979",
          "r586639"
        ]
      },
      "j667677": {
        "id": "j667677",
        "algorithm": "PR",
        "dataset": "datagen-8_2-zf",
        "scale": "1",
        "repetition": "3",
        "runs": [
          "r553174",
          "r745559",
          "r799194"
        ]
      },
      "j792269": {
        "id": "j792269",
        "algorithm": "LCC",
        "dataset": "datagen-8_2-zf",
        "scale": "1",
        "repetition": "3",
        "runs": [
          "r719763",
          "r822486",
          "r693187"
        ]
      },
      "j637049": {
        "id": "j637049",
        "algorithm": "CDLP",
        "dataset": "datagen-8_3-zf",
        "scale": "1",
        "repetition": "3",
        "runs": [
          "r867299",
          "r587448",
          "r884988"
        ]
      },
      "j482977": {
        "id": "j482977",
        "algorithm": "BFS",
        "dataset": "datagen-8_3-zf",
        "scale": "1",
        "repetition": "3",
        "runs": [
          "r919311",
          "r805649",
          "r489097"
        ]
      },
      "j702188": {
        "id": "j702188",
        "algorithm": "BFS",
        "dataset": "datagen-8_2-zf",
        "scale": "1",
        "repetition": "3",
        "runs": [
          "r833376",
          "r734106",
          "r851718"
        ]
      },
      "j867151": {
        "id": "j867151",
        "algorithm": "LCC",
        "dataset": "datagen-8_3-zf",
        "scale": "1",
        "repetition": "3",
        "runs": [
          "r819505",
          "r602938",
          "r692741"
        ]
      },
      "j473360": {
        "id": "j473360",
        "algorithm": "SSSP",
        "dataset": "datagen-8_2-zf",
        "scale": "1",
        "repetition": "3",
        "runs": [
          "r713698",
          "r858278",
          "r809666"
        ]
      },
      "j642130": {
        "id": "j642130",
        "algorithm": "WCC",
        "dataset": "datagen-8_4-fb",
        "scale": "1",
        "repetition": "3",
        "runs": [
          "r874035",
          "r782475",
          "r855953"
        ]
      },
      "j558510": {
        "id": "j558510",
        "algorithm": "LCC",
        "dataset": "datagen-8_1-fb",
        "scale": "1",
        "repetition": "3",
        "runs": [
          "r821068",
          "r502774",
          "r880585"
        ]
      },
      "j626092": {
        "id": "j626092",
        "algorithm": "WCC",
        "dataset": "graph500-24",
        "scale": "1",
        "repetition": "3",
        "runs": [
          "r703004",
          "r635292",
          "r732710"
        ]
      },
      "j888170": {
        "id": "j888170",
        "algorithm": "WCC",
        "dataset": "datagen-8_2-zf",
        "scale": "1",
        "repetition": "3",
        "runs": [
          "r819295",
          "r885257",
          "r671917"
        ]
      },
      "j513270": {
        "id": "j513270",
        "algorithm": "WCC",
        "dataset": "datagen-8_0-fb",
        "scale": "1",
        "repetition": "3",
        "runs": [
          "r554466",
          "r581199",
          "r722322"
        ]
      },
      "j845876": {
        "id": "j845876",
        "algorithm": "SSSP",
        "dataset": "datagen-8_0-fb",
        "scale": "1",
        "repetition": "3",
        "runs": [
          "r589679",
          "r733258",
          "r596003"
        ]
      },
      "j544004": {
        "id": "j544004",
        "algorithm": "PR",
        "dataset": "datagen-8_4-fb",
        "scale": "1",
        "repetition": "3",
        "runs": [
          "r915465",
          "r842546",
          "r522390"
        ]
      },
      "j602473": {
        "id": "j602473",
        "algorithm": "BFS",
        "dataset": "datagen-8_0-fb",
        "scale": "1",
        "repetition": "3",
        "runs": [
          "r760652",
          "r661973",
          "r669565"
        ]
      },
      "j844208": {
        "id": "j844208",
        "algorithm": "WCC",
        "dataset": "datagen-8_1-fb",
        "scale": "1",
        "repetition": "3",
        "runs": [
          "r629835",
          "r556362",
          "r798665"
        ]
      },
      "j520574": {
        "id": "j520574",
        "algorithm": "SSSP",
        "dataset": "datagen-8_1-fb",
        "scale": "1",
        "repetition": "3",
        "runs": [
          "r907160",
          "r783467",
          "r505010"
        ]
      },
      "j793317": {
        "id": "j793317",
        "algorithm": "SSSP",
        "dataset": "datagen-8_3-zf",
        "scale": "1",
        "repetition": "3",
        "runs": [
          "r673859",
          "r729214",
          "r476934"
        ]
      },
      "j497998": {
        "id": "j497998",
        "algorithm": "WCC",
        "dataset": "datagen-8_3-zf",
        "scale": "1",
        "repetition": "3",
        "runs": [
          "r517532",
          "r749481",
          "r479767"
        ]
      },
      "j716886": {
        "id": "j716886",
        "algorithm": "CDLP",
        "dataset": "graph500-24",
        "scale": "1",
        "repetition": "3",
        "runs": [
          "r670750",
          "r849438",
          "r731088"
        ]
      },
      "j754526": {
        "id": "j754526",
        "algorithm": "BFS",
        "dataset": "datagen-8_1-fb",
        "scale": "1",
        "repetition": "3",
        "runs": [
          "r807062",
          "r677338",
          "r500348"
        ]
      }
    },
    "runs": {
      "r805649": {
        "id": "r805649",
        "timestamp": "1687415860233",
        "success": "true",
        "load_time": "0.025",
        "makespan": "5.676",
        "processing_time": "0.616"
      },
      "r867299": {
        "id": "r867299",
        "timestamp": "1687416414703",
        "success": "true",
        "load_time": "0.025",
        "makespan": "12.742",
        "processing_time": "6.534"
      },
      "r760652": {
        "id": "r760652",
        "timestamp": "1687416553945",
        "success": "true",
        "load_time": "0.021",
        "makespan": "1.092",
        "processing_time": "0.028"
      },
      "r771548": {
        "id": "r771548",
        "timestamp": "1687416458765",
        "success": "true",
        "load_time": "0.025",
        "makespan": "11.937",
        "processing_time": "1.194"
      },
      "r590570": {
        "id": "r590570",
        "timestamp": "1687418990788",
        "success": "true",
        "load_time": "0.010",
        "makespan": "2.877",
        "processing_time": "1.431"
      },
      "r502999": {
        "id": "r502999",
        "timestamp": "1687418844555",
        "success": "true",
        "load_time": "0.022",
        "makespan": "2.709",
        "processing_time": "0.095"
      },
      "r719763": {
        "id": "r719763",
        "timestamp": "1687417466706",
        "success": "true",
        "load_time": "0.020",
        "makespan": "9.335",
        "processing_time": "2.287"
      },
      "r661973": {
        "id": "r661973",
        "timestamp": "1687416539917",
        "success": "true",
        "load_time": "0.021",
        "makespan": "2.138",
        "processing_time": "0.030"
      },
      "r587448": {
        "id": "r587448",
        "timestamp": "1687415582006",
        "success": "true",
        "load_time": "0.025",
        "makespan": "13.561",
        "processing_time": "6.505"
      },
      "r704023": {
        "id": "r704023",
        "timestamp": "1687416683256",
        "success": "true",
        "load_time": "0.021",
        "makespan": "4.765",
        "processing_time": "3.624"
      },
      "r907160": {
        "id": "r907160",
        "timestamp": "1687417044143",
        "success": "true",
        "load_time": "0.017",
        "makespan": "4.390",
        "processing_time": "1.900"
      },
      "r749050": {
        "id": "r749050",
        "timestamp": "1687418975753",
        "success": "true",
        "load_time": "0.010",
        "makespan": "1.430",
        "processing_time": "0.059"
      },
      "r743872": {
        "id": "r743872",
        "timestamp": "1687418375954",
        "success": "true",
        "load_time": "0.010",
        "makespan": "7.051",
        "processing_time": "3.650"
      },
      "r917999": {
        "id": "r917999",
        "timestamp": "1687418775519",
        "success": "true",
        "load_time": "0.022",
        "makespan": "53.431",
        "processing_time": "50.261"
      },
      "r636930": {
        "id": "r636930",
        "timestamp": "1687418318838",
        "success": "true",
        "load_time": "0.019",
        "makespan": "2.223",
        "processing_time": "0.048"
      },
      "r586639": {
        "id": "r586639",
        "timestamp": "1687419142082",
        "success": "true",
        "load_time": "0.010",
        "makespan": "2.143",
        "processing_time": "0.227"
      },
      "r554466": {
        "id": "r554466",
        "timestamp": "1687416581004",
        "success": "true",
        "load_time": "0.021",
        "makespan": "1.092",
        "processing_time": "0.036"
      },
      "r816653": {
        "id": "r816653",
        "timestamp": "1687419126031",
        "success": "true",
        "load_time": "0.010",
        "makespan": "2.770",
        "processing_time": "1.391"
      },
      "r645242": {
        "id": "r645242",
        "timestamp": "1687418016260",
        "success": "true",
        "load_time": "0.020",
        "makespan": "10.468",
        "processing_time": "5.275"
      },
      "r851718": {
        "id": "r851718",
        "timestamp": "1687417358532",
        "success": "true",
        "load_time": "0.020",
        "makespan": "4.699",
        "processing_time": "0.480"
      },
      "r479767": {
        "id": "r479767",
        "timestamp": "1687415985414",
        "success": "true",
        "load_time": "0.025",
        "makespan": "5.587",
        "processing_time": "0.866"
      },
      "r556362": {
        "id": "r556362",
        "timestamp": "1687417009064",
        "success": "true",
        "load_time": "0.011",
        "makespan": "1.291",
        "processing_time": "0.042"
      },
      "r669565": {
        "id": "r669565",
        "timestamp": "1687416627106",
        "success": "true",
        "load_time": "0.021",
        "makespan": "1.082",
        "processing_time": "0.028"
      },
      "r635292": {
        "id": "r635292",
        "timestamp": "1687418396016",
        "success": "true",
        "load_time": "0.022",
        "makespan": "3.897",
        "processing_time": "0.160"
      },
      "r673859": {
        "id": "r673859",
        "timestamp": "1687415527911",
        "success": "true",
        "load_time": "0.017",
        "makespan": "19.671",
        "processing_time": "8.516"
      },
      "r708478": {
        "id": "r708478",
        "timestamp": "1687416916826",
        "success": "true",
        "load_time": "0.011",
        "makespan": "1.653",
        "processing_time": "0.145"
      },
      "r476934": {
        "id": "r476934",
        "timestamp": "1687415416773",
        "success": "true",
        "load_time": "0.017",
        "makespan": "20.503",
        "processing_time": "9.135"
      },
      "r916314": {
        "id": "r916314",
        "timestamp": "1687416566984",
        "success": "true",
        "load_time": "0.021",
        "makespan": "1.834",
        "processing_time": "0.794"
      },
      "r915465": {
        "id": "r915465",
        "timestamp": "1687418219636",
        "success": "true",
        "load_time": "0.019",
        "makespan": "2.850",
        "processing_time": "0.288"
      },
      "r861625": {
        "id": "r861625",
        "timestamp": "1687418355924",
        "success": "true",
        "load_time": "0.010",
        "makespan": "7.000",
        "processing_time": "3.528"
      },
      "r822486": {
        "id": "r822486",
        "timestamp": "1687417389606",
        "success": "true",
        "load_time": "0.020",
        "makespan": "9.416",
        "processing_time": "2.304"
      },
      "r545586": {
        "id": "r545586",
        "timestamp": "1687418428050",
        "success": "true",
        "load_time": "0.022",
        "makespan": "2.593",
        "processing_time": "0.093"
      },
      "r548052": {
        "id": "r548052",
        "timestamp": "1687416995013",
        "success": "true",
        "load_time": "0.011",
        "makespan": "1.642",
        "processing_time": "0.154"
      },
      "r671917": {
        "id": "r671917",
        "timestamp": "1687417654000",
        "success": "true",
        "load_time": "0.020",
        "makespan": "4.568",
        "processing_time": "0.630"
      },
      "r905675": {
        "id": "r905675",
        "timestamp": "1687419158119",
        "success": "true",
        "load_time": "0.010",
        "makespan": "2.087",
        "processing_time": "0.214"
      },
      "r833376": {
        "id": "r833376",
        "timestamp": "1687417622957",
        "success": "true",
        "load_time": "0.020",
        "makespan": "4.746",
        "processing_time": "0.468"
      },
      "r692741": {
        "id": "r692741",
        "timestamp": "1687415940356",
        "success": "true",
        "load_time": "0.025",
        "makespan": "11.325",
        "processing_time": "2.880"
      },
      "r919311": {
        "id": "r919311",
        "timestamp": "1687415626056",
        "success": "true",
        "load_time": "0.025",
        "makespan": "5.690",
        "processing_time": "0.553"
      },
      "r809666": {
        "id": "r809666",
        "timestamp": "1687417093288",
        "success": "true",
        "load_time": "0.013",
        "makespan": "17.287",
        "processing_time": "7.372"
      },
      "r474862": {
        "id": "r474862",
        "timestamp": "1687418204588",
        "success": "true",
        "load_time": "0.019",
        "makespan": "2.243",
        "processing_time": "0.053"
      },
      "r734106": {
        "id": "r734106",
        "timestamp": "1687417905090",
        "success": "true",
        "load_time": "0.020",
        "makespan": "4.546",
        "processing_time": "0.461"
      },
      "r562286": {
        "id": "r562286",
        "timestamp": "1687418303803",
        "success": "true",
        "load_time": "0.019",
        "makespan": "2.267",
        "processing_time": "0.052"
      },
      "r733258": {
        "id": "r733258",
        "timestamp": "1687416793536",
        "success": "true",
        "load_time": "0.012",
        "makespan": "3.122",
        "processing_time": "1.590"
      },
      "r530918": {
        "id": "r530918",
        "timestamp": "1687416596035",
        "success": "true",
        "load_time": "0.021",
        "makespan": "4.966",
        "processing_time": "3.795"
      },
      "r502774": {
        "id": "r502774",
        "timestamp": "1687416961936",
        "success": "true",
        "load_time": "0.011",
        "makespan": "6.048",
        "processing_time": "4.705"
      },
      "r500348": {
        "id": "r500348",
        "timestamp": "1687416842663",
        "success": "true",
        "load_time": "0.011",
        "makespan": "1.268",
        "processing_time": "0.031"
      },
      "r762920": {
        "id": "r762920",
        "timestamp": "1687416654191",
        "success": "true",
        "load_time": "0.021",
        "makespan": "1.822",
        "processing_time": "0.795"
      },
      "r888269": {
        "id": "r888269",
        "timestamp": "1687419078927",
        "success": "true",
        "load_time": "0.010",
        "makespan": "2.883",
        "processing_time": "1.418"
      },
      "r718322": {
        "id": "r718322",
        "timestamp": "1687419094958",
        "success": "true",
        "load_time": "0.010",
        "makespan": "1.452",
        "processing_time": "0.061"
      },
      "r731088": {
        "id": "r731088",
        "timestamp": "1687418544169",
        "success": "true",
        "load_time": "0.022",
        "makespan": "4.983",
        "processing_time": "2.523"
      },
      "r819505": {
        "id": "r819505",
        "timestamp": "1687416229591",
        "success": "true",
        "load_time": "0.025",
        "makespan": "11.220",
        "processing_time": "2.782"
      },
      "r703004": {
        "id": "r703004",
        "timestamp": "1687418745485",
        "success": "true",
        "load_time": "0.022",
        "makespan": "2.618",
        "processing_time": "0.159"
      },
      "r474970": {
        "id": "r474970",
        "timestamp": "1687416871731",
        "success": "true",
        "load_time": "0.011",
        "makespan": "1.587",
        "processing_time": "0.146"
      },
      "r884988": {
        "id": "r884988",
        "timestamp": "1687416141465",
        "success": "true",
        "load_time": "0.025",
        "makespan": "12.834",
        "processing_time": "6.497"
      },
      "r729214": {
        "id": "r729214",
        "timestamp": "1687415472838",
        "success": "true",
        "load_time": "0.017",
        "makespan": "19.909",
        "processing_time": "9.115"
      },
      "r581199": {
        "id": "r581199",
        "timestamp": "1687416714337",
        "success": "true",
        "load_time": "0.021",
        "makespan": "1.132",
        "processing_time": "0.036"
      },
      "r480055": {
        "id": "r480055",
        "timestamp": "1687419006820",
        "success": "true",
        "load_time": "0.010",
        "makespan": "21.929",
        "processing_time": "20.210"
      },
      "r473886": {
        "id": "r473886",
        "timestamp": "1687418251719",
        "success": "true",
        "load_time": "0.019",
        "makespan": "3.964",
        "processing_time": "1.774"
      },
      "r874035": {
        "id": "r874035",
        "timestamp": "1687418075362",
        "success": "true",
        "load_time": "0.019",
        "makespan": "2.219",
        "processing_time": "0.068"
      },
      "r488450": {
        "id": "r488450",
        "timestamp": "1687418094385",
        "success": "true",
        "load_time": "0.019",
        "makespan": "12.247",
        "processing_time": "9.670"
      },
      "r782475": {
        "id": "r782475",
        "timestamp": "1687418268752",
        "success": "true",
        "load_time": "0.019",
        "makespan": "2.185",
        "processing_time": "0.070"
      },
      "r819295": {
        "id": "r819295",
        "timestamp": "1687417237503",
        "success": "true",
        "load_time": "0.020",
        "makespan": "5.542",
        "processing_time": "0.618"
      },
      "r527979": {
        "id": "r527979",
        "timestamp": "1687419109993",
        "success": "true",
        "load_time": "0.010",
        "makespan": "2.081",
        "processing_time": "0.217"
      },
      "r605555": {
        "id": "r605555",
        "timestamp": "1687418162509",
        "success": "true",
        "load_time": "0.019",
        "makespan": "12.138",
        "processing_time": "9.621"
      },
      "r647590": {
        "id": "r647590",
        "timestamp": "1687418688377",
        "success": "true",
        "load_time": "0.022",
        "makespan": "3.790",
        "processing_time": "0.445"
      },
      "r822341": {
        "id": "r822341",
        "timestamp": "1687418954723",
        "success": "true",
        "load_time": "0.010",
        "makespan": "1.438",
        "processing_time": "0.087"
      },
      "r517532": {
        "id": "r517532",
        "timestamp": "1687415707183",
        "success": "true",
        "load_time": "0.025",
        "makespan": "5.894",
        "processing_time": "0.937"
      },
      "r682476": {
        "id": "r682476",
        "timestamp": "1687419063892",
        "success": "true",
        "load_time": "0.010",
        "makespan": "1.456",
        "processing_time": "0.058"
      },
      "r798665": {
        "id": "r798665",
        "timestamp": "1687416930882",
        "success": "true",
        "load_time": "0.011",
        "makespan": "1.267",
        "processing_time": "0.042"
      },
      "r797297": {
        "id": "r797297",
        "timestamp": "1687416729363",
        "success": "true",
        "load_time": "0.021",
        "makespan": "1.364",
        "processing_time": "0.122"
      },
      "r558199": {
        "id": "r558199",
        "timestamp": "1687416856699",
        "success": "true",
        "load_time": "0.011",
        "makespan": "2.164",
        "processing_time": "0.963"
      },
      "r643958": {
        "id": "r643958",
        "timestamp": "1687415895302",
        "success": "true",
        "load_time": "0.025",
        "makespan": "11.935",
        "processing_time": "1.186"
      },
      "r489097": {
        "id": "r489097",
        "timestamp": "1687416504826",
        "success": "true",
        "load_time": "0.025",
        "makespan": "5.618",
        "processing_time": "0.571"
      },
      "r799194": {
        "id": "r799194",
        "timestamp": "1687417544850",
        "success": "true",
        "load_time": "0.020",
        "makespan": "9.774",
        "processing_time": "0.943"
      },
      "r849438": {
        "id": "r849438",
        "timestamp": "1687418580248",
        "success": "true",
        "load_time": "0.022",
        "makespan": "5.247",
        "processing_time": "2.624"
      },
      "r736995": {
        "id": "r736995",
        "timestamp": "1687418600281",
        "success": "true",
        "load_time": "0.022",
        "makespan": "3.851",
        "processing_time": "0.432"
      },
      "r713698": {
        "id": "r713698",
        "timestamp": "1687417142363",
        "success": "true",
        "load_time": "0.013",
        "makespan": "16.337",
        "processing_time": "7.229"
      },
      "r874578": {
        "id": "r874578",
        "timestamp": "1687417584892",
        "success": "true",
        "load_time": "0.020",
        "makespan": "10.436",
        "processing_time": "5.256"
      },
      "r741544": {
        "id": "r741544",
        "timestamp": "1687418187549",
        "success": "true",
        "load_time": "0.019",
        "makespan": "3.963",
        "processing_time": "1.824"
      },
      "r490510": {
        "id": "r490510",
        "timestamp": "1687418333889",
        "success": "true",
        "load_time": "0.010",
        "makespan": "8.577",
        "processing_time": "3.740"
      },
      "r578257": {
        "id": "r578257",
        "timestamp": "1687416743406",
        "success": "true",
        "load_time": "0.021",
        "makespan": "4.914",
        "processing_time": "3.733"
      },
      "r855953": {
        "id": "r855953",
        "timestamp": "1687418054333",
        "success": "true",
        "load_time": "0.019",
        "makespan": "3.486",
        "processing_time": "0.107"
      },
      "r885492": {
        "id": "r885492",
        "timestamp": "1687418861605",
        "success": "true",
        "load_time": "0.010",
        "makespan": "2.325",
        "processing_time": "0.087"
      },
      "r689439": {
        "id": "r689439",
        "timestamp": "1687418137480",
        "success": "true",
        "load_time": "0.019",
        "makespan": "12.047",
        "processing_time": "9.605"
      },
      "r513344": {
        "id": "r513344",
        "timestamp": "1687418619322",
        "success": "true",
        "load_time": "0.022",
        "makespan": "53.175",
        "processing_time": "50.016"
      },
      "r885257": {
        "id": "r885257",
        "timestamp": "1687417782024",
        "success": "true",
        "load_time": "0.020",
        "makespan": "4.654",
        "processing_time": "0.613"
      },
      "r756508": {
        "id": "r756508",
        "timestamp": "1687418918684",
        "success": "true",
        "load_time": "0.010",
        "makespan": "21.843",
        "processing_time": "20.182"
      },
      "r505010": {
        "id": "r505010",
        "timestamp": "1687417077227",
        "success": "true",
        "load_time": "0.017",
        "makespan": "3.790",
        "processing_time": "1.943"
      },
      "r732710": {
        "id": "r732710",
        "timestamp": "1687418514124",
        "success": "true",
        "load_time": "0.022",
        "makespan": "2.659",
        "processing_time": "0.165"
      },
      "r722322": {
        "id": "r722322",
        "timestamp": "1687416668224",
        "success": "true",
        "load_time": "0.021",
        "makespan": "1.096",
        "processing_time": "0.036"
      },
      "r553174": {
        "id": "r553174",
        "timestamp": "1687417504789",
        "success": "true",
        "load_time": "0.020",
        "makespan": "9.715",
        "processing_time": "0.978"
      },
      "r677338": {
        "id": "r677338",
        "timestamp": "1687416809602",
        "success": "true",
        "load_time": "0.011",
        "makespan": "2.040",
        "processing_time": "0.032"
      },
      "r783467": {
        "id": "r783467",
        "timestamp": "1687417061181",
        "success": "true",
        "load_time": "0.017",
        "makespan": "3.710",
        "processing_time": "1.902"
      },
      "r678820": {
        "id": "r678820",
        "timestamp": "1687418563205",
        "success": "true",
        "load_time": "0.022",
        "makespan": "2.646",
        "processing_time": "0.092"
      },
      "r745559": {
        "id": "r745559",
        "timestamp": "1687417975198",
        "success": "true",
        "load_time": "0.020",
        "makespan": "10.885",
        "processing_time": "0.962"
      },
      "r892559": {
        "id": "r892559",
        "timestamp": "1687416946905",
        "success": "true",
        "load_time": "0.011",
        "makespan": "2.125",
        "processing_time": "0.951"
      },
      "r858278": {
        "id": "r858278",
        "timestamp": "1687417189410",
        "success": "true",
        "load_time": "0.013",
        "makespan": "16.830",
        "processing_time": "7.545"
      },
      "r580870": {
        "id": "r580870",
        "timestamp": "1687416640146",
        "success": "true",
        "load_time": "0.021",
        "makespan": "1.357",
        "processing_time": "0.117"
      },
      "r688033": {
        "id": "r688033",
        "timestamp": "1687416184532",
        "success": "true",
        "load_time": "0.025",
        "makespan": "11.948",
        "processing_time": "1.296"
      },
      "r785415": {
        "id": "r785415",
        "timestamp": "1687416901796",
        "success": "true",
        "load_time": "0.011",
        "makespan": "2.247",
        "processing_time": "0.987"
      },
      "r670750": {
        "id": "r670750",
        "timestamp": "1687418707411",
        "success": "true",
        "load_time": "0.022",
        "makespan": "5.099",
        "processing_time": "2.516"
      },
      "r762200": {
        "id": "r762200",
        "timestamp": "1687416613078",
        "success": "true",
        "load_time": "0.021",
        "makespan": "1.806",
        "processing_time": "0.799"
      },
      "r596003": {
        "id": "r596003",
        "timestamp": "1687416760450",
        "success": "true",
        "load_time": "0.012",
        "makespan": "3.979",
        "processing_time": "1.662"
      },
      "r821068": {
        "id": "r821068",
        "timestamp": "1687416823631",
        "success": "true",
        "load_time": "0.011",
        "makespan": "6.004",
        "processing_time": "4.625"
      },
      "r604156": {
        "id": "r604156",
        "timestamp": "1687419042853",
        "success": "true",
        "load_time": "0.010",
        "makespan": "1.439",
        "processing_time": "0.089"
      },
      "r629835": {
        "id": "r629835",
        "timestamp": "1687416885764",
        "success": "true",
        "load_time": "0.011",
        "makespan": "1.275",
        "processing_time": "0.041"
      },
      "r522390": {
        "id": "r522390",
        "timestamp": "1687418287771",
        "success": "true",
        "load_time": "0.019",
        "makespan": "2.850",
        "processing_time": "0.285"
      },
      "r893657": {
        "id": "r893657",
        "timestamp": "1687418120430",
        "success": "true",
        "load_time": "0.019",
        "makespan": "3.932",
        "processing_time": "1.803"
      },
      "r813564": {
        "id": "r813564",
        "timestamp": "1687417429674",
        "success": "true",
        "load_time": "0.020",
        "makespan": "10.738",
        "processing_time": "5.311"
      },
      "r666556": {
        "id": "r666556",
        "timestamp": "1687416700291",
        "success": "true",
        "load_time": "0.021",
        "makespan": "1.355",
        "processing_time": "0.118"
      },
      "r807062": {
        "id": "r807062",
        "timestamp": "1687416980984",
        "success": "true",
        "load_time": "0.011",
        "makespan": "1.247",
        "processing_time": "0.032"
      },
      "r687117": {
        "id": "r687117",
        "timestamp": "1687418445097",
        "success": "true",
        "load_time": "0.022",
        "makespan": "53.562",
        "processing_time": "50.340"
      },
      "r602938": {
        "id": "r602938",
        "timestamp": "1687415662128",
        "success": "true",
        "load_time": "0.025",
        "makespan": "11.402",
        "processing_time": "2.768"
      },
      "r589679": {
        "id": "r589679",
        "timestamp": "1687416777488",
        "success": "true",
        "load_time": "0.012",
        "makespan": "3.102",
        "processing_time": "1.579"
      },
      "r880585": {
        "id": "r880585",
        "timestamp": "1687417025084",
        "success": "true",
        "load_time": "0.011",
        "makespan": "6.093",
        "processing_time": "4.703"
      },
      "r693187": {
        "id": "r693187",
        "timestamp": "1687417936141",
        "success": "true",
        "load_time": "0.020",
        "makespan": "9.311",
        "processing_time": "2.319"
      },
      "r856388": {
        "id": "r856388",
        "timestamp": "1687418882640",
        "success": "true",
        "load_time": "0.010",
        "makespan": "21.876",
        "processing_time": "20.217"
      },
      "r842546": {
        "id": "r842546",
        "timestamp": "1687418235666",
        "success": "true",
        "load_time": "0.019",
        "makespan": "2.912",
        "processing_time": "0.280"
      },
      "r780255": {
        "id": "r780255",
        "timestamp": "1687418726450",
        "success": "true",
        "load_time": "0.022",
        "makespan": "3.822",
        "processing_time": "0.437"
      },
      "r749481": {
        "id": "r749481",
        "timestamp": "1687416274657",
        "success": "true",
        "load_time": "0.025",
        "makespan": "5.861",
        "processing_time": "0.887"
      }
    }
  }
}