{
  "id": "b803903",
  "specification": "1.0.0",
  "description": "Libgrape-lite LDBC Benchmark",
  "system": {
    "platform": {
      "name": "libgrape-gpu",
      "acronym": "libgrape",
      "version": "0.3.1",
      "link": "https://github.com/alibaba/libgrape-lite"
    },
    "environment": {
      "name": "ecs.ebmgn7e.32xlarge",
      "acronym": "ebmgn7e",
      "version": "1.0.0",
      "link": "https://www.alibabacloud.com/help/en/elastic-gpu-service/latest/gpu-accelerated-compute-optimized-instance-families#section-dem-yjl-04w",
      "machines": [
        {
          "quantity": "1",
          "cpu": "Intel(R) Xeon(R) Platinum 8369",
          "memory": "1056444788 kB",
          "network": "Mellanox Technologies MT2892",
          "storage": "HDD 2TB"
        }
      ]
    },
    "tool": {
      "graphalytics-core": {
        "name": "graphalytics-core",
        "version": "1.10.0",
        "link": "https://github.com/ldbc/ldbc_graphalytics"
      },
      "graphalytics-platforms-libgrape": {
        "name": "graphalytics-platforms-libgrape",
        "version": "0.4-SNAPSHOT",
        "link": "https://github.com/alibaba/libgrape-lite"
      }
    },
    "pricing": "456697"
  },
  "benchmark": {
    "type": "custom",
    "name": "Custom Benchmark",
    "duration": "4696598",
    "timeout": "9000",
    "resources": {},
    "output": {
      "required": "-",
      "directory": "/root/libgrape-lite/ldbc_driver/workspace/output"
    },
    "validation": {
      "required": "-",
      "directory": "/root/libgrape-lite/ldbc_driver/workspace/graphs"
    },
    "configurations": {
      "graph.datagen-8_9-fb.edge-properties.types": "real",
      "environment.machine.memory": "1056444788 kB",
      "graph.datagen-8_3-zf.cdlp.max-iterations": "10",
      "graph.datagen-9_4-fb.sssp.weight-property": "weight",
      "graph.graph500-27.meta.vertices": "63081040",
      "graph.test-bfs-undirected.vertex-file": "test-bfs-undirected.v",
      "graph.cit-Patents.algorithms": "bfs",
      "graph.datagen-8_9-fb.sssp.source-vertex": "6",
      "graph.graph500-24.edge-file": "graph500-24.e",
      "graph.datagen-8_4-fb.vertex-file": "datagen-8_4-fb.v",
      "graph.datagen-9_1-fb.meta.vertices": "16087483",
      "graph.example-undirected.meta.vertices": "9",
      "graph.com-friendster.cdlp.max-iterations": "10",
      "graph.test-pr-directed.edge-file": "test-pr-directed.e",
      "graph.cit-Patents.vertex-file": "cit-Patents.v",
      "graph.datagen-7_9-fb.vertex-file": "datagen-7_9-fb.v",
      "graph.test-bfs-undirected.bfs.source-vertex": "1",
      "graph.kgs.cdlp.max-iterations": "10",
      "graph.kgs.meta.vertices": "832247",
      "environment.machine.storage": "HDD 2TB",
      "graph.datagen-8_7-zf.bfs.source-vertex": "6",
      "benchmark.runner.max-memory": "",
      "graph.datagen-sf3k-fb.pr.num-iterations": "10",
      "graph.datagen-8_3-zf.meta.vertices": "53525014",
      "graph.datagen-8_1-fb.algorithms": "bfs",
      "graph.datagen-7_7-zf.meta.edges": "32791267",
      "graph.datagen-8_7-zf.vertex-file": "datagen-8_7-zf.v",
      "graph.datagen-8_8-zf.meta.vertices": "168308893",
      "graph.datagen-9_2-zf.vertex-file": "datagen-9_2-zf.v",
      "graph.dota-league.cdlp.max-iterations": "10",
      "graph.datagen-sf3k-fb.pr.damping-factor": "0.85",
      "graph.datagen-8_5-fb.sssp.source-vertex": "6",
      "graph.datagen-8_8-zf.edge-properties.types": "real",
      "graph.graph500-22.cdlp.max-iterations": "10",
      "graph.graph500-23.algorithms": "bfs",
      "graph.graph500-22.edge-file": "graph500-22.e",
      "graph.datagen-8_0-fb.edge-properties.names": "weight",
      "graph.datagen-8_0-fb.meta.vertices": "1706561",
      "graph.example-undirected.edge-properties.names": "weight",
      "graph.datagen-8_0-fb.algorithms": "bfs",
      "graph.datagen-9_4-fb.edge-properties.types": "real",
      "graph.datagen-7_7-zf.algorithms": "bfs",
      "graph.datagen-8_0-fb.bfs.source-vertex": "6",
      "graph.twitter_mpi.cdlp.max-iterations": "10",
      "graph.graph500-22.bfs.source-vertex": "248533",
      "graph.graph500-30.pr.damping-factor": "0.85",
      "graph.example-directed.bfs.source-vertex": "1",
      "graph.datagen-9_1-fb.edge-properties.types": "real",
      "graph.datagen-sf10k-fb.algorithms": "bfs",
      "graph.datagen-8_5-fb.vertex-file": "datagen-8_5-fb.v",
      "graph.datagen-sf10k-fb.vertex-file": "datagen-sf10k-fb.v",
      "graph.datagen-8_9-fb.cdlp.max-iterations": "10",
      "graph.com-friendster.meta.edges": "1806067135",
      "graph.graph500-26.meta.vertices": "32804978",
      "graph.datagen-7_8-zf.algorithms": "bfs",
      "graph.datagen-9_2-zf.sssp.weight-property": "weight",
      "graph.datagen-9_2-zf.sssp.source-vertex": "6",
      "graph.datagen-7_5-fb.algorithms": "bfs",
      "graph.graph500-24.bfs.source-vertex": "2592222",
      "graph.datagen-7_6-fb.edge-file": "datagen-7_6-fb.e",
      "graph.datagen-8_8-zf.bfs.source-vertex": "6",
      "graph.test-wcc-directed.meta.edges": "10",
      "graph.dota-league.meta.vertices": "61170",
      "graph.datagen-sf10k-fb.cdlp.max-iterations": "10",
      "graph.datagen-7_7-zf.meta.vertices": "13180508",
      "graph.datagen-7_5-fb.meta.edges": "34185747",
      "graph.example-directed.edge-properties.types": "real",
      "graph.datagen-7_8-zf.edge-file": "datagen-7_8-zf.e",
      "graph.test-pr-directed.pr.damping-factor": "0.85",
      "graph.test-pr-undirected.pr.num-iterations": "26",
      "graph.datagen-9_2-zf.pr.damping-factor": "0.85",
      "graph.datagen-9_3-zf.pr.num-iterations": "10",
      "graph.datagen-9_3-zf.edge-properties.types": "real",
      "graph.graph500-28.meta.vertices": "121242388",
      "graph.test-sssp-undirected.algorithms": "sssp",
      "graph.datagen-7_5-fb.edge-properties.names": "weight",
      "graph.test-wcc-directed.vertex-file": "test-wcc-directed.v",
      "graph.datagen-8_2-zf.bfs.source-vertex": "6",
      "graph.test-bfs-undirected.directed": "false",
      "graph.test-sssp-undirected.sssp.source-vertex": "1",
      "graph.twitter_mpi.meta.edges": "1963263508",
      "graph.datagen-7_7-zf.edge-properties.names": "weight",
      "graph.dota-league.edge-properties.types": "real",
      "graph.datagen-9_4-fb.edge-properties.names": "weight",
      "graph.datagen-9_3-zf.vertex-file": "datagen-9_3-zf.v",
      "graph.datagen-7_9-fb.edge-properties.names": "weight",
      "graph.datagen-8_9-fb.sssp.weight-property": "weight",
      "graph.datagen-8_2-zf.sssp.source-vertex": "6",
      "graph.graph500-26.cdlp.max-iterations": "10",
      "graph.test-lcc-undirected.directed": "false",
      "graph.graph500-26.bfs.source-vertex": "62455266",
      "graph.test-pr-undirected.vertex-file": "test-pr-undirected.v",
      "graph.datagen-9_4-fb.meta.vertices": "29310565",
      "graph.test-cdlp-undirected.edge-file": "test-cdlp-undirected.e",
      "graph.test-bfs-undirected.edge-file": "test-bfs-undirected.e",
      "graph.graph500-27.bfs.source-vertex": "0",
      "graph.test-sssp-directed.vertex-file": "test-sssp-directed.v",
      "graph.datagen-8_4-fb.sssp.weight-property": "weight",
      "graph.datagen-8_1-fb.meta.edges": "134267822",
      "graph.graph500-27.cdlp.max-iterations": "10",
      "graph.graph500-30.pr.num-iterations": "10",
      "graph.graph500-30.vertex-file": "graph500-30.v",
      "graph.example-undirected.sssp.source-vertex": "2",
      "graph.twitter_mpi.algorithms": "bfs",
      "graph.datagen-sf3k-fb.bfs.source-vertex": "933",
      "graph.test-sssp-undirected.edge-file": "test-sssp-undirected.e",
      "graph.datagen-7_5-fb.directed": "false",
      "graph.graph500-25.directed": "false",
      "graph.datagen-9_1-fb.pr.num-iterations": "10",
      "graph.datagen-sf10k-fb.pr.num-iterations": "10",
      "graph.datagen-7_9-fb.edge-file": "datagen-7_9-fb.e",
      "graph.datagen-8_4-fb.bfs.source-vertex": "6",
      "graph.wiki-Talk.edge-file": "wiki-Talk.e",
      "graph.dota-league.pr.damping-factor": "0.85",
      "graph.graph500-28.algorithms": "bfs",
      "graph.datagen-9_3-zf.edge-properties.names": "weight",
      "graph.cit-Patents.edge-file": "cit-Patents.e",
      "graph.twitter_mpi.edge-file": "twitter_mpi.e",
      "graph.cit-Patents.directed": "true",
      "graph.datagen-7_5-fb.edge-properties.types": "real",
      "graph.test-wcc-undirected.edge-file": "test-wcc-undirected.e",
      "graph.datagen-8_5-fb.directed": "false",
      "graph.datagen-8_9-fb.directed": "false",
      "graph.datagen-8_5-fb.cdlp.max-iterations": "10",
      "graph.cit-Patents.meta.vertices": "3774768",
      "graph.datagen-7_6-fb.meta.edges": "42162988",
      "graph.datagen-8_2-zf.pr.num-iterations": "10",
      "graph.graph500-29.meta.vertices": "232999630",
      "graph.datagen-8_0-fb.meta.edges": "107507376",
      "graph.datagen-sf3k-fb.edge-file": "datagen-sf3k-fb.e",
      "graph.datagen-9_0-fb.vertex-file": "datagen-9_0-fb.v",
      "graph.graph500-23.bfs.source-vertex": "7348998",
      "graph.test-sssp-undirected.meta.vertices": "12",
      "graph.datagen-9_1-fb.sssp.source-vertex": "6",
      "graph.datagen-8_4-fb.edge-file": "datagen-8_4-fb.e",
      "graph.wiki-Talk.meta.edges": "5021410",
      "graph.datagen-9_0-fb.pr.damping-factor": "0.85",
      "graph.datagen-8_6-fb.vertex-file": "datagen-8_6-fb.v",
      "graph.datagen-8_1-fb.directed": "false",
      "graph.example-undirected.directed": "false",
      "graph.datagen-7_9-fb.directed": "false",
      "platform.acronym": "libgrape",
      "graph.test-bfs-directed.directed": "true",
      "graph.datagen-7_5-fb.edge-file": "datagen-7_5-fb.e",
      "graph.test-sssp-directed.sssp.source-vertex": "1",
      "graph.kgs.algorithms": "bfs",
      "graph.test-cdlp-directed.algorithms": "cdlp",
      "graph.com-friendster.edge-file": "com-friendster.e",
      "graph.dota-league.sssp.weight-property": "weight",
      "graph.datagen-7_9-fb.meta.vertices": "1387587",
      "graph.datagen-8_1-fb.edge-properties.names": "weight",
      "graph.wiki-Talk.algorithms": "bfs",
      "graph.graph500-25.vertex-file": "graph500-25.v",
      "graph.test-sssp-directed.edge-properties.names": "weight",
      "graph.datagen-8_2-zf.algorithms": "bfs",
      "graph.com-friendster.pr.damping-factor": "0.85",
      "graph.graph500-28.vertex-file": "graph500-28.v",
      "graph.datagen-9_1-fb.directed": "false",
      "graph.datagen-9_3-zf.meta.edges": "1309998551",
      "graph.example-undirected.bfs.source-vertex": "2",
      "graph.kgs.sssp.weight-property": "weight",
      "graph.graph500-29.vertex-file": "graph500-29.v",
      "graph.test-wcc-directed.meta.vertices": "8",
      "graph.datagen-7_6-fb.pr.damping-factor": "0.85",
      "graph.test-bfs-undirected.algorithms": "bfs",
      "environment.machine.cpu": "Intel(R) Xeon(R) Platinum 8369",
      "graph.test-sssp-undirected.vertex-file": "test-sssp-undirected.v",
      "graph.datagen-7_7-zf.sssp.weight-property": "weight",
      "environment.acronym": "ebmgn7e",
      "graph.dota-league.meta.edges": "50870313",
      "graph.datagen-sf3k-fb.edge-properties.types": "real",
      "graph.datagen-8_1-fb.vertex-file": "datagen-8_1-fb.v",
      "graph.datagen-8_7-zf.pr.num-iterations": "10",
      "graph.datagen-9_0-fb.meta.edges": "1049527225",
      "graph.datagen-7_8-zf.meta.vertices": "16521886",
      "graph.test-wcc-undirected.meta.edges": "7",
      "graph.example-undirected.edge-file": "example-undirected.e",
      "graph.datagen-8_8-zf.edge-file": "datagen-8_8-zf.e",
      "graph.datagen-sf3k-fb.sssp.weight-property": "weight",
      "graph.graph500-24.vertex-file": "graph500-24.v",
      "graph.test-cdlp-undirected.meta.edges": "13",
      "graph.datagen-sf3k-fb.vertex-file": "datagen-sf3k-fb.v",
      "graph.graph500-27.meta.edges": "2111642032",
      "graph.datagen-7_6-fb.algorithms": "bfs",
      "graph.graph500-25.meta.vertices": "17062472",
      "graph.datagen-7_8-zf.directed": "false",
      "graph.datagen-9_3-zf.sssp.weight-property": "weight",
      "graph.datagen-8_5-fb.bfs.source-vertex": "6",
      "graph.example-directed.vertex-file": "example-directed.v",
      "graph.datagen-8_3-zf.directed": "false",
      "platform.libgrape.nodes": "127.0.0.1",
      "graph.example-directed.algorithms": "bfs",
      "graph.kgs.sssp.source-vertex": "239044",
      "graph.datagen-7_6-fb.edge-properties.names": "weight",
      "graph.datagen-8_1-fb.cdlp.max-iterations": "10",
      "graph.datagen-8_9-fb.edge-properties.names": "weight",
      "graph.test-wcc-directed.directed": "true",
      "platform.libgrape.serializationSSSP": "",
      "graph.example-undirected.meta.edges": "12",
      "graph.test-lcc-undirected.edge-file": "test-lcc-undirected.e",
      "graph.datagen-8_8-zf.directed": "false",
      "graph.datagen-8_9-fb.algorithms": "bfs",
      "graph.graph500-23.pr.damping-factor": "0.85",
      "graph.datagen-8_7-zf.directed": "false",
      "graph.graph500-30.algorithms": "bfs",
      "graph.datagen-8_0-fb.vertex-file": "datagen-8_0-fb.v",
      "graph.graph500-24.meta.vertices": "8870942",
      "graph.datagen-8_6-fb.edge-properties.names": "weight",
      "graph.graph500-28.edge-file": "graph500-28.e",
      "graph.graph500-29.directed": "false",
      "benchmark.runner.port": "17989",
      "graph.datagen-7_9-fb.pr.damping-factor": "0.85",
      "graph.datagen-8_8-zf.sssp.weight-property": "weight",
      "graph.graph500-29.bfs.source-vertex": "0",
      "graph.datagen-9_0-fb.edge-properties.types": "real",
      "graph.datagen-8_3-zf.algorithms": "bfs",
      "graph.datagen-7_5-fb.sssp.source-vertex": "6",
      "graph.com-friendster.directed": "false",
      "graph.datagen-9_2-zf.meta.edges": "1042340732",
      "graph.datagen-7_7-zf.directed": "false",
      "graph.datagen-8_0-fb.sssp.weight-property": "weight",
      "benchmark.description": "Libgrape-lite LDBC Benchmark",
      "graph.test-pr-directed.pr.num-iterations": "14",
      "graph.datagen-8_3-zf.vertex-file": "datagen-8_3-zf.v",
      "graph.graph500-22.algorithms": "bfs",
      "graph.graph500-23.pr.num-iterations": "10",
      "benchmark.custom.validation-required": "true",
      "graph.datagen-8_1-fb.sssp.source-vertex": "6",
      "graph.datagen-9_0-fb.meta.vertices": "12857671",
      "graph.datagen-8_2-zf.sssp.weight-property": "weight",
      "graph.datagen-7_7-zf.vertex-file": "datagen-7_7-zf.v",
      "graph.datagen-8_5-fb.meta.vertices": "4599739",
      "graph.test-sssp-directed.edge-file": "test-sssp-directed.e",
      "graph.graph500-27.edge-file": "graph500-27.e",
      "graph.graph500-24.pr.damping-factor": "0.85",
      "graph.datagen-8_0-fb.sssp.source-vertex": "6",
      "graph.datagen-9_1-fb.edge-properties.names": "weight",
      "graph.datagen-8_8-zf.algorithms": "bfs",
      "benchmark.custom.graphs": "graph500-22",
      "graph.test-sssp-directed.meta.edges": "13",
      "graph.datagen-8_9-fb.edge-file": "datagen-8_9-fb.e",
      "graph.datagen-8_7-zf.cdlp.max-iterations": "10",
      "graph.example-directed.sssp.source-vertex": "1",
      "graph.kgs.pr.damping-factor": "0.85",
      "graph.datagen-9_4-fb.pr.damping-factor": "0.85",
      "graph.datagen-9_2-zf.edge-properties.names": "weight",
      "environment.machine.network": "Mellanox Technologies MT2892",
      "graph.twitter_mpi.vertex-file": "twitter_mpi.v",
      "graph.datagen-8_1-fb.bfs.source-vertex": "6",
      "graph.test-sssp-undirected.directed": "false",
      "graph.datagen-9_3-zf.pr.damping-factor": "0.85",
      "graph.datagen-8_1-fb.pr.num-iterations": "10",
      "graph.datagen-8_2-zf.pr.damping-factor": "0.85",
      "graph.graph500-26.edge-file": "graph500-26.e",
      "graph.datagen-9_1-fb.meta.edges": "1342158397",
      "graph.datagen-9_3-zf.directed": "false",
      "graph.datagen-8_3-zf.pr.num-iterations": "10",
      "graph.test-sssp-undirected.edge-properties.names": "weight",
      "graph.datagen-7_8-zf.pr.damping-factor": "0.85",
      "graph.graph500-25.algorithms": "bfs",
      "graph.test-lcc-undirected.algorithms": "lcc",
      "graph.test-cdlp-undirected.vertex-file": "test-cdlp-undirected.v",
      "graph.datagen-8_3-zf.bfs.source-vertex": "6",
      "graph.datagen-9_1-fb.sssp.weight-property": "weight",
      "graph.graph500-23.meta.vertices": "4610222",
      "graph.graph500-26.directed": "false",
      "graph.datagen-8_0-fb.edge-properties.types": "real",
      "environment.link": "https://www.alibabacloud.com/help/en/elastic-gpu-service/latest/gpu-accelerated-compute-optimized-instance-families#section-dem-yjl-04w",
      "graph.dota-league.pr.num-iterations": "10",
      "graph.datagen-7_8-zf.meta.edges": "41025255",
      "graph.graph500-28.bfs.source-vertex": "0",
      "graph.test-bfs-directed.edge-file": "test-bfs-directed.e",
      "graph.datagen-9_4-fb.meta.edges": "2588948669",
      "graph.datagen-8_4-fb.cdlp.max-iterations": "10",
      "graph.datagen-7_6-fb.directed": "false",
      "platform.link": "https://github.com/alibaba/libgrape-lite",
      "graph.datagen-9_1-fb.pr.damping-factor": "0.85",
      "graph.datagen-sf10k-fb.pr.damping-factor": "0.85",
      "benchmark.executor.port": "21185",
      "graph.datagen-8_0-fb.pr.damping-factor": "0.85",
      "graph.graph500-22.pr.num-iterations": "10",
      "graph.test-lcc-directed.algorithms": "lcc",
      "graph.test-sssp-directed.directed": "true",
      "graph.datagen-8_2-zf.edge-file": "datagen-8_2-zf.e",
      "graph.datagen-8_4-fb.edge-properties.types": "real",
      "graph.datagen-8_6-fb.directed": "false",
      "graph.example-directed.cdlp.max-iterations": "2",
      "graph.cit-Patents.meta.edges": "16518948",
      "graph.test-bfs-undirected.meta.vertices": "10",
      "graph.graph500-29.algorithms": "bfs",
      "graph.datagen-9_1-fb.edge-file": "datagen-9_1-fb.e",
      "benchmark.custom.output-required": "true",
      "graph.graph500-23.meta.edges": "129333677",
      "graph.datagen-sf10k-fb.edge-properties.names": "weight",
      "graph.test-cdlp-undirected.cdlp.max-iterations": "5",
      "graph.graph500-29.pr.num-iterations": "10",
      "graph.datagen-8_2-zf.edge-properties.names": "weight",
      "graph.com-friendster.algorithms": "bfs",
      "graph.graph500-23.directed": "false",
      "graph.datagen-sf10k-fb.edge-file": "datagen-sf10k-fb.e",
      "graph.datagen-8_7-zf.algorithms": "bfs",
      "graph.test-cdlp-directed.directed": "true",
      "graph.graph500-30.cdlp.max-iterations": "10",
      "graph.datagen-7_6-fb.sssp.source-vertex": "6",
      "graph.datagen-8_8-zf.sssp.source-vertex": "6",
      "graph.datagen-8_4-fb.meta.vertices": "3809084",
      "graph.datagen-7_6-fb.bfs.source-vertex": "6",
      "graph.test-cdlp-directed.cdlp.max-iterations": "5",
      "graph.test-cdlp-undirected.meta.vertices": "8",
      "graph.datagen-8_3-zf.edge-file": "datagen-8_3-zf.e",
      "graph.graph500-22.meta.vertices": "2396657",
      "graph.com-friendster.bfs.source-vertex": "101",
      "graph.datagen-7_9-fb.meta.edges": "85670523",
      "graph.test-lcc-undirected.meta.vertices": "9",
      "environment.machine.quantity": "1",
      "graph.datagen-7_5-fb.sssp.weight-property": "weight",
      "graph.graph500-24.algorithms": "bfs",
      "graph.example-undirected.pr.num-iterations": "2",
      "graph.graph500-29.pr.damping-factor": "0.85",
      "graphs.validation-directory": "/root/libgrape-lite/ldbc_driver/workspace/graphs",
      "graph.example-directed.sssp.weight-property": "weight",
      "graph.datagen-8_1-fb.sssp.weight-property": "weight",
      "graph.datagen-8_6-fb.algorithms": "bfs",
      "graph.datagen-8_7-zf.edge-properties.names": "weight",
      "graph.datagen-8_9-fb.pr.num-iterations": "10",
      "graph.test-wcc-undirected.meta.vertices": "8",
      "graph.datagen-8_0-fb.cdlp.max-iterations": "10",
      "graph.datagen-8_1-fb.edge-properties.types": "real",
      "graph.graph500-23.edge-file": "graph500-23.e",
      "graph.test-wcc-undirected.directed": "false",
      "graph.graph500-28.pr.damping-factor": "0.85",
      "graph.test-pr-undirected.meta.vertices": "50",
      "graph.datagen-8_7-zf.meta.vertices": "145050709",
      "graph.datagen-8_6-fb.meta.edges": "421988619",
      "graph.datagen-8_9-fb.meta.vertices": "10572901",
      "platform.libgrape.serialization": "",
      "graph.datagen-8_9-fb.pr.damping-factor": "0.85",
      "platform.libgrape.HashPartitioner": "twitter_mpi",
      "graph.dota-league.bfs.source-vertex": "287770",
      "graph.graph500-27.pr.damping-factor": "0.85",
      "graph.datagen-sf10k-fb.directed": "false",
      "graph.graph500-30.edge-file": "graph500-30.e",
      "graph.datagen-7_6-fb.meta.vertices": "754147",
      "graph.test-lcc-undirected.meta.edges": "12",
      "graph.graph500-28.pr.num-iterations": "10",
      "graph.datagen-7_9-fb.cdlp.max-iterations": "10",
      "graph.datagen-8_5-fb.meta.edges": "332026902",
      "graph.datagen-8_6-fb.sssp.weight-property": "weight",
      "benchmark.name": "Custom Benchmark",
      "graph.test-lcc-directed.meta.edges": "17",
      "graph.test-cdlp-directed.meta.vertices": "8",
      "graph.datagen-7_7-zf.sssp.source-vertex": "6",
      "graph.datagen-sf10k-fb.edge-properties.types": "real",
      "graph.datagen-8_4-fb.pr.num-iterations": "10",
      "graph.test-pr-directed.vertex-file": "test-pr-directed.v",
      "graph.datagen-8_5-fb.edge-properties.names": "weight",
      "graph.test-wcc-undirected.vertex-file": "test-wcc-undirected.v",
      "benchmark.custom.timeout": "9000",
      "graph.datagen-7_5-fb.bfs.source-vertex": "6",
      "graph.datagen-9_0-fb.edge-file": "datagen-9_0-fb.e",
      "graph.datagen-8_1-fb.edge-file": "datagen-8_1-fb.e",
      "graph.datagen-8_8-zf.meta.edges": "413354288",
      "graph.datagen-7_8-zf.sssp.weight-property": "weight",
      "graph.datagen-9_1-fb.cdlp.max-iterations": "10",
      "graph.test-sssp-directed.meta.vertices": "10",
      "graph.graph500-24.cdlp.max-iterations": "10",
      "graph.graph500-25.pr.damping-factor": "0.85",
      "graph.example-undirected.pr.damping-factor": "0.85",
      "platform.name": "libgrape-gpu",
      "graph.datagen-9_2-zf.bfs.source-vertex": "6",
      "graph.graph500-25.edge-file": "graph500-25.e",
      "graph.test-pr-undirected.meta.edges": "113",
      "graph.datagen-8_3-zf.edge-properties.types": "real",
      "graph.wiki-Talk.pr.num-iterations": "10",
      "graph.test-bfs-directed.meta.vertices": "10",
      "graph.datagen-9_4-fb.sssp.source-vertex": "6",
      "graph.test-pr-directed.algorithms": "pr",
      "graph.datagen-8_2-zf.meta.vertices": "43734497",
      "graph.test-sssp-directed.sssp.weight-property": "weight",
      "graph.datagen-8_2-zf.vertex-file": "datagen-8_2-zf.v",
      "graph.graph500-26.meta.edges": "1051922853",
      "graph.graph500-30.directed": "false",
      "graph.graph500-25.cdlp.max-iterations": "10",
      "graph.graph500-30.meta.vertices": "447797986",
      "graph.datagen-9_4-fb.cdlp.max-iterations": "10",
      "graph.test-bfs-directed.meta.edges": "17",
      "graph.datagen-9_1-fb.algorithms": "bfs",
      "graph.datagen-8_9-fb.vertex-file": "datagen-8_9-fb.v",
      "graph.wiki-Talk.bfs.source-vertex": "2",
      "benchmark.custom.algorithms": "sssp",
      "graph.datagen-9_3-zf.bfs.source-vertex": "6",
      "graph.wiki-Talk.vertex-file": "wiki-Talk.v",
      "graph.graph500-27.pr.num-iterations": "10",
      "graph.datagen-9_4-fb.vertex-file": "datagen-9_4-fb.v",
      "graph.datagen-9_2-zf.directed": "false",
      "graph.datagen-9_2-zf.edge-file": "datagen-9_2-zf.e",
      "graph.datagen-9_3-zf.edge-file": "datagen-9_3-zf.e",
      "graph.datagen-sf3k-fb.algorithms": "bfs",
      "graph.example-directed.directed": "true",
      "graph.datagen-8_1-fb.pr.damping-factor": "0.85",
      "graph.datagen-9_2-zf.cdlp.max-iterations": "10",
      "graph.graph500-26.algorithms": "bfs",
      "graph.datagen-7_9-fb.edge-properties.types": "real",
      "graph.datagen-8_5-fb.algorithms": "bfs",
      "environment.name": "ecs.ebmgn7e.32xlarge",
      "graph.datagen-8_3-zf.sssp.source-vertex": "6",
      "graphs.output-directory": "/root/libgrape-lite/ldbc_driver/workspace/output",
      "graph.datagen-sf3k-fb.meta.edges": "2912009743",
      "graph.test-bfs-directed.algorithms": "bfs",
      "graph.datagen-sf3k-fb.edge-properties.names": "weight",
      "graph.datagen-8_4-fb.pr.damping-factor": "0.85",
      "graph.example-directed.meta.edges": "17",
      "graph.wiki-Talk.cdlp.max-iterations": "10",
      "graph.datagen-8_5-fb.pr.num-iterations": "10",
      "graph.example-undirected.sssp.weight-property": "weight",
      "graph.kgs.pr.num-iterations": "10",
      "graph.example-directed.pr.num-iterations": "2",
      "graph.datagen-7_6-fb.cdlp.max-iterations": "10",
      "graph.test-bfs-directed.bfs.source-vertex": "1",
      "graph.graph500-22.pr.damping-factor": "0.85",
      "graph.graph500-29.edge-file": "graph500-29.e",
      "graph.kgs.edge-properties.types": "real",
      "graph.datagen-8_0-fb.pr.num-iterations": "10",
      "graph.graph500-22.meta.edges": "64155735",
      "graph.test-cdlp-directed.edge-file": "test-cdlp-directed.e",
      "graph.datagen-9_2-zf.meta.vertices": "434943376",
      "graph.datagen-7_7-zf.pr.damping-factor": "0.85",
      "graph.datagen-7_8-zf.edge-properties.types": "real",
      "graph.datagen-8_4-fb.algorithms": "bfs",
      "graph.graph500-28.directed": "false",
      "graph.test-sssp-undirected.sssp.weight-property": "weight",
      "graph.datagen-sf10k-fb.sssp.source-vertex": "6",
      "graph.graph500-30.bfs.source-vertex": "0",
      "graph.datagen-8_8-zf.pr.damping-factor": "0.85",
      "graph.datagen-7_8-zf.sssp.source-vertex": "6",
      "graph.datagen-7_5-fb.vertex-file": "datagen-7_5-fb.v",
      "graph.datagen-8_1-fb.meta.vertices": "2072117",
      "graph.datagen-7_9-fb.sssp.weight-property": "weight",
      "graph.dota-league.directed": "false",
      "graph.twitter_mpi.bfs.source-vertex": "420",
      "graph.datagen-8_6-fb.sssp.source-vertex": "6",
      "graph.graph500-28.cdlp.max-iterations": "10",
      "graph.datagen-7_7-zf.cdlp.max-iterations": "10",
      "graph.cit-Patents.bfs.source-vertex": "6009541",
      "graph.datagen-8_9-fb.bfs.source-vertex": "6",
      "graph.datagen-9_0-fb.edge-properties.names": "weight",
      "graph.datagen-sf3k-fb.meta.vertices": "33484375",
      "graph.graph500-24.pr.num-iterations": "10",
      "graph.graph500-24.meta.edges": "260379520",
      "graph.wiki-Talk.directed": "true",
      "graph.graph500-26.pr.damping-factor": "0.85",
      "graph.datagen-8_3-zf.edge-properties.names": "weight",
      "graph.graph500-29.cdlp.max-iterations": "10",
      "graph.datagen-7_8-zf.pr.num-iterations": "10",
      "graph.datagen-7_9-fb.algorithms": "bfs",
      "graph.datagen-8_6-fb.pr.damping-factor": "0.85",
      "graph.datagen-8_8-zf.cdlp.max-iterations": "10",
      "graph.datagen-7_6-fb.pr.num-iterations": "10",
      "graph.datagen-7_8-zf.vertex-file": "datagen-7_8-zf.v",
      "graph.datagen-7_5-fb.pr.damping-factor": "0.85",
      "graph.datagen-8_0-fb.edge-file": "datagen-8_0-fb.e",
      "graph.test-pr-directed.meta.vertices": "50",
      "graph.datagen-8_7-zf.edge-properties.types": "real",
      "graph.test-lcc-directed.vertex-file": "test-lcc-directed.v",
      "graph.datagen-8_6-fb.cdlp.max-iterations": "10",
      "graph.dota-league.edge-file": "dota-league.e",
      "graph.graph500-26.vertex-file": "graph500-26.v",
      "graph.graph500-27.algorithms": "bfs",
      "benchmark.type": "custom",
      "platform.run.gpu.enabled": "true",
      "graph.datagen-9_0-fb.algorithms": "bfs",
      "graph.test-cdlp-undirected.algorithms": "cdlp",
      "graph.datagen-8_7-zf.sssp.source-vertex": "6",
      "graph.graph500-27.vertex-file": "graph500-27.v",
      "graph.graph500-24.directed": "false",
      "graph.kgs.edge-properties.names": "weight",
      "graph.datagen-8_6-fb.meta.vertices": "5667674",
      "graph.datagen-8_5-fb.edge-properties.types": "real",
      "graph.datagen-9_4-fb.directed": "false",
      "graph.test-cdlp-directed.vertex-file": "test-cdlp-directed.v",
      "graph.example-directed.edge-file": "example-directed.e",
      "graph.datagen-7_5-fb.pr.num-iterations": "10",
      "graph.kgs.edge-file": "kgs.e",
      "graph.datagen-7_6-fb.vertex-file": "datagen-7_6-fb.v",
      "graph.test-bfs-directed.vertex-file": "test-bfs-directed.v",
      "graph.test-cdlp-directed.meta.edges": "18",
      "graph.datagen-8_2-zf.cdlp.max-iterations": "10",
      "graph.kgs.directed": "false",
      "graph.datagen-9_0-fb.cdlp.max-iterations": "10",
      "graph.test-lcc-directed.directed": "true",
      "graph.datagen-8_7-zf.edge-file": "datagen-8_7-zf.e",
      "graph.graph500-28.meta.edges": "4236163958",
      "graph.cit-Patents.pr.damping-factor": "0.85",
      "graph.dota-league.sssp.source-vertex": "287770",
      "graph.datagen-9_2-zf.edge-properties.types": "real",
      "graph.graph500-23.vertex-file": "graph500-23.v",
      "graph.graph500-22.vertex-file": "graph500-22.v",
      "graph.datagen-7_9-fb.sssp.source-vertex": "6",
      "graph.test-sssp-undirected.edge-properties.types": "real",
      "graph.datagen-7_7-zf.bfs.source-vertex": "6",
      "graph.datagen-9_0-fb.sssp.source-vertex": "6",
      "graph.test-bfs-undirected.meta.edges": "14",
      "graph.datagen-9_1-fb.bfs.source-vertex": "6",
      "graph.datagen-8_3-zf.pr.damping-factor": "0.85",
      "graphs.names": "[graph500-22, graph500-23, graph500-24, graph500-25, graph500-26, graph500-27, graph500-28, graph500-29, graph500-30, datagen-7_5-fb, datagen-7_6-fb, datagen-7_7-zf, datagen-7_8-zf, datagen-7_9-fb, datagen-8_0-fb, datagen-8_1-fb, datagen-8_2-zf, datagen-8_3-zf, datagen-8_4-fb, datagen-8_5-fb, datagen-8_6-fb, datagen-8_7-zf, datagen-8_8-zf, datagen-8_9-fb, datagen-9_0-fb, datagen-9_1-fb, datagen-9_2-zf, datagen-9_3-zf, datagen-9_4-fb, datagen-sf3k-fb, datagen-sf10k-fb, dota-league, com-friendster, twitter_mpi, cit-Patents, kgs, wiki-Talk, test-bfs-directed, test-bfs-undirected, test-cdlp-directed, test-cdlp-undirected, test-lcc-directed, test-lcc-undirected, test-pr-directed, test-pr-undirected, test-sssp-directed, test-sssp-undirected, test-wcc-directed, test-wcc-undirected, example-directed, example-undirected]",
      "graph.test-lcc-directed.edge-file": "test-lcc-directed.e",
      "graph.twitter_mpi.pr.damping-factor": "0.85",
      "graph.datagen-8_2-zf.directed": "false",
      "graph.datagen-9_0-fb.sssp.weight-property": "weight",
      "graph.datagen-7_9-fb.pr.num-iterations": "10",
      "graph.cit-Patents.pr.num-iterations": "10",
      "graph.datagen-9_3-zf.cdlp.max-iterations": "10",
      "graph.datagen-7_6-fb.sssp.weight-property": "weight",
      "graph.datagen-8_3-zf.sssp.weight-property": "weight",
      "graph.test-cdlp-undirected.directed": "false",
      "graph.dota-league.edge-properties.names": "weight",
      "graph.datagen-8_7-zf.meta.edges": "340157363",
      "graph.datagen-7_8-zf.bfs.source-vertex": "6",
      "graph.com-friendster.meta.vertices": "65608366",
      "graph.graph500-22.directed": "false",
      "graph.test-wcc-undirected.algorithms": "wcc",
      "graph.graph500-23.cdlp.max-iterations": "10",
      "graph.datagen-8_6-fb.bfs.source-vertex": "6",
      "graph.datagen-9_4-fb.edge-file": "datagen-9_4-fb.e",
      "graph.com-friendster.pr.num-iterations": "10",
      "graph.twitter_mpi.pr.num-iterations": "10",
      "graph.datagen-7_8-zf.edge-properties.names": "weight",
      "graph.datagen-8_2-zf.edge-properties.types": "real",
      "graph.datagen-9_0-fb.bfs.source-vertex": "6",
      "graph.datagen-sf3k-fb.directed": "false",
      "graph.datagen-8_4-fb.edge-properties.names": "weight",
      "graph.datagen-8_5-fb.edge-file": "datagen-8_5-fb.e",
      "graph.datagen-8_5-fb.sssp.weight-property": "weight",
      "graph.test-lcc-directed.meta.vertices": "10",
      "graph.example-directed.edge-properties.names": "weight",
      "graph.wiki-Talk.meta.vertices": "2394385",
      "graph.datagen-sf10k-fb.sssp.weight-property": "weight",
      "graph.datagen-9_1-fb.vertex-file": "datagen-9_1-fb.v",
      "graph.datagen-sf10k-fb.bfs.source-vertex": "933",
      "graph.test-sssp-directed.algorithms": "sssp",
      "graph.datagen-8_4-fb.meta.edges": "269479177",
      "graph.graph500-29.meta.edges": "8493569115",
      "graph.datagen-9_4-fb.pr.num-iterations": "10",
      "graph.graph500-25.bfs.source-vertex": "24460635",
      "graph.example-undirected.cdlp.max-iterations": "2",
      "graph.kgs.bfs.source-vertex": "239044",
      "graph.datagen-7_7-zf.edge-properties.types": "real",
      "graph.datagen-9_2-zf.pr.num-iterations": "10",
      "graph.graph500-27.directed": "false",
      "graph.datagen-sf3k-fb.cdlp.max-iterations": "10",
      "graph.kgs.vertex-file": "kgs.v",
      "graph.datagen-8_7-zf.sssp.weight-property": "weight",
      "graph.test-pr-undirected.algorithms": "pr",
      "graph.graph500-25.pr.num-iterations": "10",
      "graph.datagen-sf3k-fb.sssp.source-vertex": "6",
      "graph.test-pr-directed.directed": "true",
      "graph.cit-Patents.cdlp.max-iterations": "10",
      "graph.datagen-9_4-fb.algorithms": "bfs",
      "platform.version": "0.3.10",
      "graph.test-pr-undirected.pr.damping-factor": "0.85",
      "graph.datagen-8_8-zf.vertex-file": "datagen-8_8-zf.v",
      "graph.graph500-30.meta.edges": "17022117362",
      "graph.wiki-Talk.pr.damping-factor": "0.85",
      "graph.example-undirected.vertex-file": "example-undirected.v",
      "graph.datagen-8_4-fb.sssp.source-vertex": "6",
      "graph.datagen-8_8-zf.edge-properties.names": "weight",
      "graph.datagen-sf10k-fb.meta.vertices": "100218750",
      "graph.example-undirected.edge-properties.types": "real",
      "graph.graph500-26.pr.num-iterations": "10",
      "graph.test-lcc-undirected.vertex-file": "test-lcc-undirected.v",
      "graph.dota-league.vertex-file": "dota-league.v",
      "graph.datagen-7_7-zf.edge-file": "datagen-7_7-zf.e",
      "graph.datagen-9_3-zf.meta.vertices": "555270053",
      "graph.datagen-9_3-zf.algorithms": "bfs",
      "platform.libgrape.home": "/root/libgrape-lite",
      "graph.twitter_mpi.directed": "true",
      "system.pricing": "456697",
      "graph.test-sssp-undirected.meta.edges": "14",
      "benchmark.custom.repetitions": "3",
      "graph.example-undirected.algorithms": "bfs",
      "graph.test-pr-undirected.directed": "false",
      "graph.datagen-8_2-zf.meta.edges": "106440188",
      "graph.datagen-8_5-fb.pr.damping-factor": "0.85",
      "graph.dota-league.algorithms": "bfs",
      "graph.datagen-8_6-fb.edge-file": "datagen-8_6-fb.e",
      "graph.datagen-8_6-fb.edge-properties.types": "real",
      "graphs.root-directory": "/root/libgrape-lite/ldbc_driver/workspace/graphs",
      "graph.datagen-7_7-zf.pr.num-iterations": "10",
      "graph.com-friendster.vertex-file": "com-friendster.v",
      "graph.graph500-25.meta.edges": "523602831",
      "graph.datagen-7_5-fb.meta.vertices": "633432",
      "graph.test-pr-directed.meta.edges": "246",
      "graph.twitter_mpi.meta.vertices": "52579678",
      "graph.datagen-8_6-fb.pr.num-iterations": "10",
      "graph.test-sssp-directed.edge-properties.types": "real",
      "graph.test-pr-undirected.edge-file": "test-pr-undirected.e",
      "graph.test-wcc-directed.edge-file": "test-wcc-directed.e",
      "graph.kgs.meta.edges": "17891698",
      "graph.datagen-7_5-fb.cdlp.max-iterations": "10",
      "graph.test-wcc-directed.algorithms": "wcc",
      "graph.datagen-9_2-zf.algorithms": "bfs",
      "graph.datagen-7_6-fb.edge-properties.types": "real",
      "graph.datagen-9_0-fb.pr.num-iterations": "10",
      "graph.datagen-8_3-zf.meta.edges": "130579909",
      "graph.datagen-8_7-zf.pr.damping-factor": "0.85",
      "graph.datagen-8_8-zf.pr.num-iterations": "10",
      "graph.example-directed.pr.damping-factor": "0.85",
      "graph.datagen-8_0-fb.directed": "false",
      "graph.datagen-8_9-fb.meta.edges": "848681908",
      "graph.datagen-9_0-fb.directed": "false",
      "graph.datagen-7_9-fb.bfs.source-vertex": "6",
      "graph.datagen-7_8-zf.cdlp.max-iterations": "10",
      "environment.version": "1.0.0",
      "graph.datagen-9_4-fb.bfs.source-vertex": "6",
      "graph.datagen-9_3-zf.sssp.source-vertex": "6",
      "graph.example-directed.meta.vertices": "10",
      "graph.datagen-8_4-fb.directed": "false",
      "graph.datagen-sf10k-fb.meta.edges": "9404822538"
    }
  },
  "result": {
    "experiments": {
      "e831845": {
        "id": "e831845",
        "type": "custom:exp",
        "jobs": [
          "j627364",
          "j916724",
          "j461705",
          "j758644",
          "j787158",
          "j720096",
          "j699089",
          "j893807",
          "j903990",
          "j869833",
          "j746827",
          "j789952",
          "j607970",
          "j738582",
          "j621797",
          "j754812",
          "j863275",
          "j708157",
          "j684471",
          "j592608",
          "j814549",
          "j600570",
          "j789894",
          "j618442",
          "j916175",
          "j604302",
          "j485948",
          "j878638",
          "j899149",
          "j776646",
          "j680653",
          "j570995",
          "j827233",
          "j531132",
          "j564523"
        ]
      }
    },
    "jobs": {
      "j776646": {
        "id": "j776646",
        "algorithm": "BFS",
        "dataset": "datagen-7_5-fb",
        "scale": "1",
        "repetition": "3",
        "runs": [
          "r540651",
          "r571747",
          "r478193"
        ]
      },
      "j814549": {
        "id": "j814549",
        "algorithm": "CDLP",
        "dataset": "dota-league",
        "scale": "1",
        "repetition": "3",
        "runs": [
          "r903790",
          "r569670",
          "r632581"
        ]
      },
      "j893807": {
        "id": "j893807",
        "algorithm": "SSSP",
        "dataset": "datagen-7_6-fb",
        "scale": "1",
        "repetition": "3",
        "runs": [
          "r838885",
          "r662391",
          "r868275"
        ]
      },
      "j878638": {
        "id": "j878638",
        "algorithm": "WCC",
        "dataset": "graph500-22",
        "scale": "1",
        "repetition": "3",
        "runs": [
          "r759132",
          "r611055",
          "r487080"
        ]
      },
      "j869833": {
        "id": "j869833",
        "algorithm": "SSSP",
        "dataset": "dota-league",
        "scale": "1",
        "repetition": "3",
        "runs": [
          "r607651",
          "r616434",
          "r838104"
        ]
      },
      "j863275": {
        "id": "j863275",
        "algorithm": "PR",
        "dataset": "datagen-7_9-fb",
        "scale": "1",
        "repetition": "3",
        "runs": [
          "r632265",
          "r485744",
          "r815441"
        ]
      },
      "j604302": {
        "id": "j604302",
        "algorithm": "WCC",
        "dataset": "datagen-7_8-zf",
        "scale": "1",
        "repetition": "3",
        "runs": [
          "r672007",
          "r583417",
          "r821829"
        ]
      },
      "j570995": {
        "id": "j570995",
        "algorithm": "BFS",
        "dataset": "datagen-7_8-zf",
        "scale": "1",
        "repetition": "3",
        "runs": [
          "r895055",
          "r773665",
          "r888907"
        ]
      },
      "j627364": {
        "id": "j627364",
        "algorithm": "LCC",
        "dataset": "datagen-7_5-fb",
        "scale": "1",
        "repetition": "3",
        "runs": [
          "r646696",
          "r676307",
          "r657384"
        ]
      },
      "j787158": {
        "id": "j787158",
        "algorithm": "LCC",
        "dataset": "graph500-22",
        "scale": "1",
        "repetition": "3",
        "runs": [
          "r762971",
          "r681948",
          "r619108"
        ]
      },
      "j789952": {
        "id": "j789952",
        "algorithm": "PR",
        "dataset": "datagen-7_5-fb",
        "scale": "1",
        "repetition": "3",
        "runs": [
          "r915069",
          "r617532",
          "r781856"
        ]
      },
      "j618442": {
        "id": "j618442",
        "algorithm": "WCC",
        "dataset": "datagen-7_5-fb",
        "scale": "1",
        "repetition": "3",
        "runs": [
          "r784123",
          "r696080",
          "r503972"
        ]
      },
      "j592608": {
        "id": "j592608",
        "algorithm": "CDLP",
        "dataset": "datagen-7_8-zf",
        "scale": "1",
        "repetition": "3",
        "runs": [
          "r858722",
          "r719525",
          "r532721"
        ]
      },
      "j789894": {
        "id": "j789894",
        "algorithm": "CDLP",
        "dataset": "datagen-7_9-fb",
        "scale": "1",
        "repetition": "3",
        "runs": [
          "r571803",
          "r910308",
          "r463746"
        ]
      },
      "j564523": {
        "id": "j564523",
        "algorithm": "BFS",
        "dataset": "datagen-7_9-fb",
        "scale": "1",
        "repetition": "3",
        "runs": [
          "r783438",
          "r479717",
          "r856903"
        ]
      },
      "j754812": {
        "id": "j754812",
        "algorithm": "PR",
        "dataset": "graph500-22",
        "scale": "1",
        "repetition": "3",
        "runs": [
          "r667597",
          "r588277",
          "r781053"
        ]
      },
      "j916724": {
        "id": "j916724",
        "algorithm": "LCC",
        "dataset": "datagen-7_6-fb",
        "scale": "1",
        "repetition": "3",
        "runs": [
          "r627511",
          "r727708",
          "r769055"
        ]
      },
      "j684471": {
        "id": "j684471",
        "algorithm": "CDLP",
        "dataset": "datagen-7_6-fb",
        "scale": "1",
        "repetition": "3",
        "runs": [
          "r916258",
          "r705052",
          "r807304"
        ]
      },
      "j827233": {
        "id": "j827233",
        "algorithm": "BFS",
        "dataset": "dota-league",
        "scale": "1",
        "repetition": "3",
        "runs": [
          "r896611",
          "r785714",
          "r700769"
        ]
      },
      "j720096": {
        "id": "j720096",
        "algorithm": "LCC",
        "dataset": "datagen-7_9-fb",
        "scale": "1",
        "repetition": "3",
        "runs": [
          "r724314",
          "r550498",
          "r578521"
        ]
      },
      "j738582": {
        "id": "j738582",
        "algorithm": "PR",
        "dataset": "datagen-7_8-zf",
        "scale": "1",
        "repetition": "3",
        "runs": [
          "r553003",
          "r816348",
          "r652078"
        ]
      },
      "j607970": {
        "id": "j607970",
        "algorithm": "PR",
        "dataset": "datagen-7_6-fb",
        "scale": "1",
        "repetition": "3",
        "runs": [
          "r536910",
          "r905702",
          "r702207"
        ]
      },
      "j485948": {
        "id": "j485948",
        "algorithm": "WCC",
        "dataset": "dota-league",
        "scale": "1",
        "repetition": "3",
        "runs": [
          "r787377",
          "r771988",
          "r496795"
        ]
      },
      "j899149": {
        "id": "j899149",
        "algorithm": "WCC",
        "dataset": "datagen-7_9-fb",
        "scale": "1",
        "repetition": "3",
        "runs": [
          "r702784",
          "r564007",
          "r902565"
        ]
      },
      "j903990": {
        "id": "j903990",
        "algorithm": "SSSP",
        "dataset": "datagen-7_8-zf",
        "scale": "1",
        "repetition": "3",
        "runs": [
          "r490353",
          "r697696",
          "r629713"
        ]
      },
      "j746827": {
        "id": "j746827",
        "algorithm": "SSSP",
        "dataset": "datagen-7_9-fb",
        "scale": "1",
        "repetition": "3",
        "runs": [
          "r597324",
          "r793096",
          "r567846"
        ]
      },
      "j531132": {
        "id": "j531132",
        "algorithm": "BFS",
        "dataset": "graph500-22",
        "scale": "1",
        "repetition": "3",
        "runs": [
          "r806842",
          "r523934",
          "r602712"
        ]
      },
      "j758644": {
        "id": "j758644",
        "algorithm": "LCC",
        "dataset": "dota-league",
        "scale": "1",
        "repetition": "3",
        "runs": [
          "r556024",
          "r584293",
          "r698037"
        ]
      },
      "j708157": {
        "id": "j708157",
        "algorithm": "CDLP",
        "dataset": "datagen-7_5-fb",
        "scale": "1",
        "repetition": "3",
        "runs": [
          "r651503",
          "r585133",
          "r815105"
        ]
      },
      "j680653": {
        "id": "j680653",
        "algorithm": "BFS",
        "dataset": "datagen-7_6-fb",
        "scale": "1",
        "repetition": "3",
        "runs": [
          "r597228",
          "r494800",
          "r596484"
        ]
      },
      "j461705": {
        "id": "j461705",
        "algorithm": "LCC",
        "dataset": "datagen-7_8-zf",
        "scale": "1",
        "repetition": "3",
        "runs": [
          "r780311",
          "r765822",
          "r764052"
        ]
      },
      "j600570": {
        "id": "j600570",
        "algorithm": "CDLP",
        "dataset": "graph500-22",
        "scale": "1",
        "repetition": "3",
        "runs": [
          "r563386",
          "r539885",
          "r668898"
        ]
      },
      "j621797": {
        "id": "j621797",
        "algorithm": "PR",
        "dataset": "dota-league",
        "scale": "1",
        "repetition": "3",
        "runs": [
          "r503462",
          "r795681",
          "r666225"
        ]
      },
      "j699089": {
        "id": "j699089",
        "algorithm": "SSSP",
        "dataset": "datagen-7_5-fb",
        "scale": "1",
        "repetition": "3",
        "runs": [
          "r916280",
          "r584833",
          "r783459"
        ]
      },
      "j916175": {
        "id": "j916175",
        "algorithm": "WCC",
        "dataset": "datagen-7_6-fb",
        "scale": "1",
        "repetition": "3",
        "runs": [
          "r726853",
          "r844260",
          "r634626"
        ]
      }
    },
    "runs": {
      "r896611": {
        "id": "r896611",
        "timestamp": "1687273860541",
        "success": "true",
        "load_time": "0.000",
        "makespan": "19.798",
        "processing_time": "0.009"
      },
      "r494800": {
        "id": "r494800",
        "timestamp": "1687271970468",
        "success": "true",
        "load_time": "0.000",
        "makespan": "23.038",
        "processing_time": "0.003"
      },
      "r719525": {
        "id": "r719525",
        "timestamp": "1687272916689",
        "success": "true",
        "load_time": "0.000",
        "makespan": "45.796",
        "processing_time": "0.120"
      },
      "r765822": {
        "id": "r765822",
        "timestamp": "1687272849666",
        "success": "true",
        "load_time": "0.000",
        "makespan": "47.291",
        "processing_time": "0.009"
      },
      "r532721": {
        "id": "r532721",
        "timestamp": "1687272562568",
        "success": "true",
        "load_time": "0.000",
        "makespan": "46.439",
        "processing_time": "0.120"
      },
      "r584293": {
        "id": "r584293",
        "timestamp": "1687274023642",
        "success": "true",
        "load_time": "0.000",
        "makespan": "21.431",
        "processing_time": "0.432"
      },
      "r463746": {
        "id": "r463746",
        "timestamp": "1687275374397",
        "success": "true",
        "load_time": "0.000",
        "makespan": "34.407",
        "processing_time": "0.136"
      },
      "r539885": {
        "id": "r539885",
        "timestamp": "1687274600968",
        "success": "true",
        "load_time": "0.000",
        "makespan": "28.669",
        "processing_time": "0.124"
      },
      "r607651": {
        "id": "r607651",
        "timestamp": "1687274318826",
        "success": "true",
        "load_time": "0.000",
        "makespan": "22.857",
        "processing_time": "0.039"
      },
      "r727708": {
        "id": "r727708",
        "timestamp": "1687272187609",
        "success": "true",
        "load_time": "0.000",
        "makespan": "24.163",
        "processing_time": "0.017"
      },
      "r666225": {
        "id": "r666225",
        "timestamp": "1687273827521",
        "success": "true",
        "load_time": "0.000",
        "makespan": "20.011",
        "processing_time": "0.019"
      },
      "r785714": {
        "id": "r785714",
        "timestamp": "1687274286806",
        "success": "true",
        "load_time": "0.000",
        "makespan": "19.394",
        "processing_time": "0.009"
      },
      "r724314": {
        "id": "r724314",
        "timestamp": "1687275278356",
        "success": "true",
        "load_time": "0.000",
        "makespan": "35.553",
        "processing_time": "0.031"
      },
      "r726853": {
        "id": "r726853",
        "timestamp": "1687272006496",
        "success": "true",
        "load_time": "0.000",
        "makespan": "22.635",
        "processing_time": "0.003"
      },
      "r764052": {
        "id": "r764052",
        "timestamp": "1687273327826",
        "success": "true",
        "load_time": "0.000",
        "makespan": "46.833",
        "processing_time": "0.009"
      },
      "r807304": {
        "id": "r807304",
        "timestamp": "1687272369713",
        "success": "true",
        "load_time": "0.000",
        "makespan": "22.306",
        "processing_time": "0.110"
      },
      "r759132": {
        "id": "r759132",
        "timestamp": "1687274511926",
        "success": "true",
        "load_time": "0.000",
        "makespan": "27.656",
        "processing_time": "0.006"
      },
      "r815441": {
        "id": "r815441",
        "timestamp": "1687275327376",
        "success": "true",
        "load_time": "0.000",
        "makespan": "33.754",
        "processing_time": "0.009"
      },
      "r916280": {
        "id": "r916280",
        "timestamp": "1687271310096",
        "success": "true",
        "load_time": "0.001",
        "makespan": "22.892",
        "processing_time": "0.003"
      },
      "r905702": {
        "id": "r905702",
        "timestamp": "1687272151590",
        "success": "true",
        "load_time": "0.000",
        "makespan": "23.026",
        "processing_time": "0.007"
      },
      "r646696": {
        "id": "r646696",
        "timestamp": "1687271688270",
        "success": "true",
        "load_time": "0.000",
        "makespan": "21.183",
        "processing_time": "0.013"
      },
      "r672007": {
        "id": "r672007",
        "timestamp": "1687272695613",
        "success": "true",
        "load_time": "0.000",
        "makespan": "46.403",
        "processing_time": "0.015"
      },
      "r585133": {
        "id": "r585133",
        "timestamp": "1687271451137",
        "success": "true",
        "load_time": "0.000",
        "makespan": "20.521",
        "processing_time": "0.094"
      },
      "r619108": {
        "id": "r619108",
        "timestamp": "1687274726029",
        "success": "true",
        "load_time": "0.000",
        "makespan": "30.698",
        "processing_time": "0.074"
      },
      "r632581": {
        "id": "r632581",
        "timestamp": "1687274156724",
        "success": "true",
        "load_time": "0.000",
        "makespan": "19.613",
        "processing_time": "0.095"
      },
      "r780311": {
        "id": "r780311",
        "timestamp": "1687272981713",
        "success": "true",
        "load_time": "0.000",
        "makespan": "46.644",
        "processing_time": "0.009"
      },
      "r769055": {
        "id": "r769055",
        "timestamp": "1687272114571",
        "success": "true",
        "load_time": "0.000",
        "makespan": "23.771",
        "processing_time": "0.017"
      },
      "r567846": {
        "id": "r567846",
        "timestamp": "1687275914640",
        "success": "true",
        "load_time": "0.000",
        "makespan": "40.467",
        "processing_time": "0.005"
      },
      "r915069": {
        "id": "r915069",
        "timestamp": "1687271825346",
        "success": "true",
        "load_time": "0.000",
        "makespan": "20.349",
        "processing_time": "0.009"
      },
      "r553003": {
        "id": "r553003",
        "timestamp": "1687273545895",
        "success": "true",
        "load_time": "0.000",
        "makespan": "45.638",
        "processing_time": "0.008"
      },
      "r588277": {
        "id": "r588277",
        "timestamp": "1687274426885",
        "success": "true",
        "load_time": "0.000",
        "makespan": "28.883",
        "processing_time": "0.011"
      },
      "r773665": {
        "id": "r773665",
        "timestamp": "1687273480872",
        "success": "true",
        "load_time": "0.000",
        "makespan": "46.194",
        "processing_time": "0.011"
      },
      "r902565": {
        "id": "r902565",
        "timestamp": "1687275229335",
        "success": "true",
        "load_time": "0.000",
        "makespan": "34.814",
        "processing_time": "0.005"
      },
      "r550498": {
        "id": "r550498",
        "timestamp": "1687275469438",
        "success": "true",
        "load_time": "0.000",
        "makespan": "37.192",
        "processing_time": "0.032"
      },
      "r700769": {
        "id": "r700769",
        "timestamp": "1687274221765",
        "success": "true",
        "load_time": "0.000",
        "makespan": "19.995",
        "processing_time": "0.009"
      },
      "r702784": {
        "id": "r702784",
        "timestamp": "1687275757561",
        "success": "true",
        "load_time": "0.000",
        "makespan": "34.117",
        "processing_time": "0.005"
      },
      "r783438": {
        "id": "r783438",
        "timestamp": "1687275614500",
        "success": "true",
        "load_time": "0.000",
        "makespan": "34.621",
        "processing_time": "0.004"
      },
      "r503462": {
        "id": "r503462",
        "timestamp": "1687274123703",
        "success": "true",
        "load_time": "0.000",
        "makespan": "19.898",
        "processing_time": "0.019"
      },
      "r611055": {
        "id": "r611055",
        "timestamp": "1687274813070",
        "success": "true",
        "load_time": "0.000",
        "makespan": "27.974",
        "processing_time": "0.006"
      },
      "r784123": {
        "id": "r784123",
        "timestamp": "1687271722288",
        "success": "true",
        "load_time": "0.000",
        "makespan": "20.218",
        "processing_time": "0.003"
      },
      "r868275": {
        "id": "r868275",
        "timestamp": "1687272441755",
        "success": "true",
        "load_time": "0.000",
        "makespan": "25.966",
        "processing_time": "0.004"
      },
      "r485744": {
        "id": "r485744",
        "timestamp": "1687275129294",
        "success": "true",
        "load_time": "0.000",
        "makespan": "35.255",
        "processing_time": "0.009"
      },
      "r536910": {
        "id": "r536910",
        "timestamp": "1687272224629",
        "success": "true",
        "load_time": "0.000",
        "makespan": "23.208",
        "processing_time": "0.007"
      },
      "r668898": {
        "id": "r668898",
        "timestamp": "1687274684008",
        "success": "true",
        "load_time": "0.000",
        "makespan": "28.409",
        "processing_time": "0.125"
      },
      "r856903": {
        "id": "r856903",
        "timestamp": "1687275662521",
        "success": "true",
        "load_time": "0.000",
        "makespan": "33.982",
        "processing_time": "0.004"
      },
      "r487080": {
        "id": "r487080",
        "timestamp": "1687274986152",
        "success": "true",
        "load_time": "0.000",
        "makespan": "28.206",
        "processing_time": "0.006"
      },
      "r662391": {
        "id": "r662391",
        "timestamp": "1687272519797",
        "success": "true",
        "load_time": "0.000",
        "makespan": "26.051",
        "processing_time": "0.004"
      },
      "r821829": {
        "id": "r821829",
        "timestamp": "1687273048736",
        "success": "true",
        "load_time": "0.000",
        "makespan": "45.371",
        "processing_time": "0.014"
      },
      "r583417": {
        "id": "r583417",
        "timestamp": "1687273394849",
        "success": "true",
        "load_time": "0.000",
        "makespan": "49.387",
        "processing_time": "0.013"
      },
      "r698037": {
        "id": "r698037",
        "timestamp": "1687274057663",
        "success": "true",
        "load_time": "0.000",
        "makespan": "21.384",
        "processing_time": "0.421"
      },
      "r806842": {
        "id": "r806842",
        "timestamp": "1687274899111",
        "success": "true",
        "load_time": "0.000",
        "makespan": "28.616",
        "processing_time": "0.003"
      },
      "r563386": {
        "id": "r563386",
        "timestamp": "1687275030173",
        "success": "true",
        "load_time": "0.000",
        "makespan": "28.346",
        "processing_time": "0.123"
      },
      "r676307": {
        "id": "r676307",
        "timestamp": "1687271790326",
        "success": "true",
        "load_time": "0.000",
        "makespan": "21.741",
        "processing_time": "0.013"
      },
      "r503972": {
        "id": "r503972",
        "timestamp": "1687271859366",
        "success": "true",
        "load_time": "0.000",
        "makespan": "20.071",
        "processing_time": "0.003"
      },
      "r652078": {
        "id": "r652078",
        "timestamp": "1687272628591",
        "success": "true",
        "load_time": "0.000",
        "makespan": "46.423",
        "processing_time": "0.008"
      },
      "r787377": {
        "id": "r787377",
        "timestamp": "1687273957601",
        "success": "true",
        "load_time": "0.000",
        "makespan": "19.977",
        "processing_time": "0.006"
      },
      "r597324": {
        "id": "r597324",
        "timestamp": "1687275860602",
        "success": "true",
        "load_time": "0.000",
        "makespan": "40.738",
        "processing_time": "0.004"
      },
      "r903790": {
        "id": "r903790",
        "timestamp": "1687274188746",
        "success": "true",
        "load_time": "0.000",
        "makespan": "20.271",
        "processing_time": "0.094"
      },
      "r771988": {
        "id": "r771988",
        "timestamp": "1687273990621",
        "success": "true",
        "load_time": "0.000",
        "makespan": "19.894",
        "processing_time": "0.006"
      },
      "r578521": {
        "id": "r578521",
        "timestamp": "1687275178315",
        "success": "true",
        "load_time": "0.000",
        "makespan": "37.400",
        "processing_time": "0.030"
      },
      "r816348": {
        "id": "r816348",
        "timestamp": "1687273260803",
        "success": "true",
        "load_time": "0.000",
        "makespan": "46.599",
        "processing_time": "0.009"
      },
      "r702207": {
        "id": "r702207",
        "timestamp": "1687272078553",
        "success": "true",
        "load_time": "0.000",
        "makespan": "22.422",
        "processing_time": "0.007"
      },
      "r696080": {
        "id": "r696080",
        "timestamp": "1687271519181",
        "success": "true",
        "load_time": "0.000",
        "makespan": "20.316",
        "processing_time": "0.003"
      },
      "r667597": {
        "id": "r667597",
        "timestamp": "1687274771049",
        "success": "true",
        "load_time": "0.000",
        "makespan": "27.829",
        "processing_time": "0.012"
      },
      "r617532": {
        "id": "r617532",
        "timestamp": "1687271756306",
        "success": "true",
        "load_time": "0.000",
        "makespan": "20.638",
        "processing_time": "0.006"
      },
      "r793096": {
        "id": "r793096",
        "timestamp": "1687275806582",
        "success": "true",
        "load_time": "0.000",
        "makespan": "40.347",
        "processing_time": "0.005"
      },
      "r838885": {
        "id": "r838885",
        "timestamp": "1687272480776",
        "success": "true",
        "load_time": "0.000",
        "makespan": "26.114",
        "processing_time": "0.004"
      },
      "r783459": {
        "id": "r783459",
        "timestamp": "1687271272085",
        "success": "true",
        "load_time": "0.001",
        "makespan": "24.430",
        "processing_time": "0.004"
      },
      "r697696": {
        "id": "r697696",
        "timestamp": "1687273611919",
        "success": "true",
        "load_time": "0.000",
        "makespan": "50.664",
        "processing_time": "0.011"
      },
      "r523934": {
        "id": "r523934",
        "timestamp": "1687274857091",
        "success": "true",
        "load_time": "0.000",
        "makespan": "28.053",
        "processing_time": "0.003"
      },
      "r564007": {
        "id": "r564007",
        "timestamp": "1687275709540",
        "success": "true",
        "load_time": "0.000",
        "makespan": "33.651",
        "processing_time": "0.005"
      },
      "r490353": {
        "id": "r490353",
        "timestamp": "1687273682943",
        "success": "true",
        "load_time": "0.000",
        "makespan": "52.777",
        "processing_time": "0.011"
      },
      "r571747": {
        "id": "r571747",
        "timestamp": "1687271485158",
        "success": "true",
        "load_time": "0.000",
        "makespan": "20.833",
        "processing_time": "0.003"
      },
      "r627511": {
        "id": "r627511",
        "timestamp": "1687271897410",
        "success": "true",
        "load_time": "0.000",
        "makespan": "23.351",
        "processing_time": "0.018"
      },
      "r478193": {
        "id": "r478193",
        "timestamp": "1687271418119",
        "success": "true",
        "load_time": "0.000",
        "makespan": "20.231",
        "processing_time": "0.003"
      },
      "r844260": {
        "id": "r844260",
        "timestamp": "1687272042525",
        "success": "true",
        "load_time": "0.000",
        "makespan": "22.491",
        "processing_time": "0.004"
      },
      "r795681": {
        "id": "r795681",
        "timestamp": "1687274091683",
        "success": "true",
        "load_time": "0.000",
        "makespan": "19.637",
        "processing_time": "0.019"
      },
      "r681948": {
        "id": "r681948",
        "timestamp": "1687274555947",
        "success": "true",
        "load_time": "0.000",
        "makespan": "30.834",
        "processing_time": "0.074"
      },
      "r657384": {
        "id": "r657384",
        "timestamp": "1687271586218",
        "success": "true",
        "load_time": "0.000",
        "makespan": "21.664",
        "processing_time": "0.013"
      },
      "r602712": {
        "id": "r602712",
        "timestamp": "1687274469905",
        "success": "true",
        "load_time": "0.000",
        "makespan": "28.026",
        "processing_time": "0.003"
      },
      "r616434": {
        "id": "r616434",
        "timestamp": "1687274390866",
        "success": "true",
        "load_time": "0.000",
        "makespan": "23.021",
        "processing_time": "0.040"
      },
      "r632265": {
        "id": "r632265",
        "timestamp": "1687275080273",
        "success": "true",
        "load_time": "0.000",
        "makespan": "35.835",
        "processing_time": "0.010"
      },
      "r895055": {
        "id": "r895055",
        "timestamp": "1687273132759",
        "success": "true",
        "load_time": "0.000",
        "makespan": "45.459",
        "processing_time": "0.009"
      },
      "r597228": {
        "id": "r597228",
        "timestamp": "1687272296671",
        "success": "true",
        "load_time": "0.000",
        "makespan": "23.027",
        "processing_time": "0.003"
      },
      "r569670": {
        "id": "r569670",
        "timestamp": "1687274254786",
        "success": "true",
        "load_time": "0.000",
        "makespan": "19.645",
        "processing_time": "0.094"
      },
      "r762971": {
        "id": "r762971",
        "timestamp": "1687274941132",
        "success": "true",
        "load_time": "0.000",
        "makespan": "30.535",
        "processing_time": "0.075"
      },
      "r910308": {
        "id": "r910308",
        "timestamp": "1687275567480",
        "success": "true",
        "load_time": "0.000",
        "makespan": "34.265",
        "processing_time": "0.136"
      },
      "r838104": {
        "id": "r838104",
        "timestamp": "1687274354846",
        "success": "true",
        "load_time": "0.000",
        "makespan": "22.885",
        "processing_time": "0.038"
      },
      "r781856": {
        "id": "r781856",
        "timestamp": "1687271553199",
        "success": "true",
        "load_time": "0.000",
        "makespan": "20.124",
        "processing_time": "0.006"
      },
      "r540651": {
        "id": "r540651",
        "timestamp": "1687271621235",
        "success": "true",
        "load_time": "0.000",
        "makespan": "20.167",
        "processing_time": "0.003"
      },
      "r584833": {
        "id": "r584833",
        "timestamp": "1687271346115",
        "success": "true",
        "load_time": "0.001",
        "makespan": "22.505",
        "processing_time": "0.004"
      },
      "r705052": {
        "id": "r705052",
        "timestamp": "1687271934439",
        "success": "true",
        "load_time": "0.000",
        "makespan": "22.390",
        "processing_time": "0.106"
      },
      "r781053": {
        "id": "r781053",
        "timestamp": "1687274641988",
        "success": "true",
        "load_time": "0.000",
        "makespan": "27.753",
        "processing_time": "0.012"
      },
      "r479717": {
        "id": "r479717",
        "timestamp": "1687275422417",
        "success": "true",
        "load_time": "0.000",
        "makespan": "34.097",
        "processing_time": "0.004"
      },
      "r596484": {
        "id": "r596484",
        "timestamp": "1687272405734",
        "success": "true",
        "load_time": "0.000",
        "makespan": "22.587",
        "processing_time": "0.003"
      },
      "r634626": {
        "id": "r634626",
        "timestamp": "1687272260650",
        "success": "true",
        "load_time": "0.000",
        "makespan": "22.183",
        "processing_time": "0.004"
      },
      "r629713": {
        "id": "r629713",
        "timestamp": "1687273755965",
        "success": "true",
        "load_time": "0.000",
        "makespan": "49.967",
        "processing_time": "0.012"
      },
      "r496795": {
        "id": "r496795",
        "timestamp": "1687273925581",
        "success": "true",
        "load_time": "0.000",
        "makespan": "19.631",
        "processing_time": "0.006"
      },
      "r571803": {
        "id": "r571803",
        "timestamp": "1687275520459",
        "success": "true",
        "load_time": "0.000",
        "makespan": "33.894",
        "processing_time": "0.139"
      },
      "r815105": {
        "id": "r815105",
        "timestamp": "1687271654253",
        "success": "true",
        "load_time": "0.000",
        "makespan": "20.585",
        "processing_time": "0.095"
      },
      "r858722": {
        "id": "r858722",
        "timestamp": "1687273196781",
        "success": "true",
        "load_time": "0.000",
        "makespan": "45.063",
        "processing_time": "0.118"
      },
      "r556024": {
        "id": "r556024",
        "timestamp": "1687273892561",
        "success": "true",
        "load_time": "0.000",
        "makespan": "21.240",
        "processing_time": "0.417"
      },
      "r651503": {
        "id": "r651503",
        "timestamp": "1687271385100",
        "success": "true",
        "load_time": "0.000",
        "makespan": "20.069",
        "processing_time": "0.095"
      },
      "r916258": {
        "id": "r916258",
        "timestamp": "1687272332692",
        "success": "true",
        "load_time": "0.000",
        "makespan": "23.481",
        "processing_time": "0.110"
      },
      "r888907": {
        "id": "r888907",
        "timestamp": "1687272783638",
        "success": "true",
        "load_time": "0.000",
        "makespan": "46.899",
        "processing_time": "0.010"
      }
    }
  }
}