{
  "id": "b544560",
  "specification": "1.0.0",
  "description": "Libgrape-lite LDBC Benchmark",
  "system": {
    "platform": {
      "name": "libgrape-lite",
      "acronym": "libgrape",
      "version": "0.3.1",
      "link": "https://github.com/alibaba/libgrape-lite"
    },
    "environment": {
      "name": "ecs.r7.16xlarge",
      "acronym": "r7",
      "version": "1.0.0",
      "link": "https://help.aliyun.com/document_detail/25378.html?spm\u003d5176.ecsnewbuy.help.dexternal.155d3675Y8BpwF#r7\"",
      "machines": [
        {
          "quantity": "4",
          "cpu": "Intel(R) Xeon(R) Platinum 8369B CPU @ 2.70GHz",
          "memory": "512GiB",
          "network": "VPC",
          "storage": "Cloud Parallel File Storage"
        }
      ]
    },
    "tool": {
      "graphalytics-core": {
        "name": "graphalytics-core",
        "version": "1.10.0",
        "link": "https://github.com/ldbc/ldbc_graphalytics"
      },
      "graphalytics-platforms-libgrape": {
        "name": "graphalytics-platforms-libgrape",
        "version": "0.4-SNAPSHOT",
        "link": "https://github.com/alibaba/libgrape-lite"
      }
    },
    "pricing": "114656.82"
  },
  "benchmark": {
    "type": "custom",
    "name": "Benchmark for dataset size M",
    "duration": "5011060",
    "timeout": "1800",
    "resources": {},
    "output": {
      "required": "-",
      "directory": "./output"
    },
    "validation": {
      "required": "-",
      "directory": "/mnt/nas/ldbc_graphalytics_datasets"
    },
    "configurations": {
      "graph.graph500-30.cdlp.max-iterations": "10",
      "graph.datagen-7_6-fb.sssp.source-vertex": "6",
      "environment.machine.memory": "512GiB",
      "graph.datagen-8_3-zf.cdlp.max-iterations": "10",
      "graph.datagen-9_4-fb.sssp.weight-property": "weight",
      "graph.datagen-8_4-fb.meta.vertices": "3809084",
      "graph.graph500-27.meta.vertices": "63081040",
      "graph.datagen-7_6-fb.bfs.source-vertex": "6",
      "graph.graph500-24.edge-file": "graph500-24.e",
      "graph.datagen-8_4-fb.vertex-file": "datagen-8_4-fb.v",
      "graph.datagen-9_1-fb.meta.vertices": "16087483",
      "graph.datagen-8_3-zf.edge-file": "datagen-8_3-zf.e",
      "graph.graph500-22.meta.vertices": "2396657",
      "graph.com-friendster.cdlp.max-iterations": "10",
      "graph.com-friendster.bfs.source-vertex": "101",
      "graph.datagen-7_9-fb.vertex-file": "datagen-7_9-fb.v",
      "graph.datagen-7_9-fb.meta.edges": "85670523",
      "environment.machine.quantity": "2",
      "graph.datagen-7_5-fb.sssp.weight-property": "weight",
      "graph.graph500-24.algorithms": "bfs",
      "environment.machine.storage": "Cloud Parallel File Storage",
      "graph.graph500-29.pr.damping-factor": "0.85",
      "graphs.validation-directory": "/mnt/nas/ldbc_graphalytics_datasets",
      "benchmark.runner.max-memory": "",
      "graph.datagen-8_1-fb.sssp.weight-property": "weight",
      "graph.datagen-8_0-fb.cdlp.max-iterations": "10",
      "graph.datagen-sf3k-fb.pr.num-iterations": "10",
      "graph.datagen-8_1-fb.edge-properties.types": "real",
      "graph.graph500-23.edge-file": "graph500-23.e",
      "graph.datagen-8_3-zf.meta.vertices": "53525014",
      "graph.datagen-8_1-fb.algorithms": "bfs",
      "graph.datagen-7_7-zf.meta.edges": "32791267",
      "graph.graph500-28.pr.damping-factor": "0.85",
      "graph.datagen-9_2-zf.vertex-file": "datagen-9_2-zf.v",
      "graph.datagen-sf3k-fb.pr.damping-factor": "0.85",
      "graph.dota-league.cdlp.max-iterations": "10",
      "graph.graph500-22.cdlp.max-iterations": "10",
      "graph.graph500-23.algorithms": "bfs",
      "graph.graph500-22.edge-file": "graph500-22.e",
      "graph.datagen-8_0-fb.edge-properties.names": "weight",
      "graph.graph500-27.pr.damping-factor": "0.85",
      "graph.dota-league.bfs.source-vertex": "287770",
      "graph.datagen-8_0-fb.meta.vertices": "1706561",
      "graph.datagen-9_4-fb.edge-properties.types": "real",
      "graph.datagen-sf10k-fb.directed": "false",
      "graph.datagen-8_0-fb.algorithms": "bfs",
      "graph.datagen-7_7-zf.algorithms": "bfs",
      "graph.graph500-30.edge-file": "graph500-30.e",
      "graph.datagen-7_6-fb.meta.vertices": "754147",
      "graph.datagen-8_0-fb.bfs.source-vertex": "6",
      "graph.graph500-28.pr.num-iterations": "10",
      "graph.twitter_mpi.cdlp.max-iterations": "10",
      "graph.datagen-7_9-fb.cdlp.max-iterations": "10",
      "graph.graph500-22.bfs.source-vertex": "248533",
      "graph.graph500-30.pr.damping-factor": "0.85",
      "benchmark.name": "Benchmark for dataset size M",
      "graph.datagen-9_1-fb.edge-properties.types": "real",
      "graph.datagen-sf10k-fb.algorithms": "bfs",
      "graph.datagen-sf10k-fb.vertex-file": "datagen-sf10k-fb.v",
      "graph.datagen-sf10k-fb.edge-properties.types": "real",
      "graph.datagen-7_7-zf.sssp.source-vertex": "6",
      "graph.datagen-8_4-fb.pr.num-iterations": "10",
      "graph.com-friendster.meta.edges": "1806067135",
      "graph.graph500-26.meta.vertices": "32804978",
      "benchmark.custom.timeout": "1800",
      "graph.datagen-7_5-fb.bfs.source-vertex": "6",
      "graph.datagen-9_0-fb.edge-file": "datagen-9_0-fb.e",
      "graph.datagen-7_8-zf.algorithms": "bfs",
      "graph.datagen-9_2-zf.sssp.weight-property": "weight",
      "graph.datagen-8_1-fb.edge-file": "datagen-8_1-fb.e",
      "graph.datagen-9_2-zf.sssp.source-vertex": "6",
      "graph.datagen-7_8-zf.sssp.weight-property": "weight",
      "graph.datagen-9_1-fb.cdlp.max-iterations": "10",
      "graph.datagen-7_5-fb.algorithms": "bfs",
      "graph.graph500-24.bfs.source-vertex": "2592222",
      "graph.graph500-24.cdlp.max-iterations": "10",
      "platform.name": "libgrape-lite",
      "graph.datagen-7_6-fb.edge-file": "datagen-7_6-fb.e",
      "graph.datagen-9_2-zf.bfs.source-vertex": "6",
      "graph.datagen-sf10k-fb.cdlp.max-iterations": "10",
      "graph.dota-league.meta.vertices": "61170",
      "graph.datagen-8_3-zf.edge-properties.types": "real",
      "graph.datagen-7_7-zf.meta.vertices": "13180508",
      "graph.datagen-7_5-fb.meta.edges": "34185747",
      "graph.datagen-9_4-fb.sssp.source-vertex": "6",
      "graph.datagen-8_2-zf.meta.vertices": "43734497",
      "graph.datagen-7_8-zf.edge-file": "datagen-7_8-zf.e",
      "graph.graph500-26.meta.edges": "1051922853",
      "graph.datagen-8_2-zf.vertex-file": "datagen-8_2-zf.v",
      "graph.datagen-9_2-zf.pr.damping-factor": "0.85",
      "graph.datagen-9_3-zf.pr.num-iterations": "10",
      "graph.datagen-9_3-zf.edge-properties.types": "real",
      "graph.graph500-30.directed": "false",
      "graph.graph500-28.meta.vertices": "121242388",
      "graph.graph500-30.meta.vertices": "447797986",
      "graph.datagen-9_4-fb.cdlp.max-iterations": "10",
      "graph.datagen-9_1-fb.algorithms": "bfs",
      "benchmark.custom.algorithms": "BFS",
      "graph.datagen-7_5-fb.edge-properties.names": "weight",
      "graph.datagen-9_3-zf.bfs.source-vertex": "6",
      "graph.datagen-8_2-zf.bfs.source-vertex": "6",
      "graph.twitter_mpi.meta.edges": "1963263508",
      "graph.graph500-27.pr.num-iterations": "10",
      "graph.datagen-7_7-zf.edge-properties.names": "weight",
      "graph.datagen-9_4-fb.edge-properties.names": "weight",
      "graph.dota-league.edge-properties.types": "real",
      "graph.datagen-9_3-zf.vertex-file": "datagen-9_3-zf.v",
      "graph.datagen-9_4-fb.vertex-file": "datagen-9_4-fb.v",
      "graph.datagen-7_9-fb.edge-properties.names": "weight",
      "graph.datagen-9_2-zf.directed": "false",
      "graph.datagen-8_2-zf.sssp.source-vertex": "6",
      "graph.datagen-9_2-zf.edge-file": "datagen-9_2-zf.e",
      "graph.graph500-26.cdlp.max-iterations": "10",
      "graph.datagen-9_3-zf.edge-file": "datagen-9_3-zf.e",
      "graph.datagen-sf3k-fb.algorithms": "bfs",
      "graph.graph500-26.bfs.source-vertex": "62455266",
      "graph.datagen-9_2-zf.cdlp.max-iterations": "10",
      "graph.datagen-8_1-fb.pr.damping-factor": "0.85",
      "graph.graph500-26.algorithms": "bfs",
      "graph.datagen-7_9-fb.edge-properties.types": "real",
      "environment.name": "ecs.r7.16xlarge",
      "graph.datagen-8_3-zf.sssp.source-vertex": "6",
      "graphs.output-directory": "./output",
      "graph.datagen-9_4-fb.meta.vertices": "29310565",
      "graph.datagen-sf3k-fb.meta.edges": "2912009743",
      "graph.datagen-sf3k-fb.edge-properties.names": "weight",
      "graph.datagen-8_4-fb.pr.damping-factor": "0.85",
      "graph.graph500-27.bfs.source-vertex": "0",
      "graph.datagen-8_4-fb.sssp.weight-property": "weight",
      "graph.graph500-27.cdlp.max-iterations": "10",
      "graph.datagen-8_1-fb.meta.edges": "134267822",
      "graph.graph500-30.pr.num-iterations": "10",
      "graph.graph500-30.vertex-file": "graph500-30.v",
      "graph.datagen-7_6-fb.cdlp.max-iterations": "10",
      "graph.graph500-22.pr.damping-factor": "0.85",
      "graph.datagen-sf3k-fb.bfs.source-vertex": "933",
      "graph.graph500-29.edge-file": "graph500-29.e",
      "graph.twitter_mpi.algorithms": "bfs",
      "graph.graph500-22.meta.edges": "64155735",
      "graph.datagen-7_5-fb.directed": "false",
      "graph.datagen-8_0-fb.pr.num-iterations": "10",
      "graph.datagen-9_2-zf.meta.vertices": "434943376",
      "graph.graph500-28.directed": "false",
      "graph.datagen-7_7-zf.pr.damping-factor": "0.85",
      "graph.datagen-7_8-zf.edge-properties.types": "real",
      "graph.datagen-8_4-fb.algorithms": "bfs",
      "graph.datagen-9_1-fb.pr.num-iterations": "10",
      "graph.datagen-sf10k-fb.pr.num-iterations": "10",
      "graph.datagen-sf10k-fb.sssp.source-vertex": "6",
      "graph.graph500-30.bfs.source-vertex": "0",
      "graph.datagen-7_9-fb.edge-file": "datagen-7_9-fb.e",
      "graph.datagen-7_8-zf.sssp.source-vertex": "6",
      "graph.datagen-8_4-fb.bfs.source-vertex": "6",
      "graph.datagen-7_5-fb.vertex-file": "datagen-7_5-fb.v",
      "graph.datagen-8_1-fb.meta.vertices": "2072117",
      "graph.datagen-7_9-fb.sssp.weight-property": "weight",
      "graph.dota-league.directed": "false",
      "graph.twitter_mpi.bfs.source-vertex": "420",
      "graph.graph500-28.cdlp.max-iterations": "10",
      "graph.dota-league.pr.damping-factor": "0.85",
      "graph.graph500-28.algorithms": "bfs",
      "graph.datagen-7_7-zf.cdlp.max-iterations": "10",
      "graph.datagen-9_0-fb.edge-properties.names": "weight",
      "graph.datagen-sf3k-fb.meta.vertices": "33484375",
      "graph.datagen-9_3-zf.edge-properties.names": "weight",
      "graph.twitter_mpi.edge-file": "twitter_mpi.e",
      "graph.datagen-7_5-fb.edge-properties.types": "real",
      "graph.graph500-24.pr.num-iterations": "10",
      "graph.graph500-24.meta.edges": "260379520",
      "graph.graph500-26.pr.damping-factor": "0.85",
      "graph.graph500-29.meta.vertices": "232999630",
      "graph.datagen-7_6-fb.meta.edges": "42162988",
      "graph.datagen-8_2-zf.pr.num-iterations": "10",
      "graph.datagen-sf3k-fb.edge-file": "datagen-sf3k-fb.e",
      "graph.datagen-8_0-fb.meta.edges": "107507376",
      "graph.datagen-9_0-fb.vertex-file": "datagen-9_0-fb.v",
      "graph.graph500-23.bfs.source-vertex": "7348998",
      "graph.datagen-8_3-zf.edge-properties.names": "weight",
      "graph.datagen-9_1-fb.sssp.source-vertex": "6",
      "graph.graph500-29.cdlp.max-iterations": "10",
      "graph.datagen-8_4-fb.edge-file": "datagen-8_4-fb.e",
      "graph.datagen-9_0-fb.pr.damping-factor": "0.85",
      "graph.datagen-7_8-zf.pr.num-iterations": "10",
      "graph.datagen-7_9-fb.algorithms": "bfs",
      "graph.datagen-8_1-fb.directed": "false",
      "graph.datagen-7_9-fb.directed": "false",
      "platform.acronym": "libgrape",
      "graph.datagen-7_6-fb.pr.num-iterations": "10",
      "graph.datagen-7_8-zf.vertex-file": "datagen-7_8-zf.v",
      "graph.datagen-7_5-fb.pr.damping-factor": "0.85",
      "graph.datagen-8_0-fb.edge-file": "datagen-8_0-fb.e",
      "graph.datagen-7_5-fb.edge-file": "datagen-7_5-fb.e",
      "graph.com-friendster.edge-file": "com-friendster.e",
      "graph.dota-league.sssp.weight-property": "weight",
      "graph.dota-league.edge-file": "dota-league.e",
      "graph.datagen-7_9-fb.meta.vertices": "1387587",
      "graph.datagen-8_1-fb.edge-properties.names": "weight",
      "graph.graph500-26.vertex-file": "graph500-26.v",
      "graph.graph500-27.algorithms": "bfs",
      "benchmark.type": "custom",
      "graph.datagen-8_2-zf.algorithms": "bfs",
      "graph.com-friendster.pr.damping-factor": "0.85",
      "graph.datagen-9_0-fb.algorithms": "bfs",
      "graph.graph500-28.vertex-file": "graph500-28.v",
      "graph.datagen-9_1-fb.directed": "false",
      "graph.datagen-9_3-zf.meta.edges": "1309998551",
      "graph.graph500-27.vertex-file": "graph500-27.v",
      "graph.graph500-29.vertex-file": "graph500-29.v",
      "graph.graph500-24.directed": "false",
      "graph.datagen-7_6-fb.pr.damping-factor": "0.85",
      "graph.datagen-9_4-fb.directed": "false",
      "environment.machine.cpu": "Intel(R) Xeon(R) Platinum 8369B CPU @ 2.70GHz",
      "graph.datagen-7_5-fb.pr.num-iterations": "10",
      "graph.datagen-7_6-fb.vertex-file": "datagen-7_6-fb.v",
      "graph.datagen-7_7-zf.sssp.weight-property": "weight",
      "graph.datagen-8_2-zf.cdlp.max-iterations": "10",
      "environment.acronym": "r7",
      "graph.datagen-9_0-fb.cdlp.max-iterations": "10",
      "graph.datagen-sf3k-fb.edge-properties.types": "real",
      "graph.dota-league.meta.edges": "50870313",
      "graph.datagen-8_1-fb.vertex-file": "datagen-8_1-fb.v",
      "graph.datagen-9_0-fb.meta.edges": "1049527225",
      "graph.datagen-7_8-zf.meta.vertices": "16521886",
      "graph.graph500-28.meta.edges": "4236163958",
      "graph.datagen-9_2-zf.edge-properties.types": "real",
      "graph.dota-league.sssp.source-vertex": "287770",
      "graph.datagen-sf3k-fb.sssp.weight-property": "weight",
      "graph.graph500-24.vertex-file": "graph500-24.v",
      "graph.datagen-sf3k-fb.vertex-file": "datagen-sf3k-fb.v",
      "graph.graph500-23.vertex-file": "graph500-23.v",
      "graph.graph500-27.meta.edges": "2111642032",
      "graph.graph500-22.vertex-file": "graph500-22.v",
      "graph.datagen-7_9-fb.sssp.source-vertex": "6",
      "graph.datagen-9_0-fb.sssp.source-vertex": "6",
      "graph.datagen-7_7-zf.bfs.source-vertex": "6",
      "graph.datagen-9_1-fb.bfs.source-vertex": "6",
      "graph.datagen-7_6-fb.algorithms": "bfs",
      "graph.datagen-7_8-zf.directed": "false",
      "graph.datagen-9_3-zf.sssp.weight-property": "weight",
      "graph.datagen-8_3-zf.pr.damping-factor": "0.85",
      "graphs.names": "[com-friendster, datagen-9_0-fb, datagen-9_1-fb, datagen-9_2-zf, datagen-9_3-zf, datagen-9_4-fb, datagen-sf10k-fb, datagen-sf3k-fb, graph500-26, graph500-27, graph500-28, graph500-29, graph500-30, twitter_mpi, graph500-22, dota-league, datagen-7_5-fb, datagen-7_6-fb, datagen-7_7-zf, datagen-7_8-zf, datagen-7_9-fb, graph500-23, graph500-24, datagen-8_0-fb, datagen-8_1-fb, datagen-8_2-zf, datagen-8_3-zf, datagen-8_4-fb]",
      "graph.twitter_mpi.pr.damping-factor": "0.85",
      "graph.datagen-9_0-fb.sssp.weight-property": "weight",
      "graph.datagen-8_2-zf.directed": "false",
      "graph.datagen-7_9-fb.pr.num-iterations": "10",
      "graph.datagen-8_3-zf.directed": "false",
      "platform.libgrape.nodes": "\"172.24.177.186,172.24.177.190,172.24.177.189,172.24.177.185\"",
      "graph.datagen-9_3-zf.cdlp.max-iterations": "10",
      "graph.datagen-7_6-fb.sssp.weight-property": "weight",
      "graph.datagen-7_6-fb.edge-properties.names": "weight",
      "graph.datagen-8_1-fb.cdlp.max-iterations": "10",
      "graph.datagen-8_3-zf.sssp.weight-property": "weight",
      "graph.dota-league.edge-properties.names": "weight",
      "graph.datagen-7_8-zf.bfs.source-vertex": "6",
      "graph.com-friendster.meta.vertices": "65608366",
      "graph.graph500-22.directed": "false",
      "graph.graph500-23.pr.damping-factor": "0.85",
      "graph.graph500-30.algorithms": "bfs",
      "graph.graph500-24.meta.vertices": "8870942",
      "graph.datagen-8_0-fb.vertex-file": "datagen-8_0-fb.v",
      "graph.graph500-23.cdlp.max-iterations": "10",
      "graph.datagen-9_4-fb.edge-file": "datagen-9_4-fb.e",
      "graph.graph500-28.edge-file": "graph500-28.e",
      "graph.com-friendster.pr.num-iterations": "10",
      "graph.graph500-29.directed": "false",
      "graph.twitter_mpi.pr.num-iterations": "10",
      "graph.datagen-7_8-zf.edge-properties.names": "weight",
      "benchmark.runner.port": "8014",
      "graph.datagen-8_2-zf.edge-properties.types": "real",
      "graph.datagen-9_0-fb.bfs.source-vertex": "6",
      "graph.datagen-sf3k-fb.directed": "false",
      "graph.datagen-7_9-fb.pr.damping-factor": "0.85",
      "graph.graph500-29.bfs.source-vertex": "0",
      "graph.datagen-9_0-fb.edge-properties.types": "real",
      "graph.datagen-8_4-fb.edge-properties.names": "weight",
      "graph.datagen-8_3-zf.algorithms": "bfs",
      "graph.datagen-7_5-fb.sssp.source-vertex": "6",
      "graph.datagen-sf10k-fb.sssp.weight-property": "weight",
      "graph.com-friendster.directed": "false",
      "graph.datagen-9_1-fb.vertex-file": "datagen-9_1-fb.v",
      "graph.datagen-9_2-zf.meta.edges": "1042340732",
      "graph.datagen-7_7-zf.directed": "false",
      "graph.datagen-8_0-fb.sssp.weight-property": "weight",
      "benchmark.description": "Libgrape-lite LDBC Benchmark",
      "graph.datagen-sf10k-fb.bfs.source-vertex": "933",
      "graph.graph500-22.algorithms": "bfs",
      "graph.datagen-8_3-zf.vertex-file": "datagen-8_3-zf.v",
      "graph.graph500-23.pr.num-iterations": "10",
      "graph.datagen-8_4-fb.meta.edges": "269479177",
      "benchmark.custom.validation-required": "true",
      "graph.graph500-29.meta.edges": "8493569115",
      "graph.datagen-8_1-fb.sssp.source-vertex": "6",
      "graph.datagen-9_4-fb.pr.num-iterations": "10",
      "graph.datagen-9_0-fb.meta.vertices": "12857671",
      "graph.datagen-8_2-zf.sssp.weight-property": "weight",
      "graph.datagen-7_7-zf.vertex-file": "datagen-7_7-zf.v",
      "graph.graph500-27.edge-file": "graph500-27.e",
      "graph.datagen-7_7-zf.edge-properties.types": "real",
      "graph.graph500-24.pr.damping-factor": "0.85",
      "graph.datagen-9_1-fb.edge-properties.names": "weight",
      "graph.datagen-9_2-zf.pr.num-iterations": "10",
      "graph.datagen-8_0-fb.sssp.source-vertex": "6",
      "graph.graph500-27.directed": "false",
      "graph.datagen-sf3k-fb.cdlp.max-iterations": "10",
      "benchmark.custom.graphs": "graph500-23",
      "graph.datagen-sf3k-fb.sssp.source-vertex": "6",
      "graph.datagen-9_4-fb.pr.damping-factor": "0.85",
      "graph.datagen-9_2-zf.edge-properties.names": "weight",
      "graph.datagen-9_4-fb.algorithms": "bfs",
      "environment.machine.network": "VPC",
      "graph.twitter_mpi.vertex-file": "twitter_mpi.v",
      "platform.version": "0.3.0",
      "graph.datagen-8_1-fb.bfs.source-vertex": "6",
      "graph.datagen-9_3-zf.pr.damping-factor": "0.85",
      "graph.graph500-26.edge-file": "graph500-26.e",
      "graph.datagen-8_1-fb.pr.num-iterations": "10",
      "graph.datagen-8_2-zf.pr.damping-factor": "0.85",
      "graph.datagen-9_1-fb.meta.edges": "1342158397",
      "graph.datagen-9_3-zf.directed": "false",
      "graph.graph500-30.meta.edges": "17022117362",
      "graph.datagen-8_3-zf.pr.num-iterations": "10",
      "graph.datagen-7_8-zf.pr.damping-factor": "0.85",
      "graph.datagen-8_4-fb.sssp.source-vertex": "6",
      "graph.datagen-sf10k-fb.meta.vertices": "100218750",
      "graph.datagen-8_3-zf.bfs.source-vertex": "6",
      "graph.datagen-9_1-fb.sssp.weight-property": "weight",
      "graph.graph500-26.pr.num-iterations": "10",
      "graph.graph500-26.directed": "false",
      "graph.graph500-23.meta.vertices": "4610222",
      "graph.datagen-8_0-fb.edge-properties.types": "real",
      "environment.link": "https://help.aliyun.com/document_detail/25378.html?spm\u003d5176.ecsnewbuy.help.dexternal.155d3675Y8BpwF#r7\"",
      "graph.dota-league.pr.num-iterations": "10",
      "graph.dota-league.vertex-file": "dota-league.v",
      "graph.datagen-7_7-zf.edge-file": "datagen-7_7-zf.e",
      "graph.datagen-7_8-zf.meta.edges": "41025255",
      "graph.datagen-9_3-zf.meta.vertices": "555270053",
      "graph.graph500-28.bfs.source-vertex": "0",
      "graph.datagen-9_3-zf.algorithms": "bfs",
      "graph.datagen-9_4-fb.meta.edges": "2588948669",
      "graph.datagen-8_4-fb.cdlp.max-iterations": "10",
      "platform.libgrape.home": "/mnt/nas/libgrape-lite-mid",
      "graph.twitter_mpi.directed": "true",
      "graph.datagen-7_6-fb.directed": "false",
      "platform.link": "https://github.com/alibaba/libgrape-lite",
      "graph.datagen-9_1-fb.pr.damping-factor": "0.85",
      "graph.datagen-sf10k-fb.pr.damping-factor": "0.85",
      "system.pricing": "114656.82",
      "benchmark.executor.port": "8013",
      "benchmark.custom.repetitions": "3",
      "graph.datagen-8_2-zf.meta.edges": "106440188",
      "graph.graph500-22.pr.num-iterations": "10",
      "graph.dota-league.algorithms": "bfs",
      "graph.datagen-8_0-fb.pr.damping-factor": "0.85",
      "graphs.root-directory": "/mnt/nas/ldbc_graphalytics_datasets",
      "graph.datagen-7_7-zf.pr.num-iterations": "10",
      "graph.com-friendster.vertex-file": "com-friendster.v",
      "graph.datagen-7_5-fb.meta.vertices": "633432",
      "graph.twitter_mpi.meta.vertices": "52579678",
      "graph.datagen-8_2-zf.edge-file": "datagen-8_2-zf.e",
      "graph.datagen-8_4-fb.edge-properties.types": "real",
      "graph.datagen-7_5-fb.cdlp.max-iterations": "10",
      "graph.datagen-9_2-zf.algorithms": "bfs",
      "graph.datagen-7_6-fb.edge-properties.types": "real",
      "graph.datagen-9_0-fb.pr.num-iterations": "10",
      "graph.graph500-29.algorithms": "bfs",
      "graph.datagen-8_3-zf.meta.edges": "130579909",
      "graph.datagen-9_1-fb.edge-file": "datagen-9_1-fb.e",
      "graph.datagen-9_0-fb.directed": "false",
      "graph.datagen-8_0-fb.directed": "false",
      "benchmark.custom.output-required": "true",
      "graph.datagen-7_9-fb.bfs.source-vertex": "6",
      "graph.graph500-23.meta.edges": "129333677",
      "graph.datagen-sf10k-fb.edge-properties.names": "weight",
      "graph.datagen-7_8-zf.cdlp.max-iterations": "10",
      "environment.version": "1.0.0",
      "graph.graph500-29.pr.num-iterations": "10",
      "graph.datagen-9_4-fb.bfs.source-vertex": "6",
      "graph.datagen-8_2-zf.edge-properties.names": "weight",
      "graph.com-friendster.algorithms": "bfs",
      "graph.datagen-9_3-zf.sssp.source-vertex": "6",
      "graph.graph500-23.directed": "false",
      "graph.datagen-sf10k-fb.edge-file": "datagen-sf10k-fb.e",
      "graph.datagen-8_4-fb.directed": "false",
      "graph.datagen-sf10k-fb.meta.edges": "9404822538"
    }
  },
  "result": {
    "experiments": {
      "e811257": {
        "id": "e811257",
        "type": "custom:exp",
        "jobs": [
          "j677053",
          "j616817",
          "j764906",
          "j811491",
          "j552895",
          "j461778",
          "j897729",
          "j746689",
          "j494510",
          "j725345",
          "j641086",
          "j544055",
          "j866803",
          "j868378",
          "j632071",
          "j783791",
          "j507566",
          "j845382",
          "j761705",
          "j713657",
          "j573716",
          "j876020",
          "j499360",
          "j540426",
          "j501079",
          "j570199",
          "j763794",
          "j499454",
          "j681322",
          "j639151",
          "j889989",
          "j549528",
          "j585798",
          "j763692",
          "j811759",
          "j900600",
          "j663182",
          "j795840",
          "j489492",
          "j525456"
        ]
      }
    },
    "jobs": {
      "j811759": {
        "id": "j811759",
        "algorithm": "PR",
        "dataset": "datagen-8_3-zf",
        "scale": "1",
        "repetition": "3",
        "runs": [
          "r616884",
          "r608040",
          "r691424"
        ]
      },
      "j795840": {
        "id": "j795840",
        "algorithm": "PR",
        "dataset": "datagen-8_4-fb",
        "scale": "1",
        "repetition": "3",
        "runs": [
          "r630893",
          "r879541",
          "r586689"
        ]
      },
      "j494510": {
        "id": "j494510",
        "algorithm": "SSSP",
        "dataset": "datagen-8_3-zf",
        "scale": "1",
        "repetition": "3",
        "runs": [
          "r796964",
          "r607427",
          "r640063"
        ]
      },
      "j763692": {
        "id": "j763692",
        "algorithm": "PR",
        "dataset": "datagen-8_0-fb",
        "scale": "1",
        "repetition": "3",
        "runs": [
          "r500832",
          "r892253",
          "r917374"
        ]
      },
      "j501079": {
        "id": "j501079",
        "algorithm": "BFS",
        "dataset": "graph500-24",
        "scale": "1",
        "repetition": "3",
        "runs": [
          "r671406",
          "r823488",
          "r548915"
        ]
      },
      "j763794": {
        "id": "j763794",
        "algorithm": "LCC",
        "dataset": "datagen-8_0-fb",
        "scale": "1",
        "repetition": "3",
        "runs": [
          "r797477",
          "r884740",
          "r621154"
        ]
      },
      "j663182": {
        "id": "j663182",
        "algorithm": "PR",
        "dataset": "datagen-8_2-zf",
        "scale": "1",
        "repetition": "3",
        "runs": [
          "r523524",
          "r846215",
          "r677218"
        ]
      },
      "j616817": {
        "id": "j616817",
        "algorithm": "WCC",
        "dataset": "datagen-8_3-zf",
        "scale": "1",
        "repetition": "3",
        "runs": [
          "r838076",
          "r578807",
          "r632504"
        ]
      },
      "j761705": {
        "id": "j761705",
        "algorithm": "CDLP",
        "dataset": "graph500-23",
        "scale": "1",
        "repetition": "3",
        "runs": [
          "r604222",
          "r896638",
          "r817656"
        ]
      },
      "j499360": {
        "id": "j499360",
        "algorithm": "BFS",
        "dataset": "datagen-8_2-zf",
        "scale": "1",
        "repetition": "3",
        "runs": [
          "r836171",
          "r822522",
          "r671529"
        ]
      },
      "j570199": {
        "id": "j570199",
        "algorithm": "BFS",
        "dataset": "graph500-23",
        "scale": "1",
        "repetition": "3",
        "runs": [
          "r621132",
          "r544157",
          "r624297"
        ]
      },
      "j461778": {
        "id": "j461778",
        "algorithm": "WCC",
        "dataset": "graph500-24",
        "scale": "1",
        "repetition": "3",
        "runs": [
          "r683683",
          "r662026",
          "r525303"
        ]
      },
      "j764906": {
        "id": "j764906",
        "algorithm": "WCC",
        "dataset": "datagen-8_1-fb",
        "scale": "1",
        "repetition": "3",
        "runs": [
          "r846352",
          "r489976",
          "r831892"
        ]
      },
      "j900600": {
        "id": "j900600",
        "algorithm": "PR",
        "dataset": "datagen-8_1-fb",
        "scale": "1",
        "repetition": "3",
        "runs": [
          "r740283",
          "r575693",
          "r793698"
        ]
      },
      "j549528": {
        "id": "j549528",
        "algorithm": "LCC",
        "dataset": "graph500-24",
        "scale": "1",
        "repetition": "3",
        "runs": [
          "r588713",
          "r755037",
          "r500568"
        ]
      },
      "j889989": {
        "id": "j889989",
        "algorithm": "LCC",
        "dataset": "datagen-8_4-fb",
        "scale": "1",
        "repetition": "3",
        "runs": [
          "r901436",
          "r624635",
          "r825995"
        ]
      },
      "j525456": {
        "id": "j525456",
        "algorithm": "PR",
        "dataset": "graph500-23",
        "scale": "1",
        "repetition": "3",
        "runs": [
          "r679894",
          "r905465",
          "r676434"
        ]
      },
      "j866803": {
        "id": "j866803",
        "algorithm": "CDLP",
        "dataset": "datagen-8_0-fb",
        "scale": "1",
        "repetition": "3",
        "runs": [
          "r653395",
          "r487161",
          "r775288"
        ]
      },
      "j783791": {
        "id": "j783791",
        "algorithm": "CDLP",
        "dataset": "datagen-8_2-zf",
        "scale": "1",
        "repetition": "3",
        "runs": [
          "r545577",
          "r582905",
          "r542938"
        ]
      },
      "j544055": {
        "id": "j544055",
        "algorithm": "SSSP",
        "dataset": "datagen-8_4-fb",
        "scale": "1",
        "repetition": "3",
        "runs": [
          "r494605",
          "r565465",
          "r470098"
        ]
      },
      "j632071": {
        "id": "j632071",
        "algorithm": "CDLP",
        "dataset": "datagen-8_1-fb",
        "scale": "1",
        "repetition": "3",
        "runs": [
          "r900718",
          "r823009",
          "r873026"
        ]
      },
      "j507566": {
        "id": "j507566",
        "algorithm": "CDLP",
        "dataset": "datagen-8_4-fb",
        "scale": "1",
        "repetition": "3",
        "runs": [
          "r607107",
          "r878626",
          "r875756"
        ]
      },
      "j489492": {
        "id": "j489492",
        "algorithm": "PR",
        "dataset": "graph500-24",
        "scale": "1",
        "repetition": "3",
        "runs": [
          "r885152",
          "r745031",
          "r484785"
        ]
      },
      "j876020": {
        "id": "j876020",
        "algorithm": "BFS",
        "dataset": "datagen-8_1-fb",
        "scale": "1",
        "repetition": "3",
        "runs": [
          "r705724",
          "r910555",
          "r832295"
        ]
      },
      "j845382": {
        "id": "j845382",
        "algorithm": "CDLP",
        "dataset": "graph500-24",
        "scale": "1",
        "repetition": "3",
        "runs": [
          "r621439",
          "r622460",
          "r519322"
        ]
      },
      "j499454": {
        "id": "j499454",
        "algorithm": "LCC",
        "dataset": "datagen-8_3-zf",
        "scale": "1",
        "repetition": "3",
        "runs": [
          "r580158",
          "r778164",
          "r681198"
        ]
      },
      "j681322": {
        "id": "j681322",
        "algorithm": "LCC",
        "dataset": "datagen-8_1-fb",
        "scale": "1",
        "repetition": "3",
        "runs": [
          "r875505",
          "r908399",
          "r735396"
        ]
      },
      "j540426": {
        "id": "j540426",
        "algorithm": "BFS",
        "dataset": "datagen-8_4-fb",
        "scale": "1",
        "repetition": "3",
        "runs": [
          "r828358",
          "r588698",
          "r737605"
        ]
      },
      "j552895": {
        "id": "j552895",
        "algorithm": "WCC",
        "dataset": "datagen-8_4-fb",
        "scale": "1",
        "repetition": "3",
        "runs": [
          "r560194",
          "r686221",
          "r839961"
        ]
      },
      "j641086": {
        "id": "j641086",
        "algorithm": "SSSP",
        "dataset": "datagen-8_2-zf",
        "scale": "1",
        "repetition": "3",
        "runs": [
          "r466870",
          "r871098",
          "r862164"
        ]
      },
      "j725345": {
        "id": "j725345",
        "algorithm": "SSSP",
        "dataset": "datagen-8_1-fb",
        "scale": "1",
        "repetition": "3",
        "runs": [
          "r921869",
          "r599178",
          "r894059"
        ]
      },
      "j746689": {
        "id": "j746689",
        "algorithm": "SSSP",
        "dataset": "datagen-8_0-fb",
        "scale": "1",
        "repetition": "3",
        "runs": [
          "r661495",
          "r557732",
          "r771713"
        ]
      },
      "j713657": {
        "id": "j713657",
        "algorithm": "BFS",
        "dataset": "datagen-8_0-fb",
        "scale": "1",
        "repetition": "3",
        "runs": [
          "r521025",
          "r703024",
          "r648577"
        ]
      },
      "j573716": {
        "id": "j573716",
        "algorithm": "BFS",
        "dataset": "datagen-8_3-zf",
        "scale": "1",
        "repetition": "3",
        "runs": [
          "r663016",
          "r830260",
          "r654097"
        ]
      },
      "j897729": {
        "id": "j897729",
        "algorithm": "WCC",
        "dataset": "graph500-23",
        "scale": "1",
        "repetition": "3",
        "runs": [
          "r543093",
          "r636501",
          "r584644"
        ]
      },
      "j811491": {
        "id": "j811491",
        "algorithm": "WCC",
        "dataset": "datagen-8_2-zf",
        "scale": "1",
        "repetition": "3",
        "runs": [
          "r647484",
          "r873139",
          "r780148"
        ]
      },
      "j868378": {
        "id": "j868378",
        "algorithm": "CDLP",
        "dataset": "datagen-8_3-zf",
        "scale": "1",
        "repetition": "3",
        "runs": [
          "r544253",
          "r599490",
          "r506514"
        ]
      },
      "j639151": {
        "id": "j639151",
        "algorithm": "LCC",
        "dataset": "datagen-8_2-zf",
        "scale": "1",
        "repetition": "3",
        "runs": [
          "r797952",
          "r469504",
          "r726206"
        ]
      },
      "j677053": {
        "id": "j677053",
        "algorithm": "WCC",
        "dataset": "datagen-8_0-fb",
        "scale": "1",
        "repetition": "3",
        "runs": [
          "r690324",
          "r559517",
          "r679458"
        ]
      },
      "j585798": {
        "id": "j585798",
        "algorithm": "LCC",
        "dataset": "graph500-23",
        "scale": "1",
        "repetition": "3",
        "runs": [
          "r888879",
          "r775474",
          "r707076"
        ]
      }
    },
    "runs": {
      "r892253": {
        "id": "r892253",
        "timestamp": "1687612626508",
        "success": "true",
        "load_time": "0.001",
        "makespan": "5.678",
        "processing_time": "0.150"
      },
      "r875756": {
        "id": "r875756",
        "timestamp": "1687616511835",
        "success": "true",
        "load_time": "0.000",
        "makespan": "7.183",
        "processing_time": "0.406"
      },
      "r653395": {
        "id": "r653395",
        "timestamp": "1687612837684",
        "success": "true",
        "load_time": "0.001",
        "makespan": "5.020",
        "processing_time": "0.202"
      },
      "r846352": {
        "id": "r846352",
        "timestamp": "1687616179592",
        "success": "true",
        "load_time": "0.000",
        "makespan": "5.168",
        "processing_time": "0.041"
      },
      "r878626": {
        "id": "r878626",
        "timestamp": "1687616716988",
        "success": "true",
        "load_time": "0.000",
        "makespan": "7.180",
        "processing_time": "0.401"
      },
      "r489976": {
        "id": "r489976",
        "timestamp": "1687616337716",
        "success": "true",
        "load_time": "0.000",
        "makespan": "5.157",
        "processing_time": "0.044"
      },
      "r796964": {
        "id": "r796964",
        "timestamp": "1687614551142",
        "success": "true",
        "load_time": "0.000",
        "makespan": "47.092",
        "processing_time": "0.179"
      },
      "r662026": {
        "id": "r662026",
        "timestamp": "1687617153256",
        "success": "true",
        "load_time": "0.000",
        "makespan": "10.083",
        "processing_time": "0.113"
      },
      "r793698": {
        "id": "r793698",
        "timestamp": "1687616200608",
        "success": "true",
        "load_time": "0.000",
        "makespan": "5.493",
        "processing_time": "0.174"
      },
      "r862164": {
        "id": "r862164",
        "timestamp": "1687614636161",
        "success": "true",
        "load_time": "0.000",
        "makespan": "42.533",
        "processing_time": "0.173"
      },
      "r775474": {
        "id": "r775474",
        "timestamp": "1687617613521",
        "success": "true",
        "load_time": "0.000",
        "makespan": "9.145",
        "processing_time": "1.791"
      },
      "r780148": {
        "id": "r780148",
        "timestamp": "1687614930234",
        "success": "true",
        "load_time": "0.000",
        "makespan": "36.710",
        "processing_time": "0.099"
      },
      "r542938": {
        "id": "r542938",
        "timestamp": "1687615394330",
        "success": "true",
        "load_time": "0.000",
        "makespan": "34.754",
        "processing_time": "0.353"
      },
      "r831892": {
        "id": "r831892",
        "timestamp": "1687616316700",
        "success": "true",
        "load_time": "0.000",
        "makespan": "5.121",
        "processing_time": "0.041"
      },
      "r921869": {
        "id": "r921869",
        "timestamp": "1687616400761",
        "success": "true",
        "load_time": "0.000",
        "makespan": "6.075",
        "processing_time": "0.040"
      },
      "r575693": {
        "id": "r575693",
        "timestamp": "1687616238639",
        "success": "true",
        "load_time": "0.000",
        "makespan": "5.448",
        "processing_time": "0.170"
      },
      "r548915": {
        "id": "r548915",
        "timestamp": "1687617099227",
        "success": "true",
        "load_time": "0.000",
        "makespan": "10.072",
        "processing_time": "0.055"
      },
      "r616884": {
        "id": "r616884",
        "timestamp": "1687614067033",
        "success": "true",
        "load_time": "0.000",
        "makespan": "47.479",
        "processing_time": "0.300"
      },
      "r544157": {
        "id": "r544157",
        "timestamp": "1687617361360",
        "success": "true",
        "load_time": "0.000",
        "makespan": "6.742",
        "processing_time": "0.037"
      },
      "r676434": {
        "id": "r676434",
        "timestamp": "1687617450417",
        "success": "true",
        "load_time": "0.000",
        "makespan": "7.592",
        "processing_time": "0.257"
      },
      "r875505": {
        "id": "r875505",
        "timestamp": "1687616257654",
        "success": "true",
        "load_time": "0.000",
        "makespan": "5.934",
        "processing_time": "0.584"
      },
      "r632504": {
        "id": "r632504",
        "timestamp": "1687613214833",
        "success": "true",
        "load_time": "0.000",
        "makespan": "40.570",
        "processing_time": "0.098"
      },
      "r500568": {
        "id": "r500568",
        "timestamp": "1687617217287",
        "success": "true",
        "load_time": "0.000",
        "makespan": "15.321",
        "processing_time": "4.115"
      },
      "r559517": {
        "id": "r559517",
        "timestamp": "1687612721584",
        "success": "true",
        "load_time": "0.001",
        "makespan": "4.871",
        "processing_time": "0.031"
      },
      "r557732": {
        "id": "r557732",
        "timestamp": "1687612952773",
        "success": "true",
        "load_time": "0.000",
        "makespan": "5.641",
        "processing_time": "0.044"
      },
      "r681198": {
        "id": "r681198",
        "timestamp": "1687613587921",
        "success": "true",
        "load_time": "0.000",
        "makespan": "46.838",
        "processing_time": "0.265"
      },
      "r832295": {
        "id": "r832295",
        "timestamp": "1687616103531",
        "success": "true",
        "load_time": "0.000",
        "makespan": "5.675",
        "processing_time": "0.024"
      },
      "r726206": {
        "id": "r726206",
        "timestamp": "1687615260296",
        "success": "true",
        "load_time": "0.000",
        "makespan": "38.903",
        "processing_time": "0.223"
      },
      "r828358": {
        "id": "r828358",
        "timestamp": "1687616670954",
        "success": "true",
        "load_time": "0.000",
        "makespan": "6.660",
        "processing_time": "0.035"
      },
      "r691424": {
        "id": "r691424",
        "timestamp": "1687614223069",
        "success": "true",
        "load_time": "0.000",
        "makespan": "46.747",
        "processing_time": "0.303"
      },
      "r599490": {
        "id": "r599490",
        "timestamp": "1687614306087",
        "success": "true",
        "load_time": "0.000",
        "makespan": "41.110",
        "processing_time": "0.421"
      },
      "r879541": {
        "id": "r879541",
        "timestamp": "1687616739006",
        "success": "true",
        "load_time": "0.000",
        "makespan": "7.447",
        "processing_time": "0.297"
      },
      "r544253": {
        "id": "r544253",
        "timestamp": "1687613994010",
        "success": "true",
        "load_time": "0.000",
        "makespan": "41.333",
        "processing_time": "0.404"
      },
      "r735396": {
        "id": "r735396",
        "timestamp": "1687616277670",
        "success": "true",
        "load_time": "0.000",
        "makespan": "5.964",
        "processing_time": "0.596"
      },
      "r822522": {
        "id": "r822522",
        "timestamp": "1687615871462",
        "success": "true",
        "load_time": "0.000",
        "makespan": "34.137",
        "processing_time": "0.130"
      },
      "r825995": {
        "id": "r825995",
        "timestamp": "1687616420776",
        "success": "true",
        "load_time": "0.000",
        "makespan": "9.345",
        "processing_time": "1.174"
      },
      "r484785": {
        "id": "r484785",
        "timestamp": "1687616959141",
        "success": "true",
        "load_time": "0.000",
        "makespan": "11.625",
        "processing_time": "0.464"
      },
      "r663016": {
        "id": "r663016",
        "timestamp": "1687614152052",
        "success": "true",
        "load_time": "0.000",
        "makespan": "40.317",
        "processing_time": "0.135"
      },
      "r608040": {
        "id": "r608040",
        "timestamp": "1687613670942",
        "success": "true",
        "load_time": "0.000",
        "makespan": "47.360",
        "processing_time": "0.302"
      },
      "r470098": {
        "id": "r470098",
        "timestamp": "1687616761022",
        "success": "true",
        "load_time": "0.000",
        "makespan": "12.089",
        "processing_time": "0.071"
      },
      "r797952": {
        "id": "r797952",
        "timestamp": "1687614856216",
        "success": "true",
        "load_time": "0.000",
        "makespan": "42.050",
        "processing_time": "0.228"
      },
      "r624297": {
        "id": "r624297",
        "timestamp": "1687617542477",
        "success": "true",
        "load_time": "0.000",
        "makespan": "6.852",
        "processing_time": "0.036"
      },
      "r588713": {
        "id": "r588713",
        "timestamp": "1687616925124",
        "success": "true",
        "load_time": "0.000",
        "makespan": "16.653",
        "processing_time": "4.160"
      },
      "r830260": {
        "id": "r830260",
        "timestamp": "1687613515901",
        "success": "true",
        "load_time": "0.000",
        "makespan": "40.785",
        "processing_time": "0.142"
      },
      "r671529": {
        "id": "r671529",
        "timestamp": "1687615331314",
        "success": "true",
        "load_time": "0.000",
        "makespan": "34.180",
        "processing_time": "0.151"
      },
      "r917374": {
        "id": "r917374",
        "timestamp": "1687612856698",
        "success": "true",
        "load_time": "0.001",
        "makespan": "5.177",
        "processing_time": "0.155"
      },
      "r671406": {
        "id": "r671406",
        "timestamp": "1687616873091",
        "success": "true",
        "load_time": "0.000",
        "makespan": "10.137",
        "processing_time": "0.059"
      },
      "r580158": {
        "id": "r580158",
        "timestamp": "1687613911989",
        "success": "true",
        "load_time": "0.000",
        "makespan": "46.052",
        "processing_time": "0.265"
      },
      "r690324": {
        "id": "r690324",
        "timestamp": "1687612798654",
        "success": "true",
        "load_time": "0.001",
        "makespan": "4.940",
        "processing_time": "0.033"
      },
      "r679894": {
        "id": "r679894",
        "timestamp": "1687617590507",
        "success": "true",
        "load_time": "0.000",
        "makespan": "7.643",
        "processing_time": "0.262"
      },
      "r654097": {
        "id": "r654097",
        "timestamp": "1687613369861",
        "success": "true",
        "load_time": "0.000",
        "makespan": "40.618",
        "processing_time": "0.133"
      },
      "r607107": {
        "id": "r607107",
        "timestamp": "1687616579886",
        "success": "true",
        "load_time": "0.000",
        "makespan": "7.110",
        "processing_time": "0.407"
      },
      "r885152": {
        "id": "r885152",
        "timestamp": "1687616987158",
        "success": "true",
        "load_time": "0.000",
        "makespan": "11.458",
        "processing_time": "0.482"
      },
      "r755037": {
        "id": "r755037",
        "timestamp": "1687617015175",
        "success": "true",
        "load_time": "0.000",
        "makespan": "15.206",
        "processing_time": "4.072"
      },
      "r908399": {
        "id": "r908399",
        "timestamp": "1687616064500",
        "success": "true",
        "load_time": "0.000",
        "makespan": "6.534",
        "processing_time": "0.604"
      },
      "r884740": {
        "id": "r884740",
        "timestamp": "1687612702569",
        "success": "true",
        "load_time": "0.001",
        "makespan": "5.421",
        "processing_time": "0.537"
      },
      "r900718": {
        "id": "r900718",
        "timestamp": "1687616219623",
        "success": "true",
        "load_time": "0.000",
        "makespan": "5.369",
        "processing_time": "0.232"
      },
      "r686221": {
        "id": "r686221",
        "timestamp": "1687616554867",
        "success": "true",
        "load_time": "0.000",
        "makespan": "6.691",
        "processing_time": "0.075"
      },
      "r545577": {
        "id": "r545577",
        "timestamp": "1687615735419",
        "success": "true",
        "load_time": "0.000",
        "makespan": "34.652",
        "processing_time": "0.349"
      },
      "r521025": {
        "id": "r521025",
        "timestamp": "1687612741600",
        "success": "true",
        "load_time": "0.001",
        "makespan": "4.898",
        "processing_time": "0.024"
      },
      "r494605": {
        "id": "r494605",
        "timestamp": "1687616788042",
        "success": "true",
        "load_time": "0.000",
        "makespan": "8.571",
        "processing_time": "0.069"
      },
      "r873139": {
        "id": "r873139",
        "timestamp": "1687615065255",
        "success": "true",
        "load_time": "0.000",
        "makespan": "34.695",
        "processing_time": "0.091"
      },
      "r582905": {
        "id": "r582905",
        "timestamp": "1687615529365",
        "success": "true",
        "load_time": "0.000",
        "makespan": "35.064",
        "processing_time": "0.344"
      },
      "r604222": {
        "id": "r604222",
        "timestamp": "1687617405388",
        "success": "true",
        "load_time": "0.000",
        "makespan": "7.043",
        "processing_time": "0.166"
      },
      "r578807": {
        "id": "r578807",
        "timestamp": "1687613058808",
        "success": "true",
        "load_time": "0.000",
        "makespan": "44.713",
        "processing_time": "0.100"
      },
      "r683683": {
        "id": "r683683",
        "timestamp": "1687617249301",
        "success": "true",
        "load_time": "0.000",
        "makespan": "10.216",
        "processing_time": "0.107"
      },
      "r661495": {
        "id": "r661495",
        "timestamp": "1687612912743",
        "success": "true",
        "load_time": "0.000",
        "makespan": "6.862",
        "processing_time": "0.044"
      },
      "r888879": {
        "id": "r888879",
        "timestamp": "1687617309331",
        "success": "true",
        "load_time": "0.000",
        "makespan": "9.117",
        "processing_time": "1.791"
      },
      "r588698": {
        "id": "r588698",
        "timestamp": "1687616533850",
        "success": "true",
        "load_time": "0.000",
        "makespan": "6.703",
        "processing_time": "0.034"
      },
      "r624635": {
        "id": "r624635",
        "timestamp": "1687616600903",
        "success": "true",
        "load_time": "0.000",
        "makespan": "8.239",
        "processing_time": "1.159"
      },
      "r740283": {
        "id": "r740283",
        "timestamp": "1687616160577",
        "success": "true",
        "load_time": "0.000",
        "makespan": "5.402",
        "processing_time": "0.185"
      },
      "r506514": {
        "id": "r506514",
        "timestamp": "1687613441881",
        "success": "true",
        "load_time": "0.000",
        "makespan": "41.444",
        "processing_time": "0.417"
      },
      "r905465": {
        "id": "r905465",
        "timestamp": "1687617382375",
        "success": "true",
        "load_time": "0.000",
        "makespan": "7.774",
        "processing_time": "0.265"
      },
      "r543093": {
        "id": "r543093",
        "timestamp": "1687617333345",
        "success": "true",
        "load_time": "0.000",
        "makespan": "7.640",
        "processing_time": "0.063"
      },
      "r519322": {
        "id": "r519322",
        "timestamp": "1687617191272",
        "success": "true",
        "load_time": "0.000",
        "makespan": "10.532",
        "processing_time": "0.394"
      },
      "r622460": {
        "id": "r622460",
        "timestamp": "1687617073213",
        "success": "true",
        "load_time": "0.000",
        "makespan": "10.543",
        "processing_time": "0.400"
      },
      "r621132": {
        "id": "r621132",
        "timestamp": "1687617473432",
        "success": "true",
        "load_time": "0.000",
        "makespan": "6.840",
        "processing_time": "0.037"
      },
      "r775288": {
        "id": "r775288",
        "timestamp": "1687612818668",
        "success": "true",
        "load_time": "0.001",
        "makespan": "5.059",
        "processing_time": "0.200"
      },
      "r705724": {
        "id": "r705724",
        "timestamp": "1687616297685",
        "success": "true",
        "load_time": "0.000",
        "makespan": "5.104",
        "processing_time": "0.028"
      },
      "r584644": {
        "id": "r584644",
        "timestamp": "1687617563492",
        "success": "true",
        "load_time": "0.000",
        "makespan": "6.892",
        "processing_time": "0.067"
      },
      "r703024": {
        "id": "r703024",
        "timestamp": "1687612645516",
        "success": "true",
        "load_time": "0.001",
        "makespan": "5.292",
        "processing_time": "0.024"
      },
      "r839961": {
        "id": "r839961",
        "timestamp": "1687616645937",
        "success": "true",
        "load_time": "0.000",
        "makespan": "6.721",
        "processing_time": "0.068"
      },
      "r565465": {
        "id": "r565465",
        "timestamp": "1687616811058",
        "success": "true",
        "load_time": "0.000",
        "makespan": "8.437",
        "processing_time": "0.065"
      },
      "r677218": {
        "id": "r677218",
        "timestamp": "1687615663400",
        "success": "true",
        "load_time": "0.000",
        "makespan": "39.455",
        "processing_time": "0.275"
      },
      "r838076": {
        "id": "r838076",
        "timestamp": "1687613754963",
        "success": "true",
        "load_time": "0.000",
        "makespan": "40.312",
        "processing_time": "0.105"
      },
      "r599178": {
        "id": "r599178",
        "timestamp": "1687616380745",
        "success": "true",
        "load_time": "0.000",
        "makespan": "6.100",
        "processing_time": "0.045"
      },
      "r737605": {
        "id": "r737605",
        "timestamp": "1687616444791",
        "success": "true",
        "load_time": "0.000",
        "makespan": "7.784",
        "processing_time": "0.040"
      },
      "r636501": {
        "id": "r636501",
        "timestamp": "1687617494446",
        "success": "true",
        "load_time": "0.000",
        "makespan": "6.944",
        "processing_time": "0.059"
      },
      "r836171": {
        "id": "r836171",
        "timestamp": "1687615198278",
        "success": "true",
        "load_time": "0.000",
        "makespan": "34.184",
        "processing_time": "0.148"
      },
      "r630893": {
        "id": "r630893",
        "timestamp": "1687616489821",
        "success": "true",
        "load_time": "0.000",
        "makespan": "7.365",
        "processing_time": "0.291"
      },
      "r469504": {
        "id": "r469504",
        "timestamp": "1687615593383",
        "success": "true",
        "load_time": "0.000",
        "makespan": "38.815",
        "processing_time": "0.225"
      },
      "r894059": {
        "id": "r894059",
        "timestamp": "1687616358731",
        "success": "true",
        "load_time": "0.000",
        "makespan": "7.672",
        "processing_time": "0.041"
      },
      "r846215": {
        "id": "r846215",
        "timestamp": "1687615457347",
        "success": "true",
        "load_time": "0.000",
        "makespan": "39.258",
        "processing_time": "0.271"
      },
      "r500832": {
        "id": "r500832",
        "timestamp": "1687612664535",
        "success": "true",
        "load_time": "0.001",
        "makespan": "5.155",
        "processing_time": "0.147"
      },
      "r901436": {
        "id": "r901436",
        "timestamp": "1687616466805",
        "success": "true",
        "load_time": "0.000",
        "makespan": "8.280",
        "processing_time": "1.136"
      },
      "r817656": {
        "id": "r817656",
        "timestamp": "1687617287317",
        "success": "true",
        "load_time": "0.000",
        "makespan": "7.814",
        "processing_time": "0.158"
      },
      "r896638": {
        "id": "r896638",
        "timestamp": "1687617521462",
        "success": "true",
        "load_time": "0.000",
        "makespan": "7.045",
        "processing_time": "0.154"
      },
      "r778164": {
        "id": "r778164",
        "timestamp": "1687612971788",
        "success": "true",
        "load_time": "0.000",
        "makespan": "50.787",
        "processing_time": "0.265"
      },
      "r797477": {
        "id": "r797477",
        "timestamp": "1687612759616",
        "success": "true",
        "load_time": "0.001",
        "makespan": "5.581",
        "processing_time": "0.485"
      },
      "r466870": {
        "id": "r466870",
        "timestamp": "1687614784198",
        "success": "true",
        "load_time": "0.000",
        "makespan": "39.114",
        "processing_time": "0.165"
      },
      "r871098": {
        "id": "r871098",
        "timestamp": "1687614712179",
        "success": "true",
        "load_time": "0.000",
        "makespan": "39.053",
        "processing_time": "0.161"
      },
      "r707076": {
        "id": "r707076",
        "timestamp": "1687617426404",
        "success": "true",
        "load_time": "0.000",
        "makespan": "9.187",
        "processing_time": "1.793"
      },
      "r745031": {
        "id": "r745031",
        "timestamp": "1687617125241",
        "success": "true",
        "load_time": "0.000",
        "makespan": "11.487",
        "processing_time": "0.474"
      },
      "r525303": {
        "id": "r525303",
        "timestamp": "1687616834073",
        "success": "true",
        "load_time": "0.000",
        "makespan": "11.558",
        "processing_time": "0.111"
      },
      "r823488": {
        "id": "r823488",
        "timestamp": "1687616899108",
        "success": "true",
        "load_time": "0.000",
        "makespan": "10.135",
        "processing_time": "0.055"
      },
      "r607427": {
        "id": "r607427",
        "timestamp": "1687614379105",
        "success": "true",
        "load_time": "0.000",
        "makespan": "51.060",
        "processing_time": "0.174"
      },
      "r771713": {
        "id": "r771713",
        "timestamp": "1687612933758",
        "success": "true",
        "load_time": "0.000",
        "makespan": "5.652",
        "processing_time": "0.038"
      },
      "r873026": {
        "id": "r873026",
        "timestamp": "1687616084517",
        "success": "true",
        "load_time": "0.000",
        "makespan": "5.373",
        "processing_time": "0.236"
      },
      "r560194": {
        "id": "r560194",
        "timestamp": "1687616691972",
        "success": "true",
        "load_time": "0.000",
        "makespan": "6.709",
        "processing_time": "0.070"
      },
      "r647484": {
        "id": "r647484",
        "timestamp": "1687615933479",
        "success": "true",
        "load_time": "0.000",
        "makespan": "34.168",
        "processing_time": "0.099"
      },
      "r648577": {
        "id": "r648577",
        "timestamp": "1687612875713",
        "success": "true",
        "load_time": "0.001",
        "makespan": "4.830",
        "processing_time": "0.039"
      },
      "r621154": {
        "id": "r621154",
        "timestamp": "1687612893728",
        "success": "true",
        "load_time": "0.001",
        "makespan": "5.476",
        "processing_time": "0.481"
      },
      "r640063": {
        "id": "r640063",
        "timestamp": "1687614467123",
        "success": "true",
        "load_time": "0.000",
        "makespan": "47.292",
        "processing_time": "0.171"
      },
      "r586689": {
        "id": "r586689",
        "timestamp": "1687616623920",
        "success": "true",
        "load_time": "0.000",
        "makespan": "7.400",
        "processing_time": "0.283"
      },
      "r621439": {
        "id": "r621439",
        "timestamp": "1687617047198",
        "success": "true",
        "load_time": "0.000",
        "makespan": "10.470",
        "processing_time": "0.395"
      },
      "r487161": {
        "id": "r487161",
        "timestamp": "1687612683551",
        "success": "true",
        "load_time": "0.001",
        "makespan": "5.075",
        "processing_time": "0.198"
      },
      "r679458": {
        "id": "r679458",
        "timestamp": "1687612778632",
        "success": "true",
        "load_time": "0.001",
        "makespan": "4.838",
        "processing_time": "0.032"
      },
      "r523524": {
        "id": "r523524",
        "timestamp": "1687615798439",
        "success": "true",
        "load_time": "0.000",
        "makespan": "39.833",
        "processing_time": "0.263"
      },
      "r910555": {
        "id": "r910555",
        "timestamp": "1687616122547",
        "success": "true",
        "load_time": "0.000",
        "makespan": "5.187",
        "processing_time": "0.024"
      },
      "r823009": {
        "id": "r823009",
        "timestamp": "1687616141562",
        "success": "true",
        "load_time": "0.000",
        "makespan": "5.321",
        "processing_time": "0.230"
      }
    }
  }
}
