{
  "id": "b498657",
  "specification": "1.0.0",
  "description": "grb:v8.0.0 lagr:mmread-sym",
  "system": {
    "platform": {
      "name": "GraphBLAS",
      "acronym": "graphblas",
      "version": "1.0",
      "link": "https://github.com/FTSRG/ldbc-graphalytics-platform-graphblas"
    },
    "environment": {
      "name": "",
      "acronym": "",
      "version": "",
      "link": "",
      "machines": [
        {
          "quantity": "1",
          "cpu": "2-Socket Intel(R) Xeon(R) Platinum 8480+",
          "memory": "1TB (16x 64GB) DDR5 RDIMM",
          "network": "",
          "storage": "7.6TB NVMe Solidigm D7-P5510"
        }
      ]
    },
    "tool": {
      "graphalytics-core": {
        "name": "graphalytics-core",
        "version": "1.10.0",
        "link": "https://github.com/ldbc/ldbc_graphalytics"
      },
      "graphalytics-platforms-graphblas": {
        "name": "graphalytics-platforms-graphblas",
        "version": "0.1.0-SNAPSHOT",
        "link": "https://github.com/atlarge-research/graphalytics-platforms-graphblas"
      }
    },
    "pricing": "51826"
  },
  "benchmark": {
    "type": "custom",
    "name": "Benchmark for dataset size S",
    "duration": "2145767",
    "timeout": "900",
    "resources": {},
    "output": {
      "required": "-",
      "directory": "./output/"
    },
    "validation": {
      "required": "-",
      "directory": "/home/devcloud/data/"
    },
    "configurations": {
      "graph.datagen-8_9-fb.edge-properties.types": "real",
      "environment.machine.memory": "",
      "graph.datagen-8_3-zf.cdlp.max-iterations": "10",
      "graph.datagen-9_4-fb.sssp.weight-property": "weight",
      "graph.graph500-27.meta.vertices": "63081040",
      "graph.test-bfs-undirected.vertex-file": "test-bfs-undirected.v",
      "graph.cit-Patents.algorithms": "bfs",
      "graph.datagen-8_9-fb.sssp.source-vertex": "6",
      "graph.graph500-24.edge-file": "graph500-24.e",
      "graph.datagen-8_4-fb.vertex-file": "datagen-8_4-fb.v",
      "graph.datagen-9_1-fb.meta.vertices": "16087483",
      "graph.example-undirected.meta.vertices": "9",
      "graph.com-friendster.cdlp.max-iterations": "10",
      "graph.test-pr-directed.edge-file": "test-pr-directed.e",
      "graph.cit-Patents.vertex-file": "cit-Patents.v",
      "graph.datagen-7_9-fb.vertex-file": "datagen-7_9-fb.v",
      "graph.test-bfs-undirected.bfs.source-vertex": "1",
      "graph.kgs.cdlp.max-iterations": "10",
      "graph.kgs.meta.vertices": "832247",
      "environment.machine.storage": "",
      "graph.datagen-8_7-zf.bfs.source-vertex": "6",
      "benchmark.runner.max-memory": "",
      "graph.datagen-sf3k-fb.pr.num-iterations": "10",
      "graph.datagen-8_3-zf.meta.vertices": "53525014",
      "graph.datagen-8_1-fb.algorithms": "bfs",
      "graph.datagen-7_7-zf.meta.edges": "32791267",
      "graph.datagen-8_7-zf.vertex-file": "datagen-8_7-zf.v",
      "graph.datagen-8_8-zf.meta.vertices": "168308893",
      "graph.datagen-9_2-zf.vertex-file": "datagen-9_2-zf.v",
      "graph.dota-league.cdlp.max-iterations": "10",
      "graph.datagen-sf3k-fb.pr.damping-factor": "0.85",
      "graph.datagen-8_5-fb.sssp.source-vertex": "6",
      "graph.datagen-8_8-zf.edge-properties.types": "real",
      "graph.graph500-22.cdlp.max-iterations": "10",
      "graph.graph500-23.algorithms": "bfs",
      "graph.graph500-22.edge-file": "graph500-22.e",
      "graph.datagen-8_0-fb.edge-properties.names": "weight",
      "graph.datagen-8_0-fb.meta.vertices": "1706561",
      "graph.example-undirected.edge-properties.names": "weight",
      "graph.datagen-8_0-fb.algorithms": "bfs",
      "graph.datagen-9_4-fb.edge-properties.types": "real",
      "graph.datagen-7_7-zf.algorithms": "bfs",
      "graph.datagen-8_0-fb.bfs.source-vertex": "6",
      "graph.twitter_mpi.cdlp.max-iterations": "10",
      "graph.graph500-22.bfs.source-vertex": "248533",
      "graph.graph500-30.pr.damping-factor": "0.85",
      "graph.example-directed.bfs.source-vertex": "1",
      "graph.datagen-9_1-fb.edge-properties.types": "real",
      "graph.datagen-sf10k-fb.algorithms": "bfs",
      "graph.datagen-8_5-fb.vertex-file": "datagen-8_5-fb.v",
      "graph.datagen-sf10k-fb.vertex-file": "datagen-sf10k-fb.v",
      "graph.datagen-8_9-fb.cdlp.max-iterations": "10",
      "graph.com-friendster.meta.edges": "1806067135",
      "graph.graph500-26.meta.vertices": "32804978",
      "graph.datagen-7_8-zf.algorithms": "bfs",
      "graph.datagen-9_2-zf.sssp.weight-property": "weight",
      "graph.datagen-9_2-zf.sssp.source-vertex": "6",
      "graph.datagen-7_5-fb.algorithms": "bfs",
      "graph.graph500-24.bfs.source-vertex": "2592222",
      "graph.datagen-7_6-fb.edge-file": "datagen-7_6-fb.e",
      "graph.datagen-8_8-zf.bfs.source-vertex": "6",
      "graph.test-wcc-directed.meta.edges": "10",
      "graph.dota-league.meta.vertices": "61170",
      "graph.datagen-sf10k-fb.cdlp.max-iterations": "10",
      "graph.datagen-7_7-zf.meta.vertices": "13180508",
      "graph.datagen-7_5-fb.meta.edges": "34185747",
      "graph.example-directed.edge-properties.types": "real",
      "graph.datagen-7_8-zf.edge-file": "datagen-7_8-zf.e",
      "graph.test-pr-directed.pr.damping-factor": "0.85",
      "graph.test-pr-undirected.pr.num-iterations": "26",
      "graph.datagen-9_2-zf.pr.damping-factor": "0.85",
      "graph.datagen-9_3-zf.pr.num-iterations": "10",
      "graph.datagen-9_3-zf.edge-properties.types": "real",
      "graph.graph500-28.meta.vertices": "121242388",
      "graph.test-sssp-undirected.algorithms": "sssp",
      "graph.datagen-7_5-fb.edge-properties.names": "weight",
      "graph.test-wcc-directed.vertex-file": "test-wcc-directed.v",
      "graph.datagen-8_2-zf.bfs.source-vertex": "6",
      "graph.test-bfs-undirected.directed": "false",
      "graph.test-sssp-undirected.sssp.source-vertex": "1",
      "graph.twitter_mpi.meta.edges": "1963263508",
      "graph.datagen-7_7-zf.edge-properties.names": "weight",
      "graph.dota-league.edge-properties.types": "real",
      "graph.datagen-9_4-fb.edge-properties.names": "weight",
      "graph.datagen-9_3-zf.vertex-file": "datagen-9_3-zf.v",
      "graph.datagen-7_9-fb.edge-properties.names": "weight",
      "graph.datagen-8_9-fb.sssp.weight-property": "weight",
      "graph.datagen-8_2-zf.sssp.source-vertex": "6",
      "graph.graph500-26.cdlp.max-iterations": "10",
      "graph.test-lcc-undirected.directed": "false",
      "graph.graph500-26.bfs.source-vertex": "62455266",
      "graph.test-pr-undirected.vertex-file": "test-pr-undirected.v",
      "graph.datagen-9_4-fb.meta.vertices": "29310565",
      "graph.test-cdlp-undirected.edge-file": "test-cdlp-undirected.e",
      "graph.test-bfs-undirected.edge-file": "test-bfs-undirected.e",
      "graph.graph500-27.bfs.source-vertex": "0",
      "graph.test-sssp-directed.vertex-file": "test-sssp-directed.v",
      "graph.datagen-8_4-fb.sssp.weight-property": "weight",
      "graph.datagen-8_1-fb.meta.edges": "134267822",
      "graph.graph500-27.cdlp.max-iterations": "10",
      "graph.graph500-30.pr.num-iterations": "10",
      "graph.graph500-30.vertex-file": "graph500-30.v",
      "graph.example-undirected.sssp.source-vertex": "2",
      "graph.twitter_mpi.algorithms": "bfs",
      "graph.datagen-sf3k-fb.bfs.source-vertex": "933",
      "graph.test-sssp-undirected.edge-file": "test-sssp-undirected.e",
      "graph.datagen-7_5-fb.directed": "false",
      "graph.graph500-25.directed": "false",
      "graph.datagen-9_1-fb.pr.num-iterations": "10",
      "graph.datagen-sf10k-fb.pr.num-iterations": "10",
      "graph.datagen-7_9-fb.edge-file": "datagen-7_9-fb.e",
      "graph.datagen-8_4-fb.bfs.source-vertex": "6",
      "graph.wiki-Talk.edge-file": "wiki-Talk.e",
      "graph.dota-league.pr.damping-factor": "0.85",
      "graph.graph500-28.algorithms": "bfs",
      "graph.datagen-9_3-zf.edge-properties.names": "weight",
      "graph.cit-Patents.edge-file": "cit-Patents.e",
      "graph.twitter_mpi.edge-file": "twitter_mpi.e",
      "graph.cit-Patents.directed": "true",
      "graph.datagen-7_5-fb.edge-properties.types": "real",
      "graph.test-wcc-undirected.edge-file": "test-wcc-undirected.e",
      "graph.datagen-8_5-fb.directed": "false",
      "graph.datagen-8_9-fb.directed": "false",
      "graph.datagen-8_5-fb.cdlp.max-iterations": "10",
      "graph.cit-Patents.meta.vertices": "3774768",
      "graph.datagen-7_6-fb.meta.edges": "42162988",
      "graph.datagen-8_2-zf.pr.num-iterations": "10",
      "graph.graph500-29.meta.vertices": "232999630",
      "graph.datagen-8_0-fb.meta.edges": "107507376",
      "graph.datagen-sf3k-fb.edge-file": "datagen-sf3k-fb.e",
      "graph.datagen-9_0-fb.vertex-file": "datagen-9_0-fb.v",
      "graph.graph500-23.bfs.source-vertex": "7348998",
      "graph.test-sssp-undirected.meta.vertices": "12",
      "graph.datagen-9_1-fb.sssp.source-vertex": "6",
      "graph.datagen-8_4-fb.edge-file": "datagen-8_4-fb.e",
      "graph.wiki-Talk.meta.edges": "5021410",
      "graph.datagen-9_0-fb.pr.damping-factor": "0.85",
      "graph.datagen-8_6-fb.vertex-file": "datagen-8_6-fb.v",
      "graph.datagen-8_1-fb.directed": "false",
      "graph.example-undirected.directed": "false",
      "graph.datagen-7_9-fb.directed": "false",
      "platform.acronym": "graphblas",
      "graph.test-bfs-directed.directed": "true",
      "graph.datagen-7_5-fb.edge-file": "datagen-7_5-fb.e",
      "graph.test-sssp-directed.sssp.source-vertex": "1",
      "graph.kgs.algorithms": "bfs",
      "graph.test-cdlp-directed.algorithms": "cdlp",
      "graph.com-friendster.edge-file": "com-friendster.e",
      "graph.dota-league.sssp.weight-property": "weight",
      "graph.datagen-7_9-fb.meta.vertices": "1387587",
      "graph.datagen-8_1-fb.edge-properties.names": "weight",
      "graph.wiki-Talk.algorithms": "bfs",
      "graph.graph500-25.vertex-file": "graph500-25.v",
      "graph.test-sssp-directed.edge-properties.names": "weight",
      "graph.datagen-8_2-zf.algorithms": "bfs",
      "graph.com-friendster.pr.damping-factor": "0.85",
      "graph.graph500-28.vertex-file": "graph500-28.v",
      "graph.datagen-9_1-fb.directed": "false",
      "graph.datagen-9_3-zf.meta.edges": "1309998551",
      "graph.example-undirected.bfs.source-vertex": "2",
      "graph.kgs.sssp.weight-property": "weight",
      "graph.graph500-29.vertex-file": "graph500-29.v",
      "graph.test-wcc-directed.meta.vertices": "8",
      "graph.datagen-7_6-fb.pr.damping-factor": "0.85",
      "graph.test-bfs-undirected.algorithms": "bfs",
      "environment.machine.cpu": "",
      "graph.test-sssp-undirected.vertex-file": "test-sssp-undirected.v",
      "graph.datagen-7_7-zf.sssp.weight-property": "weight",
      "environment.acronym": "",
      "graph.dota-league.meta.edges": "50870313",
      "graph.datagen-sf3k-fb.edge-properties.types": "real",
      "graph.datagen-8_1-fb.vertex-file": "datagen-8_1-fb.v",
      "graph.datagen-8_7-zf.pr.num-iterations": "10",
      "graph.datagen-9_0-fb.meta.edges": "1049527225",
      "graph.datagen-7_8-zf.meta.vertices": "16521886",
      "graph.test-wcc-undirected.meta.edges": "7",
      "graph.example-undirected.edge-file": "example-undirected.e",
      "graph.datagen-8_8-zf.edge-file": "datagen-8_8-zf.e",
      "graph.datagen-sf3k-fb.sssp.weight-property": "weight",
      "graph.graph500-24.vertex-file": "graph500-24.v",
      "graph.test-cdlp-undirected.meta.edges": "13",
      "graph.datagen-sf3k-fb.vertex-file": "datagen-sf3k-fb.v",
      "graph.graph500-27.meta.edges": "2111642032",
      "graph.datagen-7_6-fb.algorithms": "bfs",
      "graph.graph500-25.meta.vertices": "17062472",
      "graph.datagen-7_8-zf.directed": "false",
      "graph.datagen-9_3-zf.sssp.weight-property": "weight",
      "graph.datagen-8_5-fb.bfs.source-vertex": "6",
      "graph.example-directed.vertex-file": "example-directed.v",
      "graph.datagen-8_3-zf.directed": "false",
      "graph.example-directed.algorithms": "bfs",
      "graph.kgs.sssp.source-vertex": "239044",
      "graph.datagen-7_6-fb.edge-properties.names": "weight",
      "graph.datagen-8_1-fb.cdlp.max-iterations": "10",
      "graph.datagen-8_9-fb.edge-properties.names": "weight",
      "graph.test-wcc-directed.directed": "true",
      "graph.example-undirected.meta.edges": "12",
      "graph.test-lcc-undirected.edge-file": "test-lcc-undirected.e",
      "graph.datagen-8_8-zf.directed": "false",
      "graph.datagen-8_9-fb.algorithms": "bfs",
      "graph.graph500-23.pr.damping-factor": "0.85",
      "graph.datagen-8_7-zf.directed": "false",
      "graph.graph500-30.algorithms": "bfs",
      "graph.datagen-8_0-fb.vertex-file": "datagen-8_0-fb.v",
      "graph.graph500-24.meta.vertices": "8870942",
      "graph.datagen-8_6-fb.edge-properties.names": "weight",
      "graph.graph500-28.edge-file": "graph500-28.e",
      "graph.graph500-29.directed": "false",
      "benchmark.runner.port": "8012",
      "graph.datagen-7_9-fb.pr.damping-factor": "0.85",
      "graph.datagen-8_8-zf.sssp.weight-property": "weight",
      "graph.graph500-29.bfs.source-vertex": "0",
      "graph.datagen-9_0-fb.edge-properties.types": "real",
      "graph.datagen-8_3-zf.algorithms": "bfs",
      "graph.datagen-7_5-fb.sssp.source-vertex": "6",
      "graph.com-friendster.directed": "false",
      "graph.datagen-9_2-zf.meta.edges": "1042340732",
      "graph.datagen-7_7-zf.directed": "false",
      "graph.datagen-8_0-fb.sssp.weight-property": "weight",
      "benchmark.description": "\"grb:dev-fn2-bis; lagraph:mmread-sym\"",
      "graph.test-pr-directed.pr.num-iterations": "14",
      "graph.datagen-8_3-zf.vertex-file": "datagen-8_3-zf.v",
      "graph.graph500-22.algorithms": "bfs",
      "graph.graph500-23.pr.num-iterations": "10",
      "benchmark.custom.validation-required": "true",
      "graph.datagen-8_1-fb.sssp.source-vertex": "6",
      "graph.datagen-9_0-fb.meta.vertices": "12857671",
      "graph.datagen-8_2-zf.sssp.weight-property": "weight",
      "graph.datagen-7_7-zf.vertex-file": "datagen-7_7-zf.v",
      "graph.datagen-8_5-fb.meta.vertices": "4599739",
      "graph.test-sssp-directed.edge-file": "test-sssp-directed.e",
      "graph.graph500-27.edge-file": "graph500-27.e",
      "graph.graph500-24.pr.damping-factor": "0.85",
      "graph.datagen-8_0-fb.sssp.source-vertex": "6",
      "graph.datagen-9_1-fb.edge-properties.names": "weight",
      "graph.datagen-8_8-zf.algorithms": "bfs",
      "benchmark.custom.graphs": "graph500-22",
      "graph.test-sssp-directed.meta.edges": "13",
      "graph.datagen-8_9-fb.edge-file": "datagen-8_9-fb.e",
      "graph.datagen-8_7-zf.cdlp.max-iterations": "10",
      "graph.example-directed.sssp.source-vertex": "1",
      "graph.kgs.pr.damping-factor": "0.85",
      "graph.datagen-9_4-fb.pr.damping-factor": "0.85",
      "graph.datagen-9_2-zf.edge-properties.names": "weight",
      "environment.machine.network": "",
      "graph.twitter_mpi.vertex-file": "twitter_mpi.v",
      "graph.datagen-8_1-fb.bfs.source-vertex": "6",
      "graph.test-sssp-undirected.directed": "false",
      "graph.datagen-9_3-zf.pr.damping-factor": "0.85",
      "graph.datagen-8_1-fb.pr.num-iterations": "10",
      "graph.datagen-8_2-zf.pr.damping-factor": "0.85",
      "graph.graph500-26.edge-file": "graph500-26.e",
      "graph.datagen-9_1-fb.meta.edges": "1342158397",
      "graph.datagen-9_3-zf.directed": "false",
      "graph.datagen-8_3-zf.pr.num-iterations": "10",
      "graph.test-sssp-undirected.edge-properties.names": "weight",
      "graph.datagen-7_8-zf.pr.damping-factor": "0.85",
      "graph.graph500-25.algorithms": "bfs",
      "graph.test-lcc-undirected.algorithms": "lcc",
      "graph.test-cdlp-undirected.vertex-file": "test-cdlp-undirected.v",
      "graph.datagen-8_3-zf.bfs.source-vertex": "6",
      "graph.datagen-9_1-fb.sssp.weight-property": "weight",
      "graph.graph500-23.meta.vertices": "4610222",
      "graph.graph500-26.directed": "false",
      "graph.datagen-8_0-fb.edge-properties.types": "real",
      "environment.link": "",
      "graph.dota-league.pr.num-iterations": "10",
      "graph.datagen-7_8-zf.meta.edges": "41025255",
      "graph.graph500-28.bfs.source-vertex": "0",
      "graph.test-bfs-directed.edge-file": "test-bfs-directed.e",
      "graph.datagen-9_4-fb.meta.edges": "2588948669",
      "graph.datagen-8_4-fb.cdlp.max-iterations": "10",
      "graph.datagen-7_6-fb.directed": "false",
      "platform.link": "https://github.com/FTSRG/ldbc-graphalytics-platform-graphblas",
      "graph.datagen-9_1-fb.pr.damping-factor": "0.85",
      "graph.datagen-sf10k-fb.pr.damping-factor": "0.85",
      "benchmark.executor.port": "8011",
      "graph.datagen-8_0-fb.pr.damping-factor": "0.85",
      "graph.graph500-22.pr.num-iterations": "10",
      "graph.test-lcc-directed.algorithms": "lcc",
      "graph.test-sssp-directed.directed": "true",
      "graph.datagen-8_2-zf.edge-file": "datagen-8_2-zf.e",
      "graph.datagen-8_4-fb.edge-properties.types": "real",
      "graph.datagen-8_6-fb.directed": "false",
      "graph.example-directed.cdlp.max-iterations": "2",
      "graph.cit-Patents.meta.edges": "16518948",
      "graph.test-bfs-undirected.meta.vertices": "10",
      "graph.graph500-29.algorithms": "bfs",
      "graph.datagen-9_1-fb.edge-file": "datagen-9_1-fb.e",
      "benchmark.custom.output-required": "true",
      "graph.graph500-23.meta.edges": "129333677",
      "graph.datagen-sf10k-fb.edge-properties.names": "weight",
      "graph.test-cdlp-undirected.cdlp.max-iterations": "5",
      "graph.graph500-29.pr.num-iterations": "10",
      "graph.datagen-8_2-zf.edge-properties.names": "weight",
      "graph.com-friendster.algorithms": "bfs",
      "graph.graph500-23.directed": "false",
      "graph.datagen-sf10k-fb.edge-file": "datagen-sf10k-fb.e",
      "graph.datagen-8_7-zf.algorithms": "bfs",
      "graph.test-cdlp-directed.directed": "true",
      "graph.graph500-30.cdlp.max-iterations": "10",
      "graph.datagen-7_6-fb.sssp.source-vertex": "6",
      "graph.datagen-8_8-zf.sssp.source-vertex": "6",
      "graph.datagen-8_4-fb.meta.vertices": "3809084",
      "graph.datagen-7_6-fb.bfs.source-vertex": "6",
      "graph.test-cdlp-directed.cdlp.max-iterations": "5",
      "graph.test-cdlp-undirected.meta.vertices": "8",
      "graph.datagen-8_3-zf.edge-file": "datagen-8_3-zf.e",
      "graph.graph500-22.meta.vertices": "2396657",
      "graph.com-friendster.bfs.source-vertex": "101",
      "graph.datagen-7_9-fb.meta.edges": "85670523",
      "graph.test-lcc-undirected.meta.vertices": "9",
      "environment.machine.quantity": "",
      "graph.datagen-7_5-fb.sssp.weight-property": "weight",
      "graph.graph500-24.algorithms": "bfs",
      "graph.example-undirected.pr.num-iterations": "2",
      "graph.graph500-29.pr.damping-factor": "0.85",
      "graphs.validation-directory": "/home/devcloud/data/",
      "graph.example-directed.sssp.weight-property": "weight",
      "graph.datagen-8_1-fb.sssp.weight-property": "weight",
      "graph.datagen-8_6-fb.algorithms": "bfs",
      "graph.datagen-8_7-zf.edge-properties.names": "weight",
      "graph.datagen-8_9-fb.pr.num-iterations": "10",
      "graph.test-wcc-undirected.meta.vertices": "8",
      "graph.datagen-8_0-fb.cdlp.max-iterations": "10",
      "graph.datagen-8_1-fb.edge-properties.types": "real",
      "graph.graph500-23.edge-file": "graph500-23.e",
      "graph.test-wcc-undirected.directed": "false",
      "graph.graph500-28.pr.damping-factor": "0.85",
      "graph.test-pr-undirected.meta.vertices": "50",
      "graph.datagen-8_7-zf.meta.vertices": "145050709",
      "graph.datagen-8_6-fb.meta.edges": "421988619",
      "graph.datagen-8_9-fb.meta.vertices": "10572901",
      "graph.datagen-8_9-fb.pr.damping-factor": "0.85",
      "graph.dota-league.bfs.source-vertex": "287770",
      "graph.graph500-27.pr.damping-factor": "0.85",
      "graph.datagen-sf10k-fb.directed": "false",
      "graph.graph500-30.edge-file": "graph500-30.e",
      "graph.datagen-7_6-fb.meta.vertices": "754147",
      "graph.test-lcc-undirected.meta.edges": "12",
      "graph.graph500-28.pr.num-iterations": "10",
      "graph.datagen-7_9-fb.cdlp.max-iterations": "10",
      "graph.datagen-8_5-fb.meta.edges": "332026902",
      "graph.datagen-8_6-fb.sssp.weight-property": "weight",
      "benchmark.name": "Benchmark for dataset size S",
      "graph.test-lcc-directed.meta.edges": "17",
      "graph.test-cdlp-directed.meta.vertices": "8",
      "graph.datagen-7_7-zf.sssp.source-vertex": "6",
      "graph.datagen-sf10k-fb.edge-properties.types": "real",
      "graph.datagen-8_4-fb.pr.num-iterations": "10",
      "graph.test-pr-directed.vertex-file": "test-pr-directed.v",
      "graph.datagen-8_5-fb.edge-properties.names": "weight",
      "graph.test-wcc-undirected.vertex-file": "test-wcc-undirected.v",
      "benchmark.custom.timeout": "900",
      "graph.datagen-7_5-fb.bfs.source-vertex": "6",
      "graph.datagen-9_0-fb.edge-file": "datagen-9_0-fb.e",
      "graph.datagen-8_1-fb.edge-file": "datagen-8_1-fb.e",
      "graph.datagen-8_8-zf.meta.edges": "413354288",
      "graph.datagen-7_8-zf.sssp.weight-property": "weight",
      "graph.datagen-9_1-fb.cdlp.max-iterations": "10",
      "graph.test-sssp-directed.meta.vertices": "10",
      "graph.graph500-24.cdlp.max-iterations": "10",
      "graph.graph500-25.pr.damping-factor": "0.85",
      "graph.example-undirected.pr.damping-factor": "0.85",
      "platform.name": "GraphBLAS",
      "graph.datagen-9_2-zf.bfs.source-vertex": "6",
      "graph.graph500-25.edge-file": "graph500-25.e",
      "graph.test-pr-undirected.meta.edges": "113",
      "graph.datagen-8_3-zf.edge-properties.types": "real",
      "graph.wiki-Talk.pr.num-iterations": "10",
      "graph.test-bfs-directed.meta.vertices": "10",
      "graph.datagen-9_4-fb.sssp.source-vertex": "6",
      "graph.test-pr-directed.algorithms": "pr",
      "graph.datagen-8_2-zf.meta.vertices": "43734497",
      "graph.test-sssp-directed.sssp.weight-property": "weight",
      "graph.datagen-8_2-zf.vertex-file": "datagen-8_2-zf.v",
      "graph.graph500-26.meta.edges": "1051922853",
      "graph.graph500-30.directed": "false",
      "graph.graph500-25.cdlp.max-iterations": "10",
      "graph.graph500-30.meta.vertices": "447797986",
      "graph.datagen-9_4-fb.cdlp.max-iterations": "10",
      "graph.test-bfs-directed.meta.edges": "17",
      "graph.datagen-9_1-fb.algorithms": "bfs",
      "graph.datagen-8_9-fb.vertex-file": "datagen-8_9-fb.v",
      "graph.wiki-Talk.bfs.source-vertex": "2",
      "benchmark.custom.algorithms": "BFS",
      "graph.datagen-9_3-zf.bfs.source-vertex": "6",
      "graph.wiki-Talk.vertex-file": "wiki-Talk.v",
      "graph.graph500-27.pr.num-iterations": "10",
      "graph.datagen-9_4-fb.vertex-file": "datagen-9_4-fb.v",
      "graph.datagen-9_2-zf.directed": "false",
      "graph.datagen-9_2-zf.edge-file": "datagen-9_2-zf.e",
      "graph.datagen-9_3-zf.edge-file": "datagen-9_3-zf.e",
      "graph.datagen-sf3k-fb.algorithms": "bfs",
      "graph.example-directed.directed": "true",
      "graph.datagen-8_1-fb.pr.damping-factor": "0.85",
      "graph.datagen-9_2-zf.cdlp.max-iterations": "10",
      "graph.graph500-26.algorithms": "bfs",
      "graph.datagen-7_9-fb.edge-properties.types": "real",
      "graph.datagen-8_5-fb.algorithms": "bfs",
      "environment.name": "",
      "graph.datagen-8_3-zf.sssp.source-vertex": "6",
      "graphs.output-directory": "./output/",
      "graph.datagen-sf3k-fb.meta.edges": "2912009743",
      "graph.test-bfs-directed.algorithms": "bfs",
      "graph.datagen-sf3k-fb.edge-properties.names": "weight",
      "graph.datagen-8_4-fb.pr.damping-factor": "0.85",
      "graph.example-directed.meta.edges": "17",
      "graph.wiki-Talk.cdlp.max-iterations": "10",
      "graph.datagen-8_5-fb.pr.num-iterations": "10",
      "graph.example-undirected.sssp.weight-property": "weight",
      "graph.kgs.pr.num-iterations": "10",
      "graph.example-directed.pr.num-iterations": "2",
      "graph.datagen-7_6-fb.cdlp.max-iterations": "10",
      "graph.test-bfs-directed.bfs.source-vertex": "1",
      "graph.graph500-22.pr.damping-factor": "0.85",
      "graph.graph500-29.edge-file": "graph500-29.e",
      "graph.kgs.edge-properties.types": "real",
      "graph.datagen-8_0-fb.pr.num-iterations": "10",
      "graph.graph500-22.meta.edges": "64155735",
      "graph.test-cdlp-directed.edge-file": "test-cdlp-directed.e",
      "graph.datagen-9_2-zf.meta.vertices": "434943376",
      "graph.datagen-7_7-zf.pr.damping-factor": "0.85",
      "graph.datagen-7_8-zf.edge-properties.types": "real",
      "graph.datagen-8_4-fb.algorithms": "bfs",
      "graph.graph500-28.directed": "false",
      "graph.test-sssp-undirected.sssp.weight-property": "weight",
      "graph.datagen-sf10k-fb.sssp.source-vertex": "6",
      "graph.graph500-30.bfs.source-vertex": "0",
      "graph.datagen-8_8-zf.pr.damping-factor": "0.85",
      "graph.datagen-7_8-zf.sssp.source-vertex": "6",
      "graph.datagen-7_5-fb.vertex-file": "datagen-7_5-fb.v",
      "graph.datagen-8_1-fb.meta.vertices": "2072117",
      "graph.datagen-7_9-fb.sssp.weight-property": "weight",
      "graph.dota-league.directed": "false",
      "graph.twitter_mpi.bfs.source-vertex": "420",
      "graph.datagen-8_6-fb.sssp.source-vertex": "6",
      "graph.graph500-28.cdlp.max-iterations": "10",
      "graph.datagen-7_7-zf.cdlp.max-iterations": "10",
      "graph.cit-Patents.bfs.source-vertex": "6009541",
      "graph.datagen-8_9-fb.bfs.source-vertex": "6",
      "graph.datagen-9_0-fb.edge-properties.names": "weight",
      "graph.datagen-sf3k-fb.meta.vertices": "33484375",
      "graph.graph500-24.pr.num-iterations": "10",
      "graph.graph500-24.meta.edges": "260379520",
      "graph.wiki-Talk.directed": "true",
      "graph.graph500-26.pr.damping-factor": "0.85",
      "graph.datagen-8_3-zf.edge-properties.names": "weight",
      "graph.graph500-29.cdlp.max-iterations": "10",
      "graph.datagen-7_8-zf.pr.num-iterations": "10",
      "graph.datagen-7_9-fb.algorithms": "bfs",
      "graph.datagen-8_6-fb.pr.damping-factor": "0.85",
      "graph.datagen-8_8-zf.cdlp.max-iterations": "10",
      "graph.datagen-7_6-fb.pr.num-iterations": "10",
      "graph.datagen-7_8-zf.vertex-file": "datagen-7_8-zf.v",
      "graph.datagen-7_5-fb.pr.damping-factor": "0.85",
      "graph.datagen-8_0-fb.edge-file": "datagen-8_0-fb.e",
      "graph.test-pr-directed.meta.vertices": "50",
      "graph.datagen-8_7-zf.edge-properties.types": "real",
      "graph.test-lcc-directed.vertex-file": "test-lcc-directed.v",
      "graph.datagen-8_6-fb.cdlp.max-iterations": "10",
      "graph.dota-league.edge-file": "dota-league.e",
      "graph.graph500-26.vertex-file": "graph500-26.v",
      "graph.graph500-27.algorithms": "bfs",
      "benchmark.type": "custom",
      "graph.datagen-9_0-fb.algorithms": "bfs",
      "graph.test-cdlp-undirected.algorithms": "cdlp",
      "graph.datagen-8_7-zf.sssp.source-vertex": "6",
      "graph.graph500-27.vertex-file": "graph500-27.v",
      "graph.graph500-24.directed": "false",
      "graph.kgs.edge-properties.names": "weight",
      "platform.graphblas.num-threads": "224",
      "graph.datagen-8_6-fb.meta.vertices": "5667674",
      "graph.datagen-8_5-fb.edge-properties.types": "real",
      "graph.datagen-9_4-fb.directed": "false",
      "graph.test-cdlp-directed.vertex-file": "test-cdlp-directed.v",
      "graph.example-directed.edge-file": "example-directed.e",
      "graph.datagen-7_5-fb.pr.num-iterations": "10",
      "graph.kgs.edge-file": "kgs.e",
      "graph.datagen-7_6-fb.vertex-file": "datagen-7_6-fb.v",
      "graph.test-bfs-directed.vertex-file": "test-bfs-directed.v",
      "graph.test-cdlp-directed.meta.edges": "18",
      "graph.datagen-8_2-zf.cdlp.max-iterations": "10",
      "graph.kgs.directed": "false",
      "graph.datagen-9_0-fb.cdlp.max-iterations": "10",
      "graph.test-lcc-directed.directed": "true",
      "graph.datagen-8_7-zf.edge-file": "datagen-8_7-zf.e",
      "graph.graph500-28.meta.edges": "4236163958",
      "graph.cit-Patents.pr.damping-factor": "0.85",
      "graph.dota-league.sssp.source-vertex": "287770",
      "graph.datagen-9_2-zf.edge-properties.types": "real",
      "graph.graph500-23.vertex-file": "graph500-23.v",
      "graph.graph500-22.vertex-file": "graph500-22.v",
      "graph.datagen-7_9-fb.sssp.source-vertex": "6",
      "graph.test-sssp-undirected.edge-properties.types": "real",
      "graph.datagen-7_7-zf.bfs.source-vertex": "6",
      "graph.datagen-9_0-fb.sssp.source-vertex": "6",
      "graph.test-bfs-undirected.meta.edges": "14",
      "graph.datagen-9_1-fb.bfs.source-vertex": "6",
      "graph.datagen-8_3-zf.pr.damping-factor": "0.85",
      "graphs.names": "[graph500-22, graph500-23, graph500-24, graph500-25, graph500-26, graph500-27, graph500-28, graph500-29, graph500-30, datagen-7_5-fb, datagen-7_6-fb, datagen-7_7-zf, datagen-7_8-zf, datagen-7_9-fb, datagen-8_0-fb, datagen-8_1-fb, datagen-8_2-zf, datagen-8_3-zf, datagen-8_4-fb, datagen-8_5-fb, datagen-8_6-fb, datagen-8_7-zf, datagen-8_8-zf, datagen-8_9-fb, datagen-9_0-fb, datagen-9_1-fb, datagen-9_2-zf, datagen-9_3-zf, datagen-9_4-fb, datagen-sf3k-fb, datagen-sf10k-fb, dota-league, com-friendster, twitter_mpi, cit-Patents, kgs, wiki-Talk, test-bfs-directed, test-bfs-undirected, test-cdlp-directed, test-cdlp-undirected, test-lcc-directed, test-lcc-undirected, test-pr-directed, test-pr-undirected, test-sssp-directed, test-sssp-undirected, test-wcc-directed, test-wcc-undirected, example-directed, example-undirected]",
      "graph.test-lcc-directed.edge-file": "test-lcc-directed.e",
      "graph.twitter_mpi.pr.damping-factor": "0.85",
      "graph.datagen-8_2-zf.directed": "false",
      "graph.datagen-9_0-fb.sssp.weight-property": "weight",
      "graph.datagen-7_9-fb.pr.num-iterations": "10",
      "graph.cit-Patents.pr.num-iterations": "10",
      "graph.datagen-9_3-zf.cdlp.max-iterations": "10",
      "graph.datagen-7_6-fb.sssp.weight-property": "weight",
      "graph.datagen-8_3-zf.sssp.weight-property": "weight",
      "graph.test-cdlp-undirected.directed": "false",
      "graph.dota-league.edge-properties.names": "weight",
      "graph.datagen-8_7-zf.meta.edges": "340157363",
      "graph.datagen-7_8-zf.bfs.source-vertex": "6",
      "graph.com-friendster.meta.vertices": "65608366",
      "graph.graph500-22.directed": "false",
      "graph.test-wcc-undirected.algorithms": "wcc",
      "graph.graph500-23.cdlp.max-iterations": "10",
      "graph.datagen-8_6-fb.bfs.source-vertex": "6",
      "graph.datagen-9_4-fb.edge-file": "datagen-9_4-fb.e",
      "graph.com-friendster.pr.num-iterations": "10",
      "graph.twitter_mpi.pr.num-iterations": "10",
      "graph.datagen-7_8-zf.edge-properties.names": "weight",
      "graph.datagen-8_2-zf.edge-properties.types": "real",
      "graph.datagen-9_0-fb.bfs.source-vertex": "6",
      "graph.datagen-sf3k-fb.directed": "false",
      "graph.datagen-8_4-fb.edge-properties.names": "weight",
      "graph.datagen-8_5-fb.edge-file": "datagen-8_5-fb.e",
      "graph.datagen-8_5-fb.sssp.weight-property": "weight",
      "graph.test-lcc-directed.meta.vertices": "10",
      "graph.example-directed.edge-properties.names": "weight",
      "graph.wiki-Talk.meta.vertices": "2394385",
      "graph.datagen-sf10k-fb.sssp.weight-property": "weight",
      "graph.datagen-9_1-fb.vertex-file": "datagen-9_1-fb.v",
      "graph.datagen-sf10k-fb.bfs.source-vertex": "933",
      "graph.test-sssp-directed.algorithms": "sssp",
      "graph.datagen-8_4-fb.meta.edges": "269479177",
      "graph.graph500-29.meta.edges": "8493569115",
      "graph.datagen-9_4-fb.pr.num-iterations": "10",
      "graph.graph500-25.bfs.source-vertex": "24460635",
      "graph.example-undirected.cdlp.max-iterations": "2",
      "graph.kgs.bfs.source-vertex": "239044",
      "graph.datagen-7_7-zf.edge-properties.types": "real",
      "graph.datagen-9_2-zf.pr.num-iterations": "10",
      "graph.graph500-27.directed": "false",
      "graph.datagen-sf3k-fb.cdlp.max-iterations": "10",
      "graph.kgs.vertex-file": "kgs.v",
      "graph.datagen-8_7-zf.sssp.weight-property": "weight",
      "graph.test-pr-undirected.algorithms": "pr",
      "graph.graph500-25.pr.num-iterations": "10",
      "graph.datagen-sf3k-fb.sssp.source-vertex": "6",
      "graph.test-pr-directed.directed": "true",
      "graph.cit-Patents.cdlp.max-iterations": "10",
      "graph.datagen-9_4-fb.algorithms": "bfs",
      "platform.version": "1.0",
      "graph.test-pr-undirected.pr.damping-factor": "0.85",
      "graph.datagen-8_8-zf.vertex-file": "datagen-8_8-zf.v",
      "graph.graph500-30.meta.edges": "17022117362",
      "graph.wiki-Talk.pr.damping-factor": "0.85",
      "graph.example-undirected.vertex-file": "example-undirected.v",
      "graph.datagen-8_4-fb.sssp.source-vertex": "6",
      "graph.datagen-8_8-zf.edge-properties.names": "weight",
      "graph.datagen-sf10k-fb.meta.vertices": "100218750",
      "graph.example-undirected.edge-properties.types": "real",
      "graph.graph500-26.pr.num-iterations": "10",
      "graph.test-lcc-undirected.vertex-file": "test-lcc-undirected.v",
      "graph.dota-league.vertex-file": "dota-league.v",
      "graph.datagen-7_7-zf.edge-file": "datagen-7_7-zf.e",
      "graph.datagen-9_3-zf.meta.vertices": "555270053",
      "graph.datagen-9_3-zf.algorithms": "bfs",
      "graph.twitter_mpi.directed": "true",
      "system.pricing": "",
      "graph.test-sssp-undirected.meta.edges": "14",
      "benchmark.custom.repetitions": "3",
      "graph.example-undirected.algorithms": "bfs",
      "graph.test-pr-undirected.directed": "false",
      "graph.datagen-8_2-zf.meta.edges": "106440188",
      "graph.datagen-8_5-fb.pr.damping-factor": "0.85",
      "graph.dota-league.algorithms": "bfs",
      "graph.datagen-8_6-fb.edge-file": "datagen-8_6-fb.e",
      "graph.datagen-8_6-fb.edge-properties.types": "real",
      "graphs.root-directory": "/home/devcloud/data/",
      "graph.datagen-7_7-zf.pr.num-iterations": "10",
      "graph.com-friendster.vertex-file": "com-friendster.v",
      "graph.graph500-25.meta.edges": "523602831",
      "graph.datagen-7_5-fb.meta.vertices": "633432",
      "graph.test-pr-directed.meta.edges": "246",
      "graph.twitter_mpi.meta.vertices": "52579678",
      "graph.datagen-8_6-fb.pr.num-iterations": "10",
      "graph.test-sssp-directed.edge-properties.types": "real",
      "graph.test-pr-undirected.edge-file": "test-pr-undirected.e",
      "graph.test-wcc-directed.edge-file": "test-wcc-directed.e",
      "graph.kgs.meta.edges": "17891698",
      "graph.datagen-7_5-fb.cdlp.max-iterations": "10",
      "graph.test-wcc-directed.algorithms": "wcc",
      "graph.datagen-9_2-zf.algorithms": "bfs",
      "graph.datagen-7_6-fb.edge-properties.types": "real",
      "graph.datagen-9_0-fb.pr.num-iterations": "10",
      "graph.datagen-8_3-zf.meta.edges": "130579909",
      "graph.datagen-8_7-zf.pr.damping-factor": "0.85",
      "graph.datagen-8_8-zf.pr.num-iterations": "10",
      "graph.example-directed.pr.damping-factor": "0.85",
      "graph.datagen-8_0-fb.directed": "false",
      "graph.datagen-8_9-fb.meta.edges": "848681908",
      "graph.datagen-9_0-fb.directed": "false",
      "graph.datagen-7_9-fb.bfs.source-vertex": "6",
      "graph.datagen-7_8-zf.cdlp.max-iterations": "10",
      "environment.version": "",
      "graph.datagen-9_4-fb.bfs.source-vertex": "6",
      "graph.datagen-9_3-zf.sssp.source-vertex": "6",
      "graph.example-directed.meta.vertices": "10",
      "graph.datagen-8_4-fb.directed": "false",
      "graph.datagen-sf10k-fb.meta.edges": "9404822538"
    }
  },
  "result": {
    "experiments": {
      "e663675": {
        "id": "e663675",
        "type": "custom:exp",
        "jobs": [
          "j862566",
          "j553052",
          "j874969",
          "j898083",
          "j606438",
          "j687447",
          "j492452",
          "j879898",
          "j608487",
          "j781787",
          "j479535",
          "j680329",
          "j667375",
          "j770648",
          "j604444",
          "j566024",
          "j746807",
          "j565833",
          "j555686",
          "j916330",
          "j464193",
          "j625564",
          "j757947",
          "j559215",
          "j734642",
          "j570039",
          "j717880",
          "j474609",
          "j820923",
          "j559728",
          "j772755",
          "j521375",
          "j548840",
          "j637723",
          "j600671",
          "j788949",
          "j740451",
          "j565453",
          "j702469",
          "j798729",
          "j530878"
        ]
      }
    },
    "jobs": {
      "j492452": {
        "id": "j492452",
        "algorithm": "PR",
        "dataset": "datagen-7_9-fb",
        "scale": "1",
        "repetition": "3",
        "runs": [
          "r766797",
          "r832322",
          "r570805"
        ]
      },
      "j740451": {
        "id": "j740451",
        "algorithm": "SSSP",
        "dataset": "datagen-7_6-fb",
        "scale": "1",
        "repetition": "3",
        "runs": [
          "r492480",
          "r595929",
          "r909050"
        ]
      },
      "j474609": {
        "id": "j474609",
        "algorithm": "LCC",
        "dataset": "datagen-7_9-fb",
        "scale": "1",
        "repetition": "3",
        "runs": [
          "r566235",
          "r719961",
          "r575851"
        ]
      },
      "j553052": {
        "id": "j553052",
        "algorithm": "PR",
        "dataset": "datagen-7_6-fb",
        "scale": "1",
        "repetition": "3",
        "runs": [
          "r732873",
          "r498594",
          "r828941"
        ]
      },
      "j559215": {
        "id": "j559215",
        "algorithm": "LCC",
        "dataset": "datagen-7_7-zf",
        "scale": "1",
        "repetition": "3",
        "runs": [
          "r479597",
          "r609312",
          "r790352"
        ]
      },
      "j788949": {
        "id": "j788949",
        "algorithm": "SSSP",
        "dataset": "datagen-7_5-fb",
        "scale": "1",
        "repetition": "3",
        "runs": [
          "r710369",
          "r608239",
          "r864252"
        ]
      },
      "j566024": {
        "id": "j566024",
        "algorithm": "CDLP",
        "dataset": "datagen-7_6-fb",
        "scale": "1",
        "repetition": "3",
        "runs": [
          "r733515",
          "r671377",
          "r791489"
        ]
      },
      "j734642": {
        "id": "j734642",
        "algorithm": "LCC",
        "dataset": "datagen-7_8-zf",
        "scale": "1",
        "repetition": "3",
        "runs": [
          "r656966",
          "r709222",
          "r671754"
        ]
      },
      "j570039": {
        "id": "j570039",
        "algorithm": "LCC",
        "dataset": "dota-league",
        "scale": "1",
        "repetition": "3",
        "runs": [
          "r893240",
          "r583337",
          "r611897"
        ]
      },
      "j680329": {
        "id": "j680329",
        "algorithm": "BFS",
        "dataset": "dota-league",
        "scale": "1",
        "repetition": "3",
        "runs": [
          "r514796",
          "r913394",
          "r496001"
        ]
      },
      "j604444": {
        "id": "j604444",
        "algorithm": "CDLP",
        "dataset": "datagen-7_5-fb",
        "scale": "1",
        "repetition": "3",
        "runs": [
          "r591676",
          "r840953",
          "r652368"
        ]
      },
      "j820923": {
        "id": "j820923",
        "algorithm": "WCC",
        "dataset": "datagen-7_5-fb",
        "scale": "1",
        "repetition": "3",
        "runs": [
          "r715795",
          "r868042",
          "r906277"
        ]
      },
      "j625564": {
        "id": "j625564",
        "algorithm": "LCC",
        "dataset": "datagen-7_5-fb",
        "scale": "1",
        "repetition": "3",
        "runs": [
          "r709641",
          "r664001",
          "r914590"
        ]
      },
      "j770648": {
        "id": "j770648",
        "algorithm": "BFS",
        "dataset": "datagen-7_9-fb",
        "scale": "1",
        "repetition": "3",
        "runs": [
          "r857714",
          "r604608",
          "r572785"
        ]
      },
      "j479535": {
        "id": "j479535",
        "algorithm": "BFS",
        "dataset": "datagen-7_8-zf",
        "scale": "1",
        "repetition": "3",
        "runs": [
          "r747636",
          "r887225",
          "r493074"
        ]
      },
      "j565833": {
        "id": "j565833",
        "algorithm": "CDLP",
        "dataset": "datagen-7_8-zf",
        "scale": "1",
        "repetition": "3",
        "runs": [
          "r865276",
          "r604508",
          "r861815"
        ]
      },
      "j521375": {
        "id": "j521375",
        "algorithm": "WCC",
        "dataset": "datagen-7_8-zf",
        "scale": "1",
        "repetition": "3",
        "runs": [
          "r654384",
          "r729784",
          "r464997"
        ]
      },
      "j530878": {
        "id": "j530878",
        "algorithm": "SSSP",
        "dataset": "datagen-7_9-fb",
        "scale": "1",
        "repetition": "3",
        "runs": [
          "r650317",
          "r729253",
          "r782999"
        ]
      },
      "j757947": {
        "id": "j757947",
        "algorithm": "LCC",
        "dataset": "datagen-7_6-fb",
        "scale": "1",
        "repetition": "3",
        "runs": [
          "r586731",
          "r700929",
          "r709194"
        ]
      },
      "j862566": {
        "id": "j862566",
        "algorithm": "PR",
        "dataset": "datagen-7_5-fb",
        "scale": "1",
        "repetition": "3",
        "runs": [
          "r578168",
          "r619845",
          "r820647"
        ]
      },
      "j565453": {
        "id": "j565453",
        "algorithm": "SSSP",
        "dataset": "datagen-7_7-zf",
        "scale": "1",
        "repetition": "3",
        "runs": [
          "r784505",
          "r632818",
          "r679962"
        ]
      },
      "j555686": {
        "id": "j555686",
        "algorithm": "CDLP",
        "dataset": "dota-league",
        "scale": "1",
        "repetition": "3",
        "runs": [
          "r745658",
          "r519161",
          "r579164"
        ]
      },
      "j879898": {
        "id": "j879898",
        "algorithm": "BFS",
        "dataset": "datagen-7_5-fb",
        "scale": "1",
        "repetition": "3",
        "runs": [
          "r833882",
          "r615702",
          "r783077"
        ]
      },
      "j464193": {
        "id": "j464193",
        "algorithm": "CDLP",
        "dataset": "datagen-7_9-fb",
        "scale": "1",
        "repetition": "3",
        "runs": [
          "r489368",
          "r555992",
          "r668917"
        ]
      },
      "j772755": {
        "id": "j772755",
        "algorithm": "WCC",
        "dataset": "datagen-7_7-zf",
        "scale": "1",
        "repetition": "3",
        "runs": [
          "r839315",
          "r567710",
          "r800188"
        ]
      },
      "j702469": {
        "id": "j702469",
        "algorithm": "SSSP",
        "dataset": "datagen-7_8-zf",
        "scale": "1",
        "repetition": "3",
        "runs": [
          "r800683",
          "r892181",
          "r716412"
        ]
      },
      "j559728": {
        "id": "j559728",
        "algorithm": "WCC",
        "dataset": "datagen-7_6-fb",
        "scale": "1",
        "repetition": "3",
        "runs": [
          "r532133",
          "r770041",
          "r902169"
        ]
      },
      "j687447": {
        "id": "j687447",
        "algorithm": "PR",
        "dataset": "graph500-22",
        "scale": "1",
        "repetition": "3",
        "runs": [
          "r755464",
          "r690011",
          "r501520"
        ]
      },
      "j717880": {
        "id": "j717880",
        "algorithm": "LCC",
        "dataset": "graph500-22",
        "scale": "1",
        "repetition": "3",
        "runs": [
          "r647140",
          "r871044",
          "r503192"
        ]
      },
      "j608487": {
        "id": "j608487",
        "algorithm": "BFS",
        "dataset": "datagen-7_6-fb",
        "scale": "1",
        "repetition": "3",
        "runs": [
          "r892698",
          "r493601",
          "r784786"
        ]
      },
      "j667375": {
        "id": "j667375",
        "algorithm": "BFS",
        "dataset": "graph500-22",
        "scale": "1",
        "repetition": "3",
        "runs": [
          "r920562",
          "r887246",
          "r820327"
        ]
      },
      "j637723": {
        "id": "j637723",
        "algorithm": "WCC",
        "dataset": "graph500-22",
        "scale": "1",
        "repetition": "3",
        "runs": [
          "r879639",
          "r915310",
          "r526668"
        ]
      },
      "j781787": {
        "id": "j781787",
        "algorithm": "BFS",
        "dataset": "datagen-7_7-zf",
        "scale": "1",
        "repetition": "3",
        "runs": [
          "r486890",
          "r528704",
          "r571710"
        ]
      },
      "j606438": {
        "id": "j606438",
        "algorithm": "PR",
        "dataset": "dota-league",
        "scale": "1",
        "repetition": "3",
        "runs": [
          "r844489",
          "r500599",
          "r588768"
        ]
      },
      "j600671": {
        "id": "j600671",
        "algorithm": "WCC",
        "dataset": "datagen-7_9-fb",
        "scale": "1",
        "repetition": "3",
        "runs": [
          "r786831",
          "r709457",
          "r630743"
        ]
      },
      "j874969": {
        "id": "j874969",
        "algorithm": "PR",
        "dataset": "datagen-7_7-zf",
        "scale": "1",
        "repetition": "3",
        "runs": [
          "r882503",
          "r871072",
          "r749497"
        ]
      },
      "j746807": {
        "id": "j746807",
        "algorithm": "CDLP",
        "dataset": "datagen-7_7-zf",
        "scale": "1",
        "repetition": "3",
        "runs": [
          "r629284",
          "r684605",
          "r843279"
        ]
      },
      "j916330": {
        "id": "j916330",
        "algorithm": "CDLP",
        "dataset": "graph500-22",
        "scale": "1",
        "repetition": "3",
        "runs": [
          "r703563",
          "r526997",
          "r791491"
        ]
      },
      "j548840": {
        "id": "j548840",
        "algorithm": "WCC",
        "dataset": "dota-league",
        "scale": "1",
        "repetition": "3",
        "runs": [
          "r905492",
          "r895759",
          "r763234"
        ]
      },
      "j798729": {
        "id": "j798729",
        "algorithm": "SSSP",
        "dataset": "dota-league",
        "scale": "1",
        "repetition": "3",
        "runs": [
          "r659910",
          "r902250",
          "r867903"
        ]
      },
      "j898083": {
        "id": "j898083",
        "algorithm": "PR",
        "dataset": "datagen-7_8-zf",
        "scale": "1",
        "repetition": "3",
        "runs": [
          "r731480",
          "r788212",
          "r795052"
        ]
      }
    },
    "runs": {
      "r629284": {
        "id": "r629284",
        "timestamp": "1687413817557",
        "success": "true",
        "load_time": "0.011",
        "makespan": "3.447",
        "processing_time": "1.628"
      },
      "r575851": {
        "id": "r575851",
        "timestamp": "1687414931616",
        "success": "true",
        "load_time": "0.013",
        "makespan": "3.927",
        "processing_time": "2.933"
      },
      "r745658": {
        "id": "r745658",
        "timestamp": "1687414767080",
        "success": "true",
        "load_time": "0.012",
        "makespan": "0.774",
        "processing_time": "0.288"
      },
      "r905492": {
        "id": "r905492",
        "timestamp": "1687414656916",
        "success": "true",
        "load_time": "0.012",
        "makespan": "0.471",
        "processing_time": "0.009"
      },
      "r716412": {
        "id": "r716412",
        "timestamp": "1687414568719",
        "success": "true",
        "load_time": "0.012",
        "makespan": "6.668",
        "processing_time": "2.615"
      },
      "r755464": {
        "id": "r755464",
        "timestamp": "1687415286504",
        "success": "true",
        "load_time": "0.010",
        "makespan": "1.232",
        "processing_time": "0.109"
      },
      "r865276": {
        "id": "r865276",
        "timestamp": "1687414547661",
        "success": "true",
        "load_time": "0.023",
        "makespan": "4.009",
        "processing_time": "1.972"
      },
      "r609312": {
        "id": "r609312",
        "timestamp": "1687413991806",
        "success": "true",
        "load_time": "0.011",
        "makespan": "3.163",
        "processing_time": "0.782"
      },
      "r913394": {
        "id": "r913394",
        "timestamp": "1687414780113",
        "success": "true",
        "load_time": "0.012",
        "makespan": "0.470",
        "processing_time": "0.019"
      },
      "r887225": {
        "id": "r887225",
        "timestamp": "1687414484550",
        "success": "true",
        "load_time": "0.023",
        "makespan": "1.946",
        "processing_time": "0.168"
      },
      "r578168": {
        "id": "r578168",
        "timestamp": "1687413693248",
        "success": "true",
        "load_time": "0.017",
        "makespan": "0.702",
        "processing_time": "0.068"
      },
      "r784505": {
        "id": "r784505",
        "timestamp": "1687414107002",
        "success": "true",
        "load_time": "0.010",
        "makespan": "5.358",
        "processing_time": "2.055"
      },
      "r567710": {
        "id": "r567710",
        "timestamp": "1687414049916",
        "success": "true",
        "load_time": "0.011",
        "makespan": "1.635",
        "processing_time": "0.250"
      },
      "r820647": {
        "id": "r820647",
        "timestamp": "1687413614055",
        "success": "true",
        "load_time": "0.017",
        "makespan": "0.681",
        "processing_time": "0.047"
      },
      "r763234": {
        "id": "r763234",
        "timestamp": "1687414643871",
        "success": "true",
        "load_time": "0.012",
        "makespan": "0.715",
        "processing_time": "0.010"
      },
      "r647140": {
        "id": "r647140",
        "timestamp": "1687415380693",
        "success": "true",
        "load_time": "0.010",
        "makespan": "9.134",
        "processing_time": "8.123"
      },
      "r615702": {
        "id": "r615702",
        "timestamp": "1687413521800",
        "success": "true",
        "load_time": "0.017",
        "makespan": "0.764",
        "processing_time": "0.017"
      },
      "r715795": {
        "id": "r715795",
        "timestamp": "1687413560912",
        "success": "true",
        "load_time": "0.017",
        "makespan": "0.450",
        "processing_time": "0.024"
      },
      "r668917": {
        "id": "r668917",
        "timestamp": "1687415049893",
        "success": "true",
        "load_time": "0.013",
        "makespan": "1.463",
        "processing_time": "0.644"
      },
      "r790352": {
        "id": "r790352",
        "timestamp": "1687414086948",
        "success": "true",
        "load_time": "0.011",
        "makespan": "2.982",
        "processing_time": "0.773"
      },
      "r588768": {
        "id": "r588768",
        "timestamp": "1687414841304",
        "success": "true",
        "load_time": "0.012",
        "makespan": "0.524",
        "processing_time": "0.053"
      },
      "r770041": {
        "id": "r770041",
        "timestamp": "1687413468620",
        "success": "true",
        "load_time": "0.012",
        "makespan": "0.496",
        "processing_time": "0.022"
      },
      "r732873": {
        "id": "r732873",
        "timestamp": "1687413386386",
        "success": "true",
        "load_time": "0.012",
        "makespan": "2.029",
        "processing_time": "1.291"
      },
      "r650317": {
        "id": "r650317",
        "timestamp": "1687415147169",
        "success": "true",
        "load_time": "0.015",
        "makespan": "2.688",
        "processing_time": "1.368"
      },
      "r566235": {
        "id": "r566235",
        "timestamp": "1687415005794",
        "success": "true",
        "load_time": "0.013",
        "makespan": "3.901",
        "processing_time": "2.931"
      },
      "r882503": {
        "id": "r882503",
        "timestamp": "1687413914698",
        "success": "true",
        "load_time": "0.011",
        "makespan": "3.085",
        "processing_time": "0.383"
      },
      "r500599": {
        "id": "r500599",
        "timestamp": "1687414804190",
        "success": "true",
        "load_time": "0.012",
        "makespan": "0.554",
        "processing_time": "0.056"
      },
      "r526668": {
        "id": "r526668",
        "timestamp": "1687415229379",
        "success": "true",
        "load_time": "0.010",
        "makespan": "0.884",
        "processing_time": "0.045"
      },
      "r654384": {
        "id": "r654384",
        "timestamp": "1687414174163",
        "success": "true",
        "load_time": "0.023",
        "makespan": "2.229",
        "processing_time": "0.235"
      },
      "r709222": {
        "id": "r709222",
        "timestamp": "1687414241224",
        "success": "true",
        "load_time": "0.023",
        "makespan": "3.807",
        "processing_time": "0.926"
      },
      "r656966": {
        "id": "r656966",
        "timestamp": "1687414285290",
        "success": "true",
        "load_time": "0.023",
        "makespan": "3.745",
        "processing_time": "0.956"
      },
      "r700929": {
        "id": "r700929",
        "timestamp": "1687413343290",
        "success": "true",
        "load_time": "0.012",
        "makespan": "3.081",
        "processing_time": "2.524"
      },
      "r479597": {
        "id": "r479597",
        "timestamp": "1687413779475",
        "success": "true",
        "load_time": "0.011",
        "makespan": "3.063",
        "processing_time": "0.730"
      },
      "r571710": {
        "id": "r571710",
        "timestamp": "1687413799508",
        "success": "true",
        "load_time": "0.011",
        "makespan": "1.770",
        "processing_time": "0.159"
      },
      "r496001": {
        "id": "r496001",
        "timestamp": "1687414865399",
        "success": "true",
        "load_time": "0.012",
        "makespan": "0.484",
        "processing_time": "0.017"
      },
      "r902169": {
        "id": "r902169",
        "timestamp": "1687413414460",
        "success": "true",
        "load_time": "0.012",
        "makespan": "0.572",
        "processing_time": "0.022"
      },
      "r868042": {
        "id": "r868042",
        "timestamp": "1687413680217",
        "success": "true",
        "load_time": "0.017",
        "makespan": "0.491",
        "processing_time": "0.019"
      },
      "r832322": {
        "id": "r832322",
        "timestamp": "1687415076978",
        "success": "true",
        "load_time": "0.013",
        "makespan": "1.166",
        "processing_time": "0.104"
      },
      "r652368": {
        "id": "r652368",
        "timestamp": "1687413547884",
        "success": "true",
        "load_time": "0.017",
        "makespan": "0.878",
        "processing_time": "0.319"
      },
      "r840953": {
        "id": "r840953",
        "timestamp": "1687413587973",
        "success": "true",
        "load_time": "0.017",
        "makespan": "0.757",
        "processing_time": "0.307"
      },
      "r861815": {
        "id": "r861815",
        "timestamp": "1687414351398",
        "success": "true",
        "load_time": "0.023",
        "makespan": "4.130",
        "processing_time": "2.004"
      },
      "r709194": {
        "id": "r709194",
        "timestamp": "1687413400423",
        "success": "true",
        "load_time": "0.012",
        "makespan": "1.960",
        "processing_time": "1.408"
      },
      "r684605": {
        "id": "r684605",
        "timestamp": "1687413895667",
        "success": "true",
        "load_time": "0.011",
        "makespan": "3.348",
        "processing_time": "1.640"
      },
      "r871044": {
        "id": "r871044",
        "timestamp": "1687415207351",
        "success": "true",
        "load_time": "0.010",
        "makespan": "9.157",
        "processing_time": "8.132"
      },
      "r630743": {
        "id": "r630743",
        "timestamp": "1687414963683",
        "success": "true",
        "load_time": "0.013",
        "makespan": "0.923",
        "processing_time": "0.032"
      },
      "r843279": {
        "id": "r843279",
        "timestamp": "1687413972776",
        "success": "true",
        "load_time": "0.011",
        "makespan": "3.299",
        "processing_time": "1.643"
      },
      "r844489": {
        "id": "r844489",
        "timestamp": "1687414792159",
        "success": "true",
        "load_time": "0.012",
        "makespan": "0.530",
        "processing_time": "0.041"
      },
      "r895759": {
        "id": "r895759",
        "timestamp": "1687414829265",
        "success": "true",
        "load_time": "0.012",
        "makespan": "0.487",
        "processing_time": "0.009"
      },
      "r709457": {
        "id": "r709457",
        "timestamp": "1687414916569",
        "success": "true",
        "load_time": "0.013",
        "makespan": "1.271",
        "processing_time": "0.029"
      },
      "r857714": {
        "id": "r857714",
        "timestamp": "1687415063945",
        "success": "true",
        "load_time": "0.013",
        "makespan": "0.927",
        "processing_time": "0.023"
      },
      "r591676": {
        "id": "r591676",
        "timestamp": "1687413627090",
        "success": "true",
        "load_time": "0.017",
        "makespan": "0.830",
        "processing_time": "0.299"
      },
      "r731480": {
        "id": "r731480",
        "timestamp": "1687414307340",
        "success": "true",
        "load_time": "0.023",
        "makespan": "3.798",
        "processing_time": "0.384"
      },
      "r833882": {
        "id": "r833882",
        "timestamp": "1687413534834",
        "success": "true",
        "load_time": "0.017",
        "makespan": "0.468",
        "processing_time": "0.017"
      },
      "r579164": {
        "id": "r579164",
        "timestamp": "1687414816236",
        "success": "true",
        "load_time": "0.012",
        "makespan": "0.848",
        "processing_time": "0.322"
      },
      "r619845": {
        "id": "r619845",
        "timestamp": "1687413667184",
        "success": "true",
        "load_time": "0.017",
        "makespan": "0.634",
        "processing_time": "0.060"
      },
      "r782999": {
        "id": "r782999",
        "timestamp": "1687415131133",
        "success": "true",
        "load_time": "0.015",
        "makespan": "3.275",
        "processing_time": "1.352"
      },
      "r800188": {
        "id": "r800188",
        "timestamp": "1687413934741",
        "success": "true",
        "load_time": "0.011",
        "makespan": "1.631",
        "processing_time": "0.235"
      },
      "r786831": {
        "id": "r786831",
        "timestamp": "1687415021828",
        "success": "true",
        "load_time": "0.013",
        "makespan": "0.905",
        "processing_time": "0.031"
      },
      "r867903": {
        "id": "r867903",
        "timestamp": "1687414903518",
        "success": "true",
        "load_time": "0.014",
        "makespan": "1.393",
        "processing_time": "0.815"
      },
      "r788212": {
        "id": "r788212",
        "timestamp": "1687414525627",
        "success": "true",
        "load_time": "0.023",
        "makespan": "3.778",
        "processing_time": "0.431"
      },
      "r671377": {
        "id": "r671377",
        "timestamp": "1687413317193",
        "success": "true",
        "load_time": "0.012",
        "makespan": "1.283",
        "processing_time": "0.367"
      },
      "r528704": {
        "id": "r528704",
        "timestamp": "1687413761439",
        "success": "true",
        "load_time": "0.011",
        "makespan": "1.852",
        "processing_time": "0.190"
      },
      "r572785": {
        "id": "r572785",
        "timestamp": "1687415036863",
        "success": "true",
        "load_time": "0.013",
        "makespan": "0.907",
        "processing_time": "0.022"
      },
      "r766797": {
        "id": "r766797",
        "timestamp": "1687415118072",
        "success": "true",
        "load_time": "0.013",
        "makespan": "1.133",
        "processing_time": "0.095"
      },
      "r879639": {
        "id": "r879639",
        "timestamp": "1687415364664",
        "success": "true",
        "load_time": "0.010",
        "makespan": "0.926",
        "processing_time": "0.058"
      },
      "r464997": {
        "id": "r464997",
        "timestamp": "1687414391493",
        "success": "true",
        "load_time": "0.023",
        "makespan": "1.923",
        "processing_time": "0.261"
      },
      "r709641": {
        "id": "r709641",
        "timestamp": "1687413653150",
        "success": "true",
        "load_time": "0.017",
        "makespan": "1.635",
        "processing_time": "1.133"
      },
      "r892698": {
        "id": "r892698",
        "timestamp": "1687413330238",
        "success": "true",
        "load_time": "0.012",
        "makespan": "0.720",
        "processing_time": "0.227"
      },
      "r747636": {
        "id": "r747636",
        "timestamp": "1687414372442",
        "success": "true",
        "load_time": "0.023",
        "makespan": "2.061",
        "processing_time": "0.205"
      },
      "r719961": {
        "id": "r719961",
        "timestamp": "1687414947649",
        "success": "true",
        "load_time": "0.013",
        "makespan": "3.902",
        "processing_time": "2.932"
      },
      "r493074": {
        "id": "r493074",
        "timestamp": "1687414222190",
        "success": "true",
        "load_time": "0.023",
        "makespan": "1.985",
        "processing_time": "0.190"
      },
      "r632818": {
        "id": "r632818",
        "timestamp": "1687414130047",
        "success": "true",
        "load_time": "0.010",
        "makespan": "5.211",
        "processing_time": "2.112"
      },
      "r749497": {
        "id": "r749497",
        "timestamp": "1687413837599",
        "success": "true",
        "load_time": "0.011",
        "makespan": "3.059",
        "processing_time": "0.310"
      },
      "r664001": {
        "id": "r664001",
        "timestamp": "1687413706286",
        "success": "true",
        "load_time": "0.017",
        "makespan": "1.713",
        "processing_time": "1.131"
      },
      "r733515": {
        "id": "r733515",
        "timestamp": "1687413482657",
        "success": "true",
        "load_time": "0.012",
        "makespan": "0.851",
        "processing_time": "0.352"
      },
      "r871072": {
        "id": "r871072",
        "timestamp": "1687414029879",
        "success": "true",
        "load_time": "0.011",
        "makespan": "3.244",
        "processing_time": "0.348"
      },
      "r820327": {
        "id": "r820327",
        "timestamp": "1687415402724",
        "success": "true",
        "load_time": "0.010",
        "makespan": "0.989",
        "processing_time": "0.037"
      },
      "r784786": {
        "id": "r784786",
        "timestamp": "1687413508726",
        "success": "true",
        "load_time": "0.012",
        "makespan": "0.513",
        "processing_time": "0.017"
      },
      "r604508": {
        "id": "r604508",
        "timestamp": "1687414263259",
        "success": "true",
        "load_time": "0.023",
        "makespan": "4.300",
        "processing_time": "1.975"
      },
      "r489368": {
        "id": "r489368",
        "timestamp": "1687415091008",
        "success": "true",
        "load_time": "0.013",
        "makespan": "1.502",
        "processing_time": "0.650"
      },
      "r791489": {
        "id": "r791489",
        "timestamp": "1687413428498",
        "success": "true",
        "load_time": "0.012",
        "makespan": "0.996",
        "processing_time": "0.412"
      },
      "r519161": {
        "id": "r519161",
        "timestamp": "1687414697988",
        "success": "true",
        "load_time": "0.012",
        "makespan": "0.751",
        "processing_time": "0.291"
      },
      "r864252": {
        "id": "r864252",
        "timestamp": "1687413720329",
        "success": "true",
        "load_time": "0.010",
        "makespan": "1.480",
        "processing_time": "0.630"
      },
      "r514796": {
        "id": "r514796",
        "timestamp": "1687414853342",
        "success": "true",
        "load_time": "0.012",
        "makespan": "0.504",
        "processing_time": "0.029"
      },
      "r906277": {
        "id": "r906277",
        "timestamp": "1687413640120",
        "success": "true",
        "load_time": "0.017",
        "makespan": "0.440",
        "processing_time": "0.018"
      },
      "r920562": {
        "id": "r920562",
        "timestamp": "1687415194304",
        "success": "true",
        "load_time": "0.010",
        "makespan": "0.898",
        "processing_time": "0.042"
      },
      "r498594": {
        "id": "r498594",
        "timestamp": "1687413441546",
        "success": "true",
        "load_time": "0.012",
        "makespan": "0.693",
        "processing_time": "0.055"
      },
      "r690011": {
        "id": "r690011",
        "timestamp": "1687415322566",
        "success": "true",
        "load_time": "0.010",
        "makespan": "1.260",
        "processing_time": "0.114"
      },
      "r595929": {
        "id": "r595929",
        "timestamp": "1687413289093",
        "success": "true",
        "load_time": "0.018",
        "makespan": "1.521",
        "processing_time": "0.776"
      },
      "r532133": {
        "id": "r532133",
        "timestamp": "1687413358311",
        "success": "true",
        "load_time": "0.012",
        "makespan": "2.211",
        "processing_time": "1.706"
      },
      "r671754": {
        "id": "r671754",
        "timestamp": "1687414503601",
        "success": "true",
        "load_time": "0.023",
        "makespan": "3.778",
        "processing_time": "0.923"
      },
      "r555992": {
        "id": "r555992",
        "timestamp": "1687414991755",
        "success": "true",
        "load_time": "0.013",
        "makespan": "1.567",
        "processing_time": "0.657"
      },
      "r570805": {
        "id": "r570805",
        "timestamp": "1687415105041",
        "success": "true",
        "load_time": "0.013",
        "makespan": "1.124",
        "processing_time": "0.093"
      },
      "r503192": {
        "id": "r503192",
        "timestamp": "1687415300532",
        "success": "true",
        "load_time": "0.010",
        "makespan": "9.127",
        "processing_time": "8.120"
      },
      "r800683": {
        "id": "r800683",
        "timestamp": "1687414593756",
        "success": "true",
        "load_time": "0.012",
        "makespan": "6.223",
        "processing_time": "2.576"
      },
      "r892181": {
        "id": "r892181",
        "timestamp": "1687414618796",
        "success": "true",
        "load_time": "0.012",
        "makespan": "6.263",
        "processing_time": "2.620"
      },
      "r486890": {
        "id": "r486890",
        "timestamp": "1687414011849",
        "success": "true",
        "load_time": "0.011",
        "makespan": "1.713",
        "processing_time": "0.159"
      },
      "r659910": {
        "id": "r659910",
        "timestamp": "1687414890485",
        "success": "true",
        "load_time": "0.014",
        "makespan": "1.405",
        "processing_time": "0.813"
      },
      "r679962": {
        "id": "r679962",
        "timestamp": "1687414152086",
        "success": "true",
        "load_time": "0.010",
        "makespan": "5.094",
        "processing_time": "2.082"
      },
      "r611897": {
        "id": "r611897",
        "timestamp": "1687414669965",
        "success": "true",
        "load_time": "0.012",
        "makespan": "16.132",
        "processing_time": "15.606"
      },
      "r887246": {
        "id": "r887246",
        "timestamp": "1687415259439",
        "success": "true",
        "load_time": "0.010",
        "makespan": "0.909",
        "processing_time": "0.025"
      },
      "r492480": {
        "id": "r492480",
        "timestamp": "1687413303134",
        "success": "true",
        "load_time": "0.018",
        "makespan": "1.458",
        "processing_time": "0.748"
      },
      "r795052": {
        "id": "r795052",
        "timestamp": "1687414329367",
        "success": "true",
        "load_time": "0.023",
        "makespan": "3.700",
        "processing_time": "0.352"
      },
      "r586731": {
        "id": "r586731",
        "timestamp": "1687413454586",
        "success": "true",
        "load_time": "0.012",
        "makespan": "1.956",
        "processing_time": "1.404"
      },
      "r915310": {
        "id": "r915310",
        "timestamp": "1687415177252",
        "success": "true",
        "load_time": "0.010",
        "makespan": "1.266",
        "processing_time": "0.058"
      },
      "r839315": {
        "id": "r839315",
        "timestamp": "1687413857634",
        "success": "true",
        "load_time": "0.011",
        "makespan": "1.731",
        "processing_time": "0.226"
      },
      "r791491": {
        "id": "r791491",
        "timestamp": "1687415245413",
        "success": "true",
        "load_time": "0.010",
        "makespan": "1.600",
        "processing_time": "0.786"
      },
      "r828941": {
        "id": "r828941",
        "timestamp": "1687413495688",
        "success": "true",
        "load_time": "0.012",
        "makespan": "0.747",
        "processing_time": "0.080"
      },
      "r729784": {
        "id": "r729784",
        "timestamp": "1687414438515",
        "success": "true",
        "load_time": "0.023",
        "makespan": "1.917",
        "processing_time": "0.292"
      },
      "r783077": {
        "id": "r783077",
        "timestamp": "1687413601012",
        "success": "true",
        "load_time": "0.017",
        "makespan": "0.407",
        "processing_time": "0.018"
      },
      "r501520": {
        "id": "r501520",
        "timestamp": "1687415350633",
        "success": "true",
        "load_time": "0.010",
        "makespan": "1.252",
        "processing_time": "0.157"
      },
      "r893240": {
        "id": "r893240",
        "timestamp": "1687414739052",
        "success": "true",
        "load_time": "0.012",
        "makespan": "15.951",
        "processing_time": "15.510"
      },
      "r604608": {
        "id": "r604608",
        "timestamp": "1687414978721",
        "success": "true",
        "load_time": "0.013",
        "makespan": "0.935",
        "processing_time": "0.033"
      },
      "r526997": {
        "id": "r526997",
        "timestamp": "1687415272472",
        "success": "true",
        "load_time": "0.010",
        "makespan": "1.577",
        "processing_time": "0.776"
      },
      "r902250": {
        "id": "r902250",
        "timestamp": "1687414877453",
        "success": "true",
        "load_time": "0.014",
        "makespan": "1.661",
        "processing_time": "0.820"
      },
      "r493601": {
        "id": "r493601",
        "timestamp": "1687413373345",
        "success": "true",
        "load_time": "0.012",
        "makespan": "0.504",
        "processing_time": "0.016"
      },
      "r608239": {
        "id": "r608239",
        "timestamp": "1687413748387",
        "success": "true",
        "load_time": "0.010",
        "makespan": "1.243",
        "processing_time": "0.609"
      },
      "r909050": {
        "id": "r909050",
        "timestamp": "1687413271073",
        "success": "true",
        "load_time": "0.018",
        "makespan": "5.411",
        "processing_time": "4.241"
      },
      "r914590": {
        "id": "r914590",
        "timestamp": "1687413573943",
        "success": "true",
        "load_time": "0.017",
        "makespan": "1.586",
        "processing_time": "1.088"
      },
      "r703563": {
        "id": "r703563",
        "timestamp": "1687415336594",
        "success": "true",
        "load_time": "0.010",
        "makespan": "1.585",
        "processing_time": "0.779"
      },
      "r710369": {
        "id": "r710369",
        "timestamp": "1687413734368",
        "success": "true",
        "load_time": "0.010",
        "makespan": "1.341",
        "processing_time": "0.634"
      },
      "r729253": {
        "id": "r729253",
        "timestamp": "1687415162203",
        "success": "true",
        "load_time": "0.015",
        "makespan": "2.653",
        "processing_time": "1.398"
      },
      "r583337": {
        "id": "r583337",
        "timestamp": "1687414711018",
        "success": "true",
        "load_time": "0.012",
        "makespan": "16.058",
        "processing_time": "15.590"
      }
    }
  }
}