{
  "id": "b470065",
  "specification": "1.0.0",
  "description": "grb:v8.0.0 lagr:mmread-sym",
  "system": {
    "platform": {
      "name": "GraphBLAS",
      "acronym": "graphblas",
      "version": "1.0",
      "link": "https://github.com/FTSRG/ldbc-graphalytics-platform-graphblas"
    },
    "environment": {
      "name": "",
      "acronym": "",
      "version": "",
      "link": "",
      "machines": [
        {
         "quantity": "1",
          "cpu": "2-Socket Intel(R) Xeon(R) Platinum 8480+",
          "memory": "1TB (16x 64GB) DDR5 RDIMM",
          "network": "",
          "storage": "7.6TB NVMe Solidigm D7-P5510"        }
      ]
    },
    "tool": {
      "graphalytics-core": {
        "name": "graphalytics-core",
        "version": "1.10.0",
        "link": "https://github.com/ldbc/ldbc_graphalytics"
      },
      "graphalytics-platforms-graphblas": {
        "name": "graphalytics-platforms-graphblas",
        "version": "0.1.0-SNAPSHOT",
        "link": "https://github.com/atlarge-research/graphalytics-platforms-graphblas"
      }
    },
    "pricing": "51826"
  },
  "benchmark": {
    "type": "custom",
    "name": "Benchmark for dataset size L",
    "duration": "7738857",
    "timeout": "3600",
    "resources": {},
    "output": {
      "required": "-",
      "directory": "./output/"
    },
    "validation": {
      "required": "-",
      "directory": "/home/devcloud/data/"
    },
    "configurations": {
      "graph.datagen-8_9-fb.edge-properties.types": "real",
      "environment.machine.memory": "",
      "graph.datagen-8_3-zf.cdlp.max-iterations": "10",
      "graph.datagen-9_4-fb.sssp.weight-property": "weight",
      "graph.graph500-27.meta.vertices": "63081040",
      "graph.test-bfs-undirected.vertex-file": "test-bfs-undirected.v",
      "graph.cit-Patents.algorithms": "bfs",
      "graph.datagen-8_9-fb.sssp.source-vertex": "6",
      "graph.graph500-24.edge-file": "graph500-24.e",
      "graph.datagen-8_4-fb.vertex-file": "datagen-8_4-fb.v",
      "graph.datagen-9_1-fb.meta.vertices": "16087483",
      "graph.example-undirected.meta.vertices": "9",
      "graph.com-friendster.cdlp.max-iterations": "10",
      "graph.test-pr-directed.edge-file": "test-pr-directed.e",
      "graph.cit-Patents.vertex-file": "cit-Patents.v",
      "graph.datagen-7_9-fb.vertex-file": "datagen-7_9-fb.v",
      "graph.test-bfs-undirected.bfs.source-vertex": "1",
      "graph.kgs.cdlp.max-iterations": "10",
      "graph.kgs.meta.vertices": "832247",
      "environment.machine.storage": "",
      "graph.datagen-8_7-zf.bfs.source-vertex": "6",
      "benchmark.runner.max-memory": "",
      "graph.datagen-sf3k-fb.pr.num-iterations": "10",
      "graph.datagen-8_3-zf.meta.vertices": "53525014",
      "graph.datagen-8_1-fb.algorithms": "bfs",
      "graph.datagen-7_7-zf.meta.edges": "32791267",
      "graph.datagen-8_7-zf.vertex-file": "datagen-8_7-zf.v",
      "graph.datagen-8_8-zf.meta.vertices": "168308893",
      "graph.datagen-9_2-zf.vertex-file": "datagen-9_2-zf.v",
      "graph.dota-league.cdlp.max-iterations": "10",
      "graph.datagen-sf3k-fb.pr.damping-factor": "0.85",
      "graph.datagen-8_5-fb.sssp.source-vertex": "6",
      "graph.datagen-8_8-zf.edge-properties.types": "real",
      "graph.graph500-22.cdlp.max-iterations": "10",
      "graph.graph500-23.algorithms": "bfs",
      "graph.graph500-22.edge-file": "graph500-22.e",
      "graph.datagen-8_0-fb.edge-properties.names": "weight",
      "graph.datagen-8_0-fb.meta.vertices": "1706561",
      "graph.example-undirected.edge-properties.names": "weight",
      "graph.datagen-8_0-fb.algorithms": "bfs",
      "graph.datagen-9_4-fb.edge-properties.types": "real",
      "graph.datagen-7_7-zf.algorithms": "bfs",
      "graph.datagen-8_0-fb.bfs.source-vertex": "6",
      "graph.twitter_mpi.cdlp.max-iterations": "10",
      "graph.graph500-22.bfs.source-vertex": "248533",
      "graph.graph500-30.pr.damping-factor": "0.85",
      "graph.example-directed.bfs.source-vertex": "1",
      "graph.datagen-9_1-fb.edge-properties.types": "real",
      "graph.datagen-sf10k-fb.algorithms": "bfs",
      "graph.datagen-8_5-fb.vertex-file": "datagen-8_5-fb.v",
      "graph.datagen-sf10k-fb.vertex-file": "datagen-sf10k-fb.v",
      "graph.datagen-8_9-fb.cdlp.max-iterations": "10",
      "graph.com-friendster.meta.edges": "1806067135",
      "graph.graph500-26.meta.vertices": "32804978",
      "graph.datagen-7_8-zf.algorithms": "bfs",
      "graph.datagen-9_2-zf.sssp.weight-property": "weight",
      "graph.datagen-9_2-zf.sssp.source-vertex": "6",
      "graph.datagen-7_5-fb.algorithms": "bfs",
      "graph.graph500-24.bfs.source-vertex": "2592222",
      "graph.datagen-7_6-fb.edge-file": "datagen-7_6-fb.e",
      "graph.datagen-8_8-zf.bfs.source-vertex": "6",
      "graph.test-wcc-directed.meta.edges": "10",
      "graph.dota-league.meta.vertices": "61170",
      "graph.datagen-sf10k-fb.cdlp.max-iterations": "10",
      "graph.datagen-7_7-zf.meta.vertices": "13180508",
      "graph.datagen-7_5-fb.meta.edges": "34185747",
      "graph.example-directed.edge-properties.types": "real",
      "graph.datagen-7_8-zf.edge-file": "datagen-7_8-zf.e",
      "graph.test-pr-directed.pr.damping-factor": "0.85",
      "graph.test-pr-undirected.pr.num-iterations": "26",
      "graph.datagen-9_2-zf.pr.damping-factor": "0.85",
      "graph.datagen-9_3-zf.pr.num-iterations": "10",
      "graph.datagen-9_3-zf.edge-properties.types": "real",
      "graph.graph500-28.meta.vertices": "121242388",
      "graph.test-sssp-undirected.algorithms": "sssp",
      "graph.datagen-7_5-fb.edge-properties.names": "weight",
      "graph.test-wcc-directed.vertex-file": "test-wcc-directed.v",
      "graph.datagen-8_2-zf.bfs.source-vertex": "6",
      "graph.test-bfs-undirected.directed": "false",
      "graph.test-sssp-undirected.sssp.source-vertex": "1",
      "graph.twitter_mpi.meta.edges": "1963263508",
      "graph.datagen-7_7-zf.edge-properties.names": "weight",
      "graph.dota-league.edge-properties.types": "real",
      "graph.datagen-9_4-fb.edge-properties.names": "weight",
      "graph.datagen-9_3-zf.vertex-file": "datagen-9_3-zf.v",
      "graph.datagen-7_9-fb.edge-properties.names": "weight",
      "graph.datagen-8_9-fb.sssp.weight-property": "weight",
      "graph.datagen-8_2-zf.sssp.source-vertex": "6",
      "graph.graph500-26.cdlp.max-iterations": "10",
      "graph.test-lcc-undirected.directed": "false",
      "graph.graph500-26.bfs.source-vertex": "62455266",
      "graph.test-pr-undirected.vertex-file": "test-pr-undirected.v",
      "graph.datagen-9_4-fb.meta.vertices": "29310565",
      "graph.test-cdlp-undirected.edge-file": "test-cdlp-undirected.e",
      "graph.test-bfs-undirected.edge-file": "test-bfs-undirected.e",
      "graph.graph500-27.bfs.source-vertex": "0",
      "graph.test-sssp-directed.vertex-file": "test-sssp-directed.v",
      "graph.datagen-8_4-fb.sssp.weight-property": "weight",
      "graph.datagen-8_1-fb.meta.edges": "134267822",
      "graph.graph500-27.cdlp.max-iterations": "10",
      "graph.graph500-30.pr.num-iterations": "10",
      "graph.graph500-30.vertex-file": "graph500-30.v",
      "graph.example-undirected.sssp.source-vertex": "2",
      "graph.twitter_mpi.algorithms": "bfs",
      "graph.datagen-sf3k-fb.bfs.source-vertex": "933",
      "graph.test-sssp-undirected.edge-file": "test-sssp-undirected.e",
      "graph.datagen-7_5-fb.directed": "false",
      "graph.graph500-25.directed": "false",
      "graph.datagen-9_1-fb.pr.num-iterations": "10",
      "graph.datagen-sf10k-fb.pr.num-iterations": "10",
      "graph.datagen-7_9-fb.edge-file": "datagen-7_9-fb.e",
      "graph.datagen-8_4-fb.bfs.source-vertex": "6",
      "graph.wiki-Talk.edge-file": "wiki-Talk.e",
      "graph.dota-league.pr.damping-factor": "0.85",
      "graph.graph500-28.algorithms": "bfs",
      "graph.datagen-9_3-zf.edge-properties.names": "weight",
      "graph.cit-Patents.edge-file": "cit-Patents.e",
      "graph.twitter_mpi.edge-file": "twitter_mpi.e",
      "graph.cit-Patents.directed": "true",
      "graph.datagen-7_5-fb.edge-properties.types": "real",
      "graph.test-wcc-undirected.edge-file": "test-wcc-undirected.e",
      "graph.datagen-8_5-fb.directed": "false",
      "graph.datagen-8_9-fb.directed": "false",
      "graph.datagen-8_5-fb.cdlp.max-iterations": "10",
      "graph.cit-Patents.meta.vertices": "3774768",
      "graph.datagen-7_6-fb.meta.edges": "42162988",
      "graph.datagen-8_2-zf.pr.num-iterations": "10",
      "graph.graph500-29.meta.vertices": "232999630",
      "graph.datagen-8_0-fb.meta.edges": "107507376",
      "graph.datagen-sf3k-fb.edge-file": "datagen-sf3k-fb.e",
      "graph.datagen-9_0-fb.vertex-file": "datagen-9_0-fb.v",
      "graph.graph500-23.bfs.source-vertex": "7348998",
      "graph.test-sssp-undirected.meta.vertices": "12",
      "graph.datagen-9_1-fb.sssp.source-vertex": "6",
      "graph.datagen-8_4-fb.edge-file": "datagen-8_4-fb.e",
      "graph.wiki-Talk.meta.edges": "5021410",
      "graph.datagen-9_0-fb.pr.damping-factor": "0.85",
      "graph.datagen-8_6-fb.vertex-file": "datagen-8_6-fb.v",
      "graph.datagen-8_1-fb.directed": "false",
      "graph.example-undirected.directed": "false",
      "graph.datagen-7_9-fb.directed": "false",
      "platform.acronym": "graphblas",
      "graph.test-bfs-directed.directed": "true",
      "graph.datagen-7_5-fb.edge-file": "datagen-7_5-fb.e",
      "graph.test-sssp-directed.sssp.source-vertex": "1",
      "graph.kgs.algorithms": "bfs",
      "graph.test-cdlp-directed.algorithms": "cdlp",
      "graph.com-friendster.edge-file": "com-friendster.e",
      "graph.dota-league.sssp.weight-property": "weight",
      "graph.datagen-7_9-fb.meta.vertices": "1387587",
      "graph.datagen-8_1-fb.edge-properties.names": "weight",
      "graph.wiki-Talk.algorithms": "bfs",
      "graph.graph500-25.vertex-file": "graph500-25.v",
      "graph.test-sssp-directed.edge-properties.names": "weight",
      "graph.datagen-8_2-zf.algorithms": "bfs",
      "graph.com-friendster.pr.damping-factor": "0.85",
      "graph.graph500-28.vertex-file": "graph500-28.v",
      "graph.datagen-9_1-fb.directed": "false",
      "graph.datagen-9_3-zf.meta.edges": "1309998551",
      "graph.example-undirected.bfs.source-vertex": "2",
      "graph.kgs.sssp.weight-property": "weight",
      "graph.graph500-29.vertex-file": "graph500-29.v",
      "graph.test-wcc-directed.meta.vertices": "8",
      "graph.datagen-7_6-fb.pr.damping-factor": "0.85",
      "graph.test-bfs-undirected.algorithms": "bfs",
      "environment.machine.cpu": "",
      "graph.test-sssp-undirected.vertex-file": "test-sssp-undirected.v",
      "graph.datagen-7_7-zf.sssp.weight-property": "weight",
      "environment.acronym": "",
      "graph.dota-league.meta.edges": "50870313",
      "graph.datagen-sf3k-fb.edge-properties.types": "real",
      "graph.datagen-8_1-fb.vertex-file": "datagen-8_1-fb.v",
      "graph.datagen-8_7-zf.pr.num-iterations": "10",
      "graph.datagen-9_0-fb.meta.edges": "1049527225",
      "graph.datagen-7_8-zf.meta.vertices": "16521886",
      "graph.test-wcc-undirected.meta.edges": "7",
      "graph.example-undirected.edge-file": "example-undirected.e",
      "graph.datagen-8_8-zf.edge-file": "datagen-8_8-zf.e",
      "graph.datagen-sf3k-fb.sssp.weight-property": "weight",
      "graph.graph500-24.vertex-file": "graph500-24.v",
      "graph.test-cdlp-undirected.meta.edges": "13",
      "graph.datagen-sf3k-fb.vertex-file": "datagen-sf3k-fb.v",
      "graph.graph500-27.meta.edges": "2111642032",
      "graph.datagen-7_6-fb.algorithms": "bfs",
      "graph.graph500-25.meta.vertices": "17062472",
      "graph.datagen-7_8-zf.directed": "false",
      "graph.datagen-9_3-zf.sssp.weight-property": "weight",
      "graph.datagen-8_5-fb.bfs.source-vertex": "6",
      "graph.example-directed.vertex-file": "example-directed.v",
      "graph.datagen-8_3-zf.directed": "false",
      "graph.example-directed.algorithms": "bfs",
      "graph.kgs.sssp.source-vertex": "239044",
      "graph.datagen-7_6-fb.edge-properties.names": "weight",
      "graph.datagen-8_1-fb.cdlp.max-iterations": "10",
      "graph.datagen-8_9-fb.edge-properties.names": "weight",
      "graph.test-wcc-directed.directed": "true",
      "graph.example-undirected.meta.edges": "12",
      "graph.test-lcc-undirected.edge-file": "test-lcc-undirected.e",
      "graph.datagen-8_8-zf.directed": "false",
      "graph.datagen-8_9-fb.algorithms": "bfs",
      "graph.graph500-23.pr.damping-factor": "0.85",
      "graph.datagen-8_7-zf.directed": "false",
      "graph.graph500-30.algorithms": "bfs",
      "graph.datagen-8_0-fb.vertex-file": "datagen-8_0-fb.v",
      "graph.graph500-24.meta.vertices": "8870942",
      "graph.datagen-8_6-fb.edge-properties.names": "weight",
      "graph.graph500-28.edge-file": "graph500-28.e",
      "graph.graph500-29.directed": "false",
      "benchmark.runner.port": "8012",
      "graph.datagen-7_9-fb.pr.damping-factor": "0.85",
      "graph.datagen-8_8-zf.sssp.weight-property": "weight",
      "graph.graph500-29.bfs.source-vertex": "0",
      "graph.datagen-9_0-fb.edge-properties.types": "real",
      "graph.datagen-8_3-zf.algorithms": "bfs",
      "graph.datagen-7_5-fb.sssp.source-vertex": "6",
      "graph.com-friendster.directed": "false",
      "graph.datagen-9_2-zf.meta.edges": "1042340732",
      "graph.datagen-7_7-zf.directed": "false",
      "graph.datagen-8_0-fb.sssp.weight-property": "weight",
      "benchmark.description": "\"grb:dev-fn2-bis; lagraph:mmread-sym\"",
      "graph.test-pr-directed.pr.num-iterations": "14",
      "graph.datagen-8_3-zf.vertex-file": "datagen-8_3-zf.v",
      "graph.graph500-22.algorithms": "bfs",
      "graph.graph500-23.pr.num-iterations": "10",
      "benchmark.custom.validation-required": "true",
      "graph.datagen-8_1-fb.sssp.source-vertex": "6",
      "graph.datagen-9_0-fb.meta.vertices": "12857671",
      "graph.datagen-8_2-zf.sssp.weight-property": "weight",
      "graph.datagen-7_7-zf.vertex-file": "datagen-7_7-zf.v",
      "graph.datagen-8_5-fb.meta.vertices": "4599739",
      "graph.test-sssp-directed.edge-file": "test-sssp-directed.e",
      "graph.graph500-27.edge-file": "graph500-27.e",
      "graph.graph500-24.pr.damping-factor": "0.85",
      "graph.datagen-8_0-fb.sssp.source-vertex": "6",
      "graph.datagen-9_1-fb.edge-properties.names": "weight",
      "graph.datagen-8_8-zf.algorithms": "bfs",
      "benchmark.custom.graphs": "graph500-25",
      "graph.test-sssp-directed.meta.edges": "13",
      "graph.datagen-8_9-fb.edge-file": "datagen-8_9-fb.e",
      "graph.datagen-8_7-zf.cdlp.max-iterations": "10",
      "graph.example-directed.sssp.source-vertex": "1",
      "graph.kgs.pr.damping-factor": "0.85",
      "graph.datagen-9_4-fb.pr.damping-factor": "0.85",
      "graph.datagen-9_2-zf.edge-properties.names": "weight",
      "environment.machine.network": "",
      "graph.twitter_mpi.vertex-file": "twitter_mpi.v",
      "graph.datagen-8_1-fb.bfs.source-vertex": "6",
      "graph.test-sssp-undirected.directed": "false",
      "graph.datagen-9_3-zf.pr.damping-factor": "0.85",
      "graph.datagen-8_1-fb.pr.num-iterations": "10",
      "graph.datagen-8_2-zf.pr.damping-factor": "0.85",
      "graph.graph500-26.edge-file": "graph500-26.e",
      "graph.datagen-9_1-fb.meta.edges": "1342158397",
      "graph.datagen-9_3-zf.directed": "false",
      "graph.datagen-8_3-zf.pr.num-iterations": "10",
      "graph.test-sssp-undirected.edge-properties.names": "weight",
      "graph.datagen-7_8-zf.pr.damping-factor": "0.85",
      "graph.graph500-25.algorithms": "bfs",
      "graph.test-lcc-undirected.algorithms": "lcc",
      "graph.test-cdlp-undirected.vertex-file": "test-cdlp-undirected.v",
      "graph.datagen-8_3-zf.bfs.source-vertex": "6",
      "graph.datagen-9_1-fb.sssp.weight-property": "weight",
      "graph.graph500-23.meta.vertices": "4610222",
      "graph.graph500-26.directed": "false",
      "graph.datagen-8_0-fb.edge-properties.types": "real",
      "environment.link": "",
      "graph.dota-league.pr.num-iterations": "10",
      "graph.datagen-7_8-zf.meta.edges": "41025255",
      "graph.graph500-28.bfs.source-vertex": "0",
      "graph.test-bfs-directed.edge-file": "test-bfs-directed.e",
      "graph.datagen-9_4-fb.meta.edges": "2588948669",
      "graph.datagen-8_4-fb.cdlp.max-iterations": "10",
      "graph.datagen-7_6-fb.directed": "false",
      "platform.link": "https://github.com/FTSRG/ldbc-graphalytics-platform-graphblas",
      "graph.datagen-9_1-fb.pr.damping-factor": "0.85",
      "graph.datagen-sf10k-fb.pr.damping-factor": "0.85",
      "benchmark.executor.port": "8011",
      "graph.datagen-8_0-fb.pr.damping-factor": "0.85",
      "graph.graph500-22.pr.num-iterations": "10",
      "graph.test-lcc-directed.algorithms": "lcc",
      "graph.test-sssp-directed.directed": "true",
      "graph.datagen-8_2-zf.edge-file": "datagen-8_2-zf.e",
      "graph.datagen-8_4-fb.edge-properties.types": "real",
      "graph.datagen-8_6-fb.directed": "false",
      "graph.example-directed.cdlp.max-iterations": "2",
      "graph.cit-Patents.meta.edges": "16518948",
      "graph.test-bfs-undirected.meta.vertices": "10",
      "graph.graph500-29.algorithms": "bfs",
      "graph.datagen-9_1-fb.edge-file": "datagen-9_1-fb.e",
      "benchmark.custom.output-required": "true",
      "graph.graph500-23.meta.edges": "129333677",
      "graph.datagen-sf10k-fb.edge-properties.names": "weight",
      "graph.test-cdlp-undirected.cdlp.max-iterations": "5",
      "graph.graph500-29.pr.num-iterations": "10",
      "graph.datagen-8_2-zf.edge-properties.names": "weight",
      "graph.com-friendster.algorithms": "bfs",
      "graph.graph500-23.directed": "false",
      "graph.datagen-sf10k-fb.edge-file": "datagen-sf10k-fb.e",
      "graph.datagen-8_7-zf.algorithms": "bfs",
      "graph.test-cdlp-directed.directed": "true",
      "graph.graph500-30.cdlp.max-iterations": "10",
      "graph.datagen-7_6-fb.sssp.source-vertex": "6",
      "graph.datagen-8_8-zf.sssp.source-vertex": "6",
      "graph.datagen-8_4-fb.meta.vertices": "3809084",
      "graph.datagen-7_6-fb.bfs.source-vertex": "6",
      "graph.test-cdlp-directed.cdlp.max-iterations": "5",
      "graph.test-cdlp-undirected.meta.vertices": "8",
      "graph.datagen-8_3-zf.edge-file": "datagen-8_3-zf.e",
      "graph.graph500-22.meta.vertices": "2396657",
      "graph.com-friendster.bfs.source-vertex": "101",
      "graph.datagen-7_9-fb.meta.edges": "85670523",
      "graph.test-lcc-undirected.meta.vertices": "9",
      "environment.machine.quantity": "",
      "graph.datagen-7_5-fb.sssp.weight-property": "weight",
      "graph.graph500-24.algorithms": "bfs",
      "graph.example-undirected.pr.num-iterations": "2",
      "graph.graph500-29.pr.damping-factor": "0.85",
      "graphs.validation-directory": "/home/devcloud/data/",
      "graph.example-directed.sssp.weight-property": "weight",
      "graph.datagen-8_1-fb.sssp.weight-property": "weight",
      "graph.datagen-8_6-fb.algorithms": "bfs",
      "graph.datagen-8_7-zf.edge-properties.names": "weight",
      "graph.datagen-8_9-fb.pr.num-iterations": "10",
      "graph.test-wcc-undirected.meta.vertices": "8",
      "graph.datagen-8_0-fb.cdlp.max-iterations": "10",
      "graph.datagen-8_1-fb.edge-properties.types": "real",
      "graph.graph500-23.edge-file": "graph500-23.e",
      "graph.test-wcc-undirected.directed": "false",
      "graph.graph500-28.pr.damping-factor": "0.85",
      "graph.test-pr-undirected.meta.vertices": "50",
      "graph.datagen-8_7-zf.meta.vertices": "145050709",
      "graph.datagen-8_6-fb.meta.edges": "421988619",
      "graph.datagen-8_9-fb.meta.vertices": "10572901",
      "graph.datagen-8_9-fb.pr.damping-factor": "0.85",
      "graph.dota-league.bfs.source-vertex": "287770",
      "graph.graph500-27.pr.damping-factor": "0.85",
      "graph.datagen-sf10k-fb.directed": "false",
      "graph.graph500-30.edge-file": "graph500-30.e",
      "graph.datagen-7_6-fb.meta.vertices": "754147",
      "graph.test-lcc-undirected.meta.edges": "12",
      "graph.graph500-28.pr.num-iterations": "10",
      "graph.datagen-7_9-fb.cdlp.max-iterations": "10",
      "graph.datagen-8_5-fb.meta.edges": "332026902",
      "graph.datagen-8_6-fb.sssp.weight-property": "weight",
      "benchmark.name": "Benchmark for dataset size L",
      "graph.test-lcc-directed.meta.edges": "17",
      "graph.test-cdlp-directed.meta.vertices": "8",
      "graph.datagen-7_7-zf.sssp.source-vertex": "6",
      "graph.datagen-sf10k-fb.edge-properties.types": "real",
      "graph.datagen-8_4-fb.pr.num-iterations": "10",
      "graph.test-pr-directed.vertex-file": "test-pr-directed.v",
      "graph.datagen-8_5-fb.edge-properties.names": "weight",
      "graph.test-wcc-undirected.vertex-file": "test-wcc-undirected.v",
      "benchmark.custom.timeout": "3600",
      "graph.datagen-7_5-fb.bfs.source-vertex": "6",
      "graph.datagen-9_0-fb.edge-file": "datagen-9_0-fb.e",
      "graph.datagen-8_1-fb.edge-file": "datagen-8_1-fb.e",
      "graph.datagen-8_8-zf.meta.edges": "413354288",
      "graph.datagen-7_8-zf.sssp.weight-property": "weight",
      "graph.datagen-9_1-fb.cdlp.max-iterations": "10",
      "graph.test-sssp-directed.meta.vertices": "10",
      "graph.graph500-24.cdlp.max-iterations": "10",
      "graph.graph500-25.pr.damping-factor": "0.85",
      "graph.example-undirected.pr.damping-factor": "0.85",
      "platform.name": "GraphBLAS",
      "graph.datagen-9_2-zf.bfs.source-vertex": "6",
      "graph.graph500-25.edge-file": "graph500-25.e",
      "graph.test-pr-undirected.meta.edges": "113",
      "graph.datagen-8_3-zf.edge-properties.types": "real",
      "graph.wiki-Talk.pr.num-iterations": "10",
      "graph.test-bfs-directed.meta.vertices": "10",
      "graph.datagen-9_4-fb.sssp.source-vertex": "6",
      "graph.test-pr-directed.algorithms": "pr",
      "graph.datagen-8_2-zf.meta.vertices": "43734497",
      "graph.test-sssp-directed.sssp.weight-property": "weight",
      "graph.datagen-8_2-zf.vertex-file": "datagen-8_2-zf.v",
      "graph.graph500-26.meta.edges": "1051922853",
      "graph.graph500-30.directed": "false",
      "graph.graph500-25.cdlp.max-iterations": "10",
      "graph.graph500-30.meta.vertices": "447797986",
      "graph.datagen-9_4-fb.cdlp.max-iterations": "10",
      "graph.test-bfs-directed.meta.edges": "17",
      "graph.datagen-9_1-fb.algorithms": "bfs",
      "graph.datagen-8_9-fb.vertex-file": "datagen-8_9-fb.v",
      "graph.wiki-Talk.bfs.source-vertex": "2",
      "benchmark.custom.algorithms": "BFS",
      "graph.datagen-9_3-zf.bfs.source-vertex": "6",
      "graph.wiki-Talk.vertex-file": "wiki-Talk.v",
      "graph.graph500-27.pr.num-iterations": "10",
      "graph.datagen-9_4-fb.vertex-file": "datagen-9_4-fb.v",
      "graph.datagen-9_2-zf.directed": "false",
      "graph.datagen-9_2-zf.edge-file": "datagen-9_2-zf.e",
      "graph.datagen-9_3-zf.edge-file": "datagen-9_3-zf.e",
      "graph.datagen-sf3k-fb.algorithms": "bfs",
      "graph.example-directed.directed": "true",
      "graph.datagen-8_1-fb.pr.damping-factor": "0.85",
      "graph.datagen-9_2-zf.cdlp.max-iterations": "10",
      "graph.graph500-26.algorithms": "bfs",
      "graph.datagen-7_9-fb.edge-properties.types": "real",
      "graph.datagen-8_5-fb.algorithms": "bfs",
      "environment.name": "",
      "graph.datagen-8_3-zf.sssp.source-vertex": "6",
      "graphs.output-directory": "./output/",
      "graph.datagen-sf3k-fb.meta.edges": "2912009743",
      "graph.test-bfs-directed.algorithms": "bfs",
      "graph.datagen-sf3k-fb.edge-properties.names": "weight",
      "graph.datagen-8_4-fb.pr.damping-factor": "0.85",
      "graph.example-directed.meta.edges": "17",
      "graph.wiki-Talk.cdlp.max-iterations": "10",
      "graph.datagen-8_5-fb.pr.num-iterations": "10",
      "graph.example-undirected.sssp.weight-property": "weight",
      "graph.kgs.pr.num-iterations": "10",
      "graph.example-directed.pr.num-iterations": "2",
      "graph.datagen-7_6-fb.cdlp.max-iterations": "10",
      "graph.test-bfs-directed.bfs.source-vertex": "1",
      "graph.graph500-22.pr.damping-factor": "0.85",
      "graph.graph500-29.edge-file": "graph500-29.e",
      "graph.kgs.edge-properties.types": "real",
      "graph.datagen-8_0-fb.pr.num-iterations": "10",
      "graph.graph500-22.meta.edges": "64155735",
      "graph.test-cdlp-directed.edge-file": "test-cdlp-directed.e",
      "graph.datagen-9_2-zf.meta.vertices": "434943376",
      "graph.datagen-7_7-zf.pr.damping-factor": "0.85",
      "graph.datagen-7_8-zf.edge-properties.types": "real",
      "graph.datagen-8_4-fb.algorithms": "bfs",
      "graph.graph500-28.directed": "false",
      "graph.test-sssp-undirected.sssp.weight-property": "weight",
      "graph.datagen-sf10k-fb.sssp.source-vertex": "6",
      "graph.graph500-30.bfs.source-vertex": "0",
      "graph.datagen-8_8-zf.pr.damping-factor": "0.85",
      "graph.datagen-7_8-zf.sssp.source-vertex": "6",
      "graph.datagen-7_5-fb.vertex-file": "datagen-7_5-fb.v",
      "graph.datagen-8_1-fb.meta.vertices": "2072117",
      "graph.datagen-7_9-fb.sssp.weight-property": "weight",
      "graph.dota-league.directed": "false",
      "graph.twitter_mpi.bfs.source-vertex": "420",
      "graph.datagen-8_6-fb.sssp.source-vertex": "6",
      "graph.graph500-28.cdlp.max-iterations": "10",
      "graph.datagen-7_7-zf.cdlp.max-iterations": "10",
      "graph.cit-Patents.bfs.source-vertex": "6009541",
      "graph.datagen-8_9-fb.bfs.source-vertex": "6",
      "graph.datagen-9_0-fb.edge-properties.names": "weight",
      "graph.datagen-sf3k-fb.meta.vertices": "33484375",
      "graph.graph500-24.pr.num-iterations": "10",
      "graph.graph500-24.meta.edges": "260379520",
      "graph.wiki-Talk.directed": "true",
      "graph.graph500-26.pr.damping-factor": "0.85",
      "graph.datagen-8_3-zf.edge-properties.names": "weight",
      "graph.graph500-29.cdlp.max-iterations": "10",
      "graph.datagen-7_8-zf.pr.num-iterations": "10",
      "graph.datagen-7_9-fb.algorithms": "bfs",
      "graph.datagen-8_6-fb.pr.damping-factor": "0.85",
      "graph.datagen-8_8-zf.cdlp.max-iterations": "10",
      "graph.datagen-7_6-fb.pr.num-iterations": "10",
      "graph.datagen-7_8-zf.vertex-file": "datagen-7_8-zf.v",
      "graph.datagen-7_5-fb.pr.damping-factor": "0.85",
      "graph.datagen-8_0-fb.edge-file": "datagen-8_0-fb.e",
      "graph.test-pr-directed.meta.vertices": "50",
      "graph.datagen-8_7-zf.edge-properties.types": "real",
      "graph.test-lcc-directed.vertex-file": "test-lcc-directed.v",
      "graph.datagen-8_6-fb.cdlp.max-iterations": "10",
      "graph.dota-league.edge-file": "dota-league.e",
      "graph.graph500-26.vertex-file": "graph500-26.v",
      "graph.graph500-27.algorithms": "bfs",
      "benchmark.type": "custom",
      "graph.datagen-9_0-fb.algorithms": "bfs",
      "graph.test-cdlp-undirected.algorithms": "cdlp",
      "graph.datagen-8_7-zf.sssp.source-vertex": "6",
      "graph.graph500-27.vertex-file": "graph500-27.v",
      "graph.graph500-24.directed": "false",
      "graph.kgs.edge-properties.names": "weight",
      "platform.graphblas.num-threads": "224",
      "graph.datagen-8_6-fb.meta.vertices": "5667674",
      "graph.datagen-8_5-fb.edge-properties.types": "real",
      "graph.datagen-9_4-fb.directed": "false",
      "graph.test-cdlp-directed.vertex-file": "test-cdlp-directed.v",
      "graph.example-directed.edge-file": "example-directed.e",
      "graph.datagen-7_5-fb.pr.num-iterations": "10",
      "graph.kgs.edge-file": "kgs.e",
      "graph.datagen-7_6-fb.vertex-file": "datagen-7_6-fb.v",
      "graph.test-bfs-directed.vertex-file": "test-bfs-directed.v",
      "graph.test-cdlp-directed.meta.edges": "18",
      "graph.datagen-8_2-zf.cdlp.max-iterations": "10",
      "graph.kgs.directed": "false",
      "graph.datagen-9_0-fb.cdlp.max-iterations": "10",
      "graph.test-lcc-directed.directed": "true",
      "graph.datagen-8_7-zf.edge-file": "datagen-8_7-zf.e",
      "graph.graph500-28.meta.edges": "4236163958",
      "graph.cit-Patents.pr.damping-factor": "0.85",
      "graph.dota-league.sssp.source-vertex": "287770",
      "graph.datagen-9_2-zf.edge-properties.types": "real",
      "graph.graph500-23.vertex-file": "graph500-23.v",
      "graph.graph500-22.vertex-file": "graph500-22.v",
      "graph.datagen-7_9-fb.sssp.source-vertex": "6",
      "graph.test-sssp-undirected.edge-properties.types": "real",
      "graph.datagen-7_7-zf.bfs.source-vertex": "6",
      "graph.datagen-9_0-fb.sssp.source-vertex": "6",
      "graph.test-bfs-undirected.meta.edges": "14",
      "graph.datagen-9_1-fb.bfs.source-vertex": "6",
      "graph.datagen-8_3-zf.pr.damping-factor": "0.85",
      "graphs.names": "[graph500-22, graph500-23, graph500-24, graph500-25, graph500-26, graph500-27, graph500-28, graph500-29, graph500-30, datagen-7_5-fb, datagen-7_6-fb, datagen-7_7-zf, datagen-7_8-zf, datagen-7_9-fb, datagen-8_0-fb, datagen-8_1-fb, datagen-8_2-zf, datagen-8_3-zf, datagen-8_4-fb, datagen-8_5-fb, datagen-8_6-fb, datagen-8_7-zf, datagen-8_8-zf, datagen-8_9-fb, datagen-9_0-fb, datagen-9_1-fb, datagen-9_2-zf, datagen-9_3-zf, datagen-9_4-fb, datagen-sf3k-fb, datagen-sf10k-fb, dota-league, com-friendster, twitter_mpi, cit-Patents, kgs, wiki-Talk, test-bfs-directed, test-bfs-undirected, test-cdlp-directed, test-cdlp-undirected, test-lcc-directed, test-lcc-undirected, test-pr-directed, test-pr-undirected, test-sssp-directed, test-sssp-undirected, test-wcc-directed, test-wcc-undirected, example-directed, example-undirected]",
      "graph.test-lcc-directed.edge-file": "test-lcc-directed.e",
      "graph.twitter_mpi.pr.damping-factor": "0.85",
      "graph.datagen-8_2-zf.directed": "false",
      "graph.datagen-9_0-fb.sssp.weight-property": "weight",
      "graph.datagen-7_9-fb.pr.num-iterations": "10",
      "graph.cit-Patents.pr.num-iterations": "10",
      "graph.datagen-9_3-zf.cdlp.max-iterations": "10",
      "graph.datagen-7_6-fb.sssp.weight-property": "weight",
      "graph.datagen-8_3-zf.sssp.weight-property": "weight",
      "graph.test-cdlp-undirected.directed": "false",
      "graph.dota-league.edge-properties.names": "weight",
      "graph.datagen-8_7-zf.meta.edges": "340157363",
      "graph.datagen-7_8-zf.bfs.source-vertex": "6",
      "graph.com-friendster.meta.vertices": "65608366",
      "graph.graph500-22.directed": "false",
      "graph.test-wcc-undirected.algorithms": "wcc",
      "graph.graph500-23.cdlp.max-iterations": "10",
      "graph.datagen-8_6-fb.bfs.source-vertex": "6",
      "graph.datagen-9_4-fb.edge-file": "datagen-9_4-fb.e",
      "graph.com-friendster.pr.num-iterations": "10",
      "graph.twitter_mpi.pr.num-iterations": "10",
      "graph.datagen-7_8-zf.edge-properties.names": "weight",
      "graph.datagen-8_2-zf.edge-properties.types": "real",
      "graph.datagen-9_0-fb.bfs.source-vertex": "6",
      "graph.datagen-sf3k-fb.directed": "false",
      "graph.datagen-8_4-fb.edge-properties.names": "weight",
      "graph.datagen-8_5-fb.edge-file": "datagen-8_5-fb.e",
      "graph.datagen-8_5-fb.sssp.weight-property": "weight",
      "graph.test-lcc-directed.meta.vertices": "10",
      "graph.example-directed.edge-properties.names": "weight",
      "graph.wiki-Talk.meta.vertices": "2394385",
      "graph.datagen-sf10k-fb.sssp.weight-property": "weight",
      "graph.datagen-9_1-fb.vertex-file": "datagen-9_1-fb.v",
      "graph.datagen-sf10k-fb.bfs.source-vertex": "933",
      "graph.test-sssp-directed.algorithms": "sssp",
      "graph.datagen-8_4-fb.meta.edges": "269479177",
      "graph.graph500-29.meta.edges": "8493569115",
      "graph.datagen-9_4-fb.pr.num-iterations": "10",
      "graph.graph500-25.bfs.source-vertex": "24460635",
      "graph.example-undirected.cdlp.max-iterations": "2",
      "graph.kgs.bfs.source-vertex": "239044",
      "graph.datagen-7_7-zf.edge-properties.types": "real",
      "graph.datagen-9_2-zf.pr.num-iterations": "10",
      "graph.graph500-27.directed": "false",
      "graph.datagen-sf3k-fb.cdlp.max-iterations": "10",
      "graph.kgs.vertex-file": "kgs.v",
      "graph.datagen-8_7-zf.sssp.weight-property": "weight",
      "graph.test-pr-undirected.algorithms": "pr",
      "graph.graph500-25.pr.num-iterations": "10",
      "graph.datagen-sf3k-fb.sssp.source-vertex": "6",
      "graph.test-pr-directed.directed": "true",
      "graph.cit-Patents.cdlp.max-iterations": "10",
      "graph.datagen-9_4-fb.algorithms": "bfs",
      "platform.version": "1.0",
      "graph.test-pr-undirected.pr.damping-factor": "0.85",
      "graph.datagen-8_8-zf.vertex-file": "datagen-8_8-zf.v",
      "graph.graph500-30.meta.edges": "17022117362",
      "graph.wiki-Talk.pr.damping-factor": "0.85",
      "graph.example-undirected.vertex-file": "example-undirected.v",
      "graph.datagen-8_4-fb.sssp.source-vertex": "6",
      "graph.datagen-8_8-zf.edge-properties.names": "weight",
      "graph.datagen-sf10k-fb.meta.vertices": "100218750",
      "graph.example-undirected.edge-properties.types": "real",
      "graph.graph500-26.pr.num-iterations": "10",
      "graph.test-lcc-undirected.vertex-file": "test-lcc-undirected.v",
      "graph.dota-league.vertex-file": "dota-league.v",
      "graph.datagen-7_7-zf.edge-file": "datagen-7_7-zf.e",
      "graph.datagen-9_3-zf.meta.vertices": "555270053",
      "graph.datagen-9_3-zf.algorithms": "bfs",
      "graph.twitter_mpi.directed": "true",
      "system.pricing": "",
      "graph.test-sssp-undirected.meta.edges": "14",
      "benchmark.custom.repetitions": "3",
      "graph.example-undirected.algorithms": "bfs",
      "graph.test-pr-undirected.directed": "false",
      "graph.datagen-8_2-zf.meta.edges": "106440188",
      "graph.datagen-8_5-fb.pr.damping-factor": "0.85",
      "graph.dota-league.algorithms": "bfs",
      "graph.datagen-8_6-fb.edge-file": "datagen-8_6-fb.e",
      "graph.datagen-8_6-fb.edge-properties.types": "real",
      "graphs.root-directory": "/home/devcloud/data/",
      "graph.datagen-7_7-zf.pr.num-iterations": "10",
      "graph.com-friendster.vertex-file": "com-friendster.v",
      "graph.graph500-25.meta.edges": "523602831",
      "graph.datagen-7_5-fb.meta.vertices": "633432",
      "graph.test-pr-directed.meta.edges": "246",
      "graph.twitter_mpi.meta.vertices": "52579678",
      "graph.datagen-8_6-fb.pr.num-iterations": "10",
      "graph.test-sssp-directed.edge-properties.types": "real",
      "graph.test-pr-undirected.edge-file": "test-pr-undirected.e",
      "graph.test-wcc-directed.edge-file": "test-wcc-directed.e",
      "graph.kgs.meta.edges": "17891698",
      "graph.datagen-7_5-fb.cdlp.max-iterations": "10",
      "graph.test-wcc-directed.algorithms": "wcc",
      "graph.datagen-9_2-zf.algorithms": "bfs",
      "graph.datagen-7_6-fb.edge-properties.types": "real",
      "graph.datagen-9_0-fb.pr.num-iterations": "10",
      "graph.datagen-8_3-zf.meta.edges": "130579909",
      "graph.datagen-8_7-zf.pr.damping-factor": "0.85",
      "graph.datagen-8_8-zf.pr.num-iterations": "10",
      "graph.example-directed.pr.damping-factor": "0.85",
      "graph.datagen-8_0-fb.directed": "false",
      "graph.datagen-8_9-fb.meta.edges": "848681908",
      "graph.datagen-9_0-fb.directed": "false",
      "graph.datagen-7_9-fb.bfs.source-vertex": "6",
      "graph.datagen-7_8-zf.cdlp.max-iterations": "10",
      "environment.version": "",
      "graph.datagen-9_4-fb.bfs.source-vertex": "6",
      "graph.datagen-9_3-zf.sssp.source-vertex": "6",
      "graph.example-directed.meta.vertices": "10",
      "graph.datagen-8_4-fb.directed": "false",
      "graph.datagen-sf10k-fb.meta.edges": "9404822538"
    }
  },
  "result": {
    "experiments": {
      "e753895": {
        "id": "e753895",
        "type": "custom:exp",
        "jobs": [
          "j788741",
          "j646609",
          "j765985",
          "j672489",
          "j612369",
          "j782061",
          "j599534",
          "j760891",
          "j547726",
          "j536248",
          "j720801",
          "j639195",
          "j675304",
          "j741091",
          "j866861",
          "j561089",
          "j574117",
          "j799047",
          "j720173",
          "j775980",
          "j461575",
          "j570445",
          "j466048",
          "j799443",
          "j882267",
          "j686877",
          "j833106",
          "j467460",
          "j859121",
          "j589760",
          "j784466",
          "j667313",
          "j748262",
          "j678604",
          "j766564"
        ]
      }
    },
    "jobs": {
      "j646609": {
        "id": "j646609",
        "algorithm": "PR",
        "dataset": "datagen-8_5-fb",
        "scale": "1",
        "repetition": "3",
        "runs": [
          "r814923",
          "r756973",
          "r534841"
        ]
      },
      "j833106": {
        "id": "j833106",
        "algorithm": "WCC",
        "dataset": "datagen-8_8-zf",
        "scale": "1",
        "repetition": "3",
        "runs": [
          "r695939",
          "r642995",
          "r732746"
        ]
      },
      "j766564": {
        "id": "j766564",
        "algorithm": "SSSP",
        "dataset": "datagen-8_6-fb",
        "scale": "1",
        "repetition": "3",
        "runs": [
          "r510998",
          "r517331",
          "r853969"
        ]
      },
      "j599534": {
        "id": "j599534",
        "algorithm": "BFS",
        "dataset": "graph500-25",
        "scale": "1",
        "repetition": "3",
        "runs": [
          "r751603",
          "r776831",
          "r864251"
        ]
      },
      "j720801": {
        "id": "j720801",
        "algorithm": "BFS",
        "dataset": "datagen-8_7-zf",
        "scale": "1",
        "repetition": "3",
        "runs": [
          "r888003",
          "r462053",
          "r869754"
        ]
      },
      "j466048": {
        "id": "j466048",
        "algorithm": "LCC",
        "dataset": "datagen-8_7-zf",
        "scale": "1",
        "repetition": "3",
        "runs": [
          "r749382",
          "r740691",
          "r897664"
        ]
      },
      "j799047": {
        "id": "j799047",
        "algorithm": "CDLP",
        "dataset": "datagen-8_6-fb",
        "scale": "1",
        "repetition": "3",
        "runs": [
          "r611896",
          "r911135",
          "r513245"
        ]
      },
      "j574117": {
        "id": "j574117",
        "algorithm": "CDLP",
        "dataset": "datagen-8_7-zf",
        "scale": "1",
        "repetition": "3",
        "runs": [
          "r736973",
          "r618477",
          "r533949"
        ]
      },
      "j799443": {
        "id": "j799443",
        "algorithm": "LCC",
        "dataset": "datagen-8_6-fb",
        "scale": "1",
        "repetition": "3",
        "runs": [
          "r569339",
          "r853041",
          "r535641"
        ]
      },
      "j461575": {
        "id": "j461575",
        "algorithm": "LCC",
        "dataset": "datagen-8_8-zf",
        "scale": "1",
        "repetition": "3",
        "runs": [
          "r909296",
          "r534228",
          "r640011"
        ]
      },
      "j589760": {
        "id": "j589760",
        "algorithm": "WCC",
        "dataset": "datagen-8_6-fb",
        "scale": "1",
        "repetition": "3",
        "runs": [
          "r583968",
          "r658368",
          "r724378"
        ]
      },
      "j866861": {
        "id": "j866861",
        "algorithm": "CDLP",
        "dataset": "datagen-8_8-zf",
        "scale": "1",
        "repetition": "3",
        "runs": [
          "r478352",
          "r621428",
          "r854730"
        ]
      },
      "j547726": {
        "id": "j547726",
        "algorithm": "BFS",
        "dataset": "datagen-8_8-zf",
        "scale": "1",
        "repetition": "3",
        "runs": [
          "r486426",
          "r638844",
          "r544582"
        ]
      },
      "j760891": {
        "id": "j760891",
        "algorithm": "BFS",
        "dataset": "datagen-8_5-fb",
        "scale": "1",
        "repetition": "3",
        "runs": [
          "r790866",
          "r698877",
          "r667337"
        ]
      },
      "j675304": {
        "id": "j675304",
        "algorithm": "CDLP",
        "dataset": "graph500-25",
        "scale": "1",
        "repetition": "3",
        "runs": [
          "r878019",
          "r758291",
          "r649763"
        ]
      },
      "j859121": {
        "id": "j859121",
        "algorithm": "WCC",
        "dataset": "datagen-8_7-zf",
        "scale": "1",
        "repetition": "3",
        "runs": [
          "r476770",
          "r544184",
          "r629687"
        ]
      },
      "j784466": {
        "id": "j784466",
        "algorithm": "SSSP",
        "dataset": "datagen-8_5-fb",
        "scale": "1",
        "repetition": "3",
        "runs": [
          "r880130",
          "r883257",
          "r591011"
        ]
      },
      "j788741": {
        "id": "j788741",
        "algorithm": "PR",
        "dataset": "graph500-25",
        "scale": "1",
        "repetition": "3",
        "runs": [
          "r919495",
          "r805769",
          "r520958"
        ]
      },
      "j748262": {
        "id": "j748262",
        "algorithm": "SSSP",
        "dataset": "datagen-8_9-fb",
        "scale": "1",
        "repetition": "3",
        "runs": [
          "r771411",
          "r678024",
          "r647611"
        ]
      },
      "j741091": {
        "id": "j741091",
        "algorithm": "CDLP",
        "dataset": "datagen-8_5-fb",
        "scale": "1",
        "repetition": "3",
        "runs": [
          "r599798",
          "r898682",
          "r474577"
        ]
      },
      "j782061": {
        "id": "j782061",
        "algorithm": "PR",
        "dataset": "datagen-8_6-fb",
        "scale": "1",
        "repetition": "3",
        "runs": [
          "r533191",
          "r887544",
          "r906268"
        ]
      },
      "j467460": {
        "id": "j467460",
        "algorithm": "WCC",
        "dataset": "datagen-8_9-fb",
        "scale": "1",
        "repetition": "3",
        "runs": [
          "r751526",
          "r572169",
          "r644773"
        ]
      },
      "j720173": {
        "id": "j720173",
        "algorithm": "LCC",
        "dataset": "graph500-25",
        "scale": "1",
        "repetition": "3",
        "runs": [
          "r503750",
          "r697215",
          "r805755"
        ]
      },
      "j667313": {
        "id": "j667313",
        "algorithm": "SSSP",
        "dataset": "datagen-8_8-zf",
        "scale": "1",
        "repetition": "3",
        "runs": [
          "r694472",
          "r820648",
          "r564327"
        ]
      },
      "j536248": {
        "id": "j536248",
        "algorithm": "BFS",
        "dataset": "datagen-8_9-fb",
        "scale": "1",
        "repetition": "3",
        "runs": [
          "r859527",
          "r812820",
          "r734738"
        ]
      },
      "j686877": {
        "id": "j686877",
        "algorithm": "WCC",
        "dataset": "datagen-8_5-fb",
        "scale": "1",
        "repetition": "3",
        "runs": [
          "r744505",
          "r534392",
          "r682201"
        ]
      },
      "j775980": {
        "id": "j775980",
        "algorithm": "LCC",
        "dataset": "datagen-8_5-fb",
        "scale": "1",
        "repetition": "3",
        "runs": [
          "r567816",
          "r825452",
          "r736546"
        ]
      },
      "j765985": {
        "id": "j765985",
        "algorithm": "PR",
        "dataset": "datagen-8_8-zf",
        "scale": "1",
        "repetition": "3",
        "runs": [
          "r709420",
          "r541391",
          "r565211"
        ]
      },
      "j612369": {
        "id": "j612369",
        "algorithm": "PR",
        "dataset": "datagen-8_7-zf",
        "scale": "1",
        "repetition": "3",
        "runs": [
          "r575108",
          "r642146",
          "r705912"
        ]
      },
      "j570445": {
        "id": "j570445",
        "algorithm": "LCC",
        "dataset": "datagen-8_9-fb",
        "scale": "1",
        "repetition": "3",
        "runs": [
          "r752922",
          "r843505",
          "r580111"
        ]
      },
      "j672489": {
        "id": "j672489",
        "algorithm": "PR",
        "dataset": "datagen-8_9-fb",
        "scale": "1",
        "repetition": "3",
        "runs": [
          "r817042",
          "r696376",
          "r499009"
        ]
      },
      "j678604": {
        "id": "j678604",
        "algorithm": "SSSP",
        "dataset": "datagen-8_7-zf",
        "scale": "1",
        "repetition": "3",
        "runs": [
          "r916017",
          "r876071",
          "r611215"
        ]
      },
      "j639195": {
        "id": "j639195",
        "algorithm": "BFS",
        "dataset": "datagen-8_6-fb",
        "scale": "1",
        "repetition": "3",
        "runs": [
          "r811782",
          "r706681",
          "r618943"
        ]
      },
      "j882267": {
        "id": "j882267",
        "algorithm": "WCC",
        "dataset": "graph500-25",
        "scale": "1",
        "repetition": "3",
        "runs": [
          "r574864",
          "r727622",
          "r607967"
        ]
      },
      "j561089": {
        "id": "j561089",
        "algorithm": "CDLP",
        "dataset": "datagen-8_9-fb",
        "scale": "1",
        "repetition": "3",
        "runs": [
          "r623435",
          "r700437",
          "r577471"
        ]
      }
    },
    "runs": {
      "r853969": {
        "id": "r853969",
        "timestamp": "1687426520542",
        "success": "true",
        "load_time": "0.016",
        "makespan": "10.491",
        "processing_time": "4.859"
      },
      "r897664": {
        "id": "r897664",
        "timestamp": "1687425019901",
        "success": "true",
        "load_time": "0.010",
        "makespan": "29.370",
        "processing_time": "7.198"
      },
      "r758291": {
        "id": "r758291",
        "timestamp": "1687419356419",
        "success": "true",
        "load_time": "0.019",
        "makespan": "9.687",
        "processing_time": "4.925"
      },
      "r869754": {
        "id": "r869754",
        "timestamp": "1687424658743",
        "success": "true",
        "load_time": "0.010",
        "makespan": "14.867",
        "processing_time": "1.451"
      },
      "r790866": {
        "id": "r790866",
        "timestamp": "1687420025021",
        "success": "true",
        "load_time": "0.011",
        "makespan": "2.733",
        "processing_time": "0.070"
      },
      "r736546": {
        "id": "r736546",
        "timestamp": "1687420080126",
        "success": "true",
        "load_time": "0.011",
        "makespan": "14.933",
        "processing_time": "11.930"
      },
      "r534228": {
        "id": "r534228",
        "timestamp": "1687421307012",
        "success": "true",
        "load_time": "0.011",
        "makespan": "34.669",
        "processing_time": "8.051"
      },
      "r517331": {
        "id": "r517331",
        "timestamp": "1687426493505",
        "success": "true",
        "load_time": "0.016",
        "makespan": "12.858",
        "processing_time": "4.814"
      },
      "r629687": {
        "id": "r629687",
        "timestamp": "1687425215031",
        "success": "true",
        "load_time": "0.010",
        "makespan": "15.448",
        "processing_time": "2.523"
      },
      "r705912": {
        "id": "r705912",
        "timestamp": "1687426227342",
        "success": "true",
        "load_time": "0.010",
        "makespan": "30.300",
        "processing_time": "3.019"
      },
      "r814923": {
        "id": "r814923",
        "timestamp": "1687420224349",
        "success": "true",
        "load_time": "0.011",
        "makespan": "3.478",
        "processing_time": "0.409"
      },
      "r642146": {
        "id": "r642146",
        "timestamp": "1687425115974",
        "success": "true",
        "load_time": "0.010",
        "makespan": "29.713",
        "processing_time": "2.957"
      },
      "r853041": {
        "id": "r853041",
        "timestamp": "1687426790973",
        "success": "true",
        "load_time": "0.012",
        "makespan": "20.499",
        "processing_time": "16.301"
      },
      "r732746": {
        "id": "r732746",
        "timestamp": "1687421802232",
        "success": "true",
        "load_time": "0.011",
        "makespan": "16.354",
        "processing_time": "2.605"
      },
      "r577471": {
        "id": "r577471",
        "timestamp": "1687423649121",
        "success": "true",
        "load_time": "0.013",
        "makespan": "11.177",
        "processing_time": "5.267"
      },
      "r618943": {
        "id": "r618943",
        "timestamp": "1687426877073",
        "success": "true",
        "load_time": "0.012",
        "makespan": "3.600",
        "processing_time": "0.095"
      },
      "r919495": {
        "id": "r919495",
        "timestamp": "1687419911810",
        "success": "true",
        "load_time": "0.019",
        "makespan": "7.508",
        "processing_time": "0.916"
      },
      "r911135": {
        "id": "r911135",
        "timestamp": "1687426704848",
        "success": "true",
        "load_time": "0.012",
        "makespan": "6.372",
        "processing_time": "2.723"
      },
      "r569339": {
        "id": "r569339",
        "timestamp": "1687426570632",
        "success": "true",
        "load_time": "0.012",
        "makespan": "23.209",
        "processing_time": "16.536"
      },
      "r820648": {
        "id": "r820648",
        "timestamp": "1687420663783",
        "success": "true",
        "load_time": "0.010",
        "makespan": "58.989",
        "processing_time": "26.047"
      },
      "r706681": {
        "id": "r706681",
        "timestamp": "1687426668774",
        "success": "true",
        "load_time": "0.012",
        "makespan": "3.664",
        "processing_time": "0.113"
      },
      "r805769": {
        "id": "r805769",
        "timestamp": "1687419811695",
        "success": "true",
        "load_time": "0.019",
        "makespan": "7.592",
        "processing_time": "0.932"
      },
      "r564327": {
        "id": "r564327",
        "timestamp": "1687420523719",
        "success": "true",
        "load_time": "0.010",
        "makespan": "59.344",
        "processing_time": "26.887"
      },
      "r541391": {
        "id": "r541391",
        "timestamp": "1687423115617",
        "success": "true",
        "load_time": "0.011",
        "makespan": "33.955",
        "processing_time": "3.455"
      },
      "r591011": {
        "id": "r591011",
        "timestamp": "1687420335579",
        "success": "true",
        "load_time": "0.009",
        "makespan": "8.138",
        "processing_time": "4.129"
      },
      "r533949": {
        "id": "r533949",
        "timestamp": "1687426399430",
        "success": "true",
        "load_time": "0.010",
        "makespan": "33.736",
        "processing_time": "17.035"
      },
      "r771411": {
        "id": "r771411",
        "timestamp": "1687423845352",
        "success": "true",
        "load_time": "0.010",
        "makespan": "19.166",
        "processing_time": "9.771"
      },
      "r682201": {
        "id": "r682201",
        "timestamp": "1687420041057",
        "success": "true",
        "load_time": "0.011",
        "makespan": "2.691",
        "processing_time": "0.098"
      },
      "r476770": {
        "id": "r476770",
        "timestamp": "1687424277635",
        "success": "true",
        "load_time": "0.010",
        "makespan": "16.890",
        "processing_time": "2.037"
      },
      "r575108": {
        "id": "r575108",
        "timestamp": "1687424921859",
        "success": "true",
        "load_time": "0.010",
        "makespan": "29.794",
        "processing_time": "3.048"
      },
      "r638844": {
        "id": "r638844",
        "timestamp": "1687421720186",
        "success": "true",
        "load_time": "0.011",
        "makespan": "16.685",
        "processing_time": "1.776"
      },
      "r611215": {
        "id": "r611215",
        "timestamp": "1687424037519",
        "success": "true",
        "load_time": "0.013",
        "makespan": "50.702",
        "processing_time": "21.254"
      },
      "r667337": {
        "id": "r667337",
        "timestamp": "1687420179275",
        "success": "true",
        "load_time": "0.011",
        "makespan": "2.573",
        "processing_time": "0.067"
      },
      "r647611": {
        "id": "r647611",
        "timestamp": "1687423804328",
        "success": "true",
        "load_time": "0.010",
        "makespan": "25.027",
        "processing_time": "9.767"
      },
      "r534841": {
        "id": "r534841",
        "timestamp": "1687420294498",
        "success": "true",
        "load_time": "0.011",
        "makespan": "3.419",
        "processing_time": "0.397"
      },
      "r640011": {
        "id": "r640011",
        "timestamp": "1687422336372",
        "success": "true",
        "load_time": "0.011",
        "makespan": "33.416",
        "processing_time": "7.691"
      },
      "r880130": {
        "id": "r880130",
        "timestamp": "1687420311543",
        "success": "true",
        "load_time": "0.009",
        "makespan": "10.138",
        "processing_time": "4.363"
      },
      "r751526": {
        "id": "r751526",
        "timestamp": "1687423428894",
        "success": "true",
        "load_time": "0.013",
        "makespan": "6.083",
        "processing_time": "0.285"
      },
      "r533191": {
        "id": "r533191",
        "timestamp": "1687426630705",
        "success": "true",
        "load_time": "0.012",
        "makespan": "4.603",
        "processing_time": "0.555"
      },
      "r817042": {
        "id": "r817042",
        "timestamp": "1687423542011",
        "success": "true",
        "load_time": "0.013",
        "makespan": "8.068",
        "processing_time": "1.077"
      },
      "r599798": {
        "id": "r599798",
        "timestamp": "1687420276462",
        "success": "true",
        "load_time": "0.011",
        "makespan": "4.733",
        "processing_time": "2.163"
      },
      "r513245": {
        "id": "r513245",
        "timestamp": "1687426747906",
        "success": "true",
        "load_time": "0.012",
        "makespan": "6.164",
        "processing_time": "2.618"
      },
      "r883257": {
        "id": "r883257",
        "timestamp": "1687420357627",
        "success": "true",
        "load_time": "0.009",
        "makespan": "8.700",
        "processing_time": "4.485"
      },
      "r618477": {
        "id": "r618477",
        "timestamp": "1687425589119",
        "success": "true",
        "load_time": "0.010",
        "makespan": "33.308",
        "processing_time": "17.141"
      },
      "r474577": {
        "id": "r474577",
        "timestamp": "1687420241388",
        "success": "true",
        "load_time": "0.011",
        "makespan": "4.686",
        "processing_time": "2.138"
      },
      "r694472": {
        "id": "r694472",
        "timestamp": "1687420379665",
        "success": "true",
        "load_time": "0.010",
        "makespan": "63.532",
        "processing_time": "27.807"
      },
      "r696376": {
        "id": "r696376",
        "timestamp": "1687423701190",
        "success": "true",
        "load_time": "0.013",
        "makespan": "7.837",
        "processing_time": "1.103"
      },
      "r805755": {
        "id": "r805755",
        "timestamp": "1687419659640",
        "success": "true",
        "load_time": "0.019",
        "makespan": "133.065",
        "processing_time": "127.039"
      },
      "r462053": {
        "id": "r462053",
        "timestamp": "1687426326389",
        "success": "true",
        "load_time": "0.010",
        "makespan": "14.866",
        "processing_time": "1.520"
      },
      "r825452": {
        "id": "r825452",
        "timestamp": "1687420109168",
        "success": "true",
        "load_time": "0.011",
        "makespan": "14.656",
        "processing_time": "11.755"
      },
      "r486426": {
        "id": "r486426",
        "timestamp": "1687421418044",
        "success": "true",
        "load_time": "0.011",
        "makespan": "16.685",
        "processing_time": "1.771"
      },
      "r906268": {
        "id": "r906268",
        "timestamp": "1687426685809",
        "success": "true",
        "load_time": "0.012",
        "makespan": "4.557",
        "processing_time": "0.546"
      },
      "r887544": {
        "id": "r887544",
        "timestamp": "1687426649740",
        "success": "true",
        "load_time": "0.012",
        "makespan": "4.744",
        "processing_time": "0.558"
      },
      "r854730": {
        "id": "r854730",
        "timestamp": "1687420801853",
        "success": "true",
        "load_time": "0.011",
        "makespan": "40.344",
        "processing_time": "19.620"
      },
      "r727622": {
        "id": "r727622",
        "timestamp": "1687419560567",
        "success": "true",
        "load_time": "0.019",
        "makespan": "5.066",
        "processing_time": "0.331"
      },
      "r565211": {
        "id": "r565211",
        "timestamp": "1687421606135",
        "success": "true",
        "load_time": "0.011",
        "makespan": "34.074",
        "processing_time": "3.526"
      },
      "r583968": {
        "id": "r583968",
        "timestamp": "1687426607669",
        "success": "true",
        "load_time": "0.012",
        "makespan": "3.471",
        "processing_time": "0.129"
      },
      "r697215": {
        "id": "r697215",
        "timestamp": "1687419204360",
        "success": "true",
        "load_time": "0.019",
        "makespan": "133.433",
        "processing_time": "127.480"
      },
      "r658368": {
        "id": "r658368",
        "timestamp": "1687426767940",
        "success": "true",
        "load_time": "0.012",
        "makespan": "3.630",
        "processing_time": "0.141"
      },
      "r544582": {
        "id": "r544582",
        "timestamp": "1687423227673",
        "success": "true",
        "load_time": "0.011",
        "makespan": "17.621",
        "processing_time": "1.850"
      },
      "r678024": {
        "id": "r678024",
        "timestamp": "1687423880396",
        "success": "true",
        "load_time": "0.010",
        "makespan": "19.159",
        "processing_time": "9.747"
      },
      "r607967": {
        "id": "r607967",
        "timestamp": "1687419837748",
        "success": "true",
        "load_time": "0.019",
        "makespan": "5.076",
        "processing_time": "0.368"
      },
      "r878019": {
        "id": "r878019",
        "timestamp": "1687419175347",
        "success": "true",
        "load_time": "0.019",
        "makespan": "12.614",
        "processing_time": "4.775"
      },
      "r544184": {
        "id": "r544184",
        "timestamp": "1687425852257",
        "success": "true",
        "load_time": "0.010",
        "makespan": "14.890",
        "processing_time": "2.358"
      },
      "r649763": {
        "id": "r649763",
        "timestamp": "1687419959897",
        "success": "true",
        "load_time": "0.019",
        "makespan": "9.838",
        "processing_time": "4.928"
      },
      "r700437": {
        "id": "r700437",
        "timestamp": "1687423310741",
        "success": "true",
        "load_time": "0.013",
        "makespan": "15.111",
        "processing_time": "5.255"
      },
      "r888003": {
        "id": "r888003",
        "timestamp": "1687425683165",
        "success": "true",
        "load_time": "0.010",
        "makespan": "15.156",
        "processing_time": "1.448"
      },
      "r864251": {
        "id": "r864251",
        "timestamp": "1687419937860",
        "success": "true",
        "load_time": "0.019",
        "makespan": "4.977",
        "processing_time": "0.246"
      },
      "r478352": {
        "id": "r478352",
        "timestamp": "1687422229348",
        "success": "true",
        "load_time": "0.011",
        "makespan": "38.519",
        "processing_time": "20.267"
      },
      "r812820": {
        "id": "r812820",
        "timestamp": "1687423340781",
        "success": "true",
        "load_time": "0.013",
        "makespan": "6.038",
        "processing_time": "0.181"
      },
      "r535641": {
        "id": "r535641",
        "timestamp": "1687426826005",
        "success": "true",
        "load_time": "0.012",
        "makespan": "20.375",
        "processing_time": "16.340"
      },
      "r876071": {
        "id": "r876071",
        "timestamp": "1687423915466",
        "success": "true",
        "load_time": "0.013",
        "makespan": "51.194",
        "processing_time": "20.296"
      },
      "r520958": {
        "id": "r520958",
        "timestamp": "1687419534523",
        "success": "true",
        "load_time": "0.019",
        "makespan": "7.462",
        "processing_time": "0.968"
      },
      "r623435": {
        "id": "r623435",
        "timestamp": "1687423675152",
        "success": "true",
        "load_time": "0.013",
        "makespan": "11.221",
        "processing_time": "5.338"
      },
      "r534392": {
        "id": "r534392",
        "timestamp": "1687420137205",
        "success": "true",
        "load_time": "0.011",
        "makespan": "2.995",
        "processing_time": "0.125"
      },
      "r510998": {
        "id": "r510998",
        "timestamp": "1687426545576",
        "success": "true",
        "load_time": "0.016",
        "makespan": "10.492",
        "processing_time": "4.909"
      },
      "r898682": {
        "id": "r898682",
        "timestamp": "1687420062093",
        "success": "true",
        "load_time": "0.011",
        "makespan": "4.700",
        "processing_time": "2.176"
      },
      "r740691": {
        "id": "r740691",
        "timestamp": "1687424732767",
        "success": "true",
        "load_time": "0.010",
        "makespan": "28.628",
        "processing_time": "6.663"
      },
      "r749382": {
        "id": "r749382",
        "timestamp": "1687425757204",
        "success": "true",
        "load_time": "0.010",
        "makespan": "29.156",
        "processing_time": "6.822"
      },
      "r734738": {
        "id": "r734738",
        "timestamp": "1687423461929",
        "success": "true",
        "load_time": "0.013",
        "makespan": "5.936",
        "processing_time": "0.167"
      },
      "r503750": {
        "id": "r503750",
        "timestamp": "1687419382457",
        "success": "true",
        "load_time": "0.019",
        "makespan": "133.115",
        "processing_time": "127.209"
      },
      "r574864": {
        "id": "r574864",
        "timestamp": "1687419608600",
        "success": "true",
        "load_time": "0.019",
        "makespan": "4.963",
        "processing_time": "0.391"
      },
      "r744505": {
        "id": "r744505",
        "timestamp": "1687420158242",
        "success": "true",
        "load_time": "0.011",
        "makespan": "2.635",
        "processing_time": "0.098"
      },
      "r572169": {
        "id": "r572169",
        "timestamp": "1687423395856",
        "success": "true",
        "load_time": "0.013",
        "makespan": "6.166",
        "processing_time": "0.269"
      },
      "r709420": {
        "id": "r709420",
        "timestamp": "1687422446420",
        "success": "true",
        "load_time": "0.011",
        "makespan": "34.440",
        "processing_time": "3.699"
      },
      "r611896": {
        "id": "r611896",
        "timestamp": "1687426894113",
        "success": "true",
        "load_time": "0.012",
        "makespan": "6.216",
        "processing_time": "2.666"
      },
      "r756973": {
        "id": "r756973",
        "timestamp": "1687420259422",
        "success": "true",
        "load_time": "0.011",
        "makespan": "3.471",
        "processing_time": "0.403"
      },
      "r859527": {
        "id": "r859527",
        "timestamp": "1687423725220",
        "success": "true",
        "load_time": "0.013",
        "makespan": "6.113",
        "processing_time": "0.181"
      },
      "r567816": {
        "id": "r567816",
        "timestamp": "1687420195312",
        "success": "true",
        "load_time": "0.011",
        "makespan": "14.926",
        "processing_time": "11.865"
      },
      "r621428": {
        "id": "r621428",
        "timestamp": "1687421500087",
        "success": "true",
        "load_time": "0.011",
        "makespan": "38.959",
        "processing_time": "20.720"
      },
      "r580111": {
        "id": "r580111",
        "timestamp": "1687423482965",
        "success": "true",
        "load_time": "0.013",
        "makespan": "42.960",
        "processing_time": "35.832"
      },
      "r724378": {
        "id": "r724378",
        "timestamp": "1687426724876",
        "success": "true",
        "load_time": "0.012",
        "makespan": "3.604",
        "processing_time": "0.140"
      },
      "r811782": {
        "id": "r811782",
        "timestamp": "1687426860040",
        "success": "true",
        "load_time": "0.012",
        "makespan": "3.463",
        "processing_time": "0.091"
      },
      "r695939": {
        "id": "r695939",
        "timestamp": "1687422559473",
        "success": "true",
        "load_time": "0.011",
        "makespan": "17.279",
        "processing_time": "2.804"
      },
      "r499009": {
        "id": "r499009",
        "timestamp": "1687423566035",
        "success": "true",
        "load_time": "0.013",
        "makespan": "7.966",
        "processing_time": "1.088"
      },
      "r751603": {
        "id": "r751603",
        "timestamp": "1687419985938",
        "success": "true",
        "load_time": "0.019",
        "makespan": "5.013",
        "processing_time": "0.178"
      },
      "r843505": {
        "id": "r843505",
        "timestamp": "1687423746251",
        "success": "true",
        "load_time": "0.013",
        "makespan": "42.102",
        "processing_time": "35.444"
      },
      "r736973": {
        "id": "r736973",
        "timestamp": "1687424827813",
        "success": "true",
        "load_time": "0.010",
        "makespan": "34.241",
        "processing_time": "17.535"
      },
      "r644773": {
        "id": "r644773",
        "timestamp": "1687423361817",
        "success": "true",
        "load_time": "0.013",
        "makespan": "6.264",
        "processing_time": "0.252"
      },
      "r776831": {
        "id": "r776831",
        "timestamp": "1687419889773",
        "success": "true",
        "load_time": "0.019",
        "makespan": "5.027",
        "processing_time": "0.177"
      },
      "r642995": {
        "id": "r642995",
        "timestamp": "1687420910900",
        "success": "true",
        "load_time": "0.011",
        "makespan": "17.261",
        "processing_time": "2.726"
      },
      "r752922": {
        "id": "r752922",
        "timestamp": "1687423590070",
        "success": "true",
        "load_time": "0.013",
        "makespan": "42.867",
        "processing_time": "35.929"
      },
      "r909296": {
        "id": "r909296",
        "timestamp": "1687423006588",
        "success": "true",
        "load_time": "0.011",
        "makespan": "33.512",
        "processing_time": "7.577"
      },
      "r698877": {
        "id": "r698877",
        "timestamp": "1687420007988",
        "success": "true",
        "load_time": "0.011",
        "makespan": "4.114",
        "processing_time": "0.072"
      },
      "r916017": {
        "id": "r916017",
        "timestamp": "1687424158570",
        "success": "true",
        "load_time": "0.013",
        "makespan": "48.586",
        "processing_time": "19.945"
      }
    }
  }
}