{
  "id": "b806974",
  "specification": "1.0.0",
  "description": "Libgrape-lite LDBC Benchmark",
  "system": {
    "platform": {
      "name": "libgrape-lite",
      "acronym": "libgrape",
      "version": "0.3.1",
      "link": "https://github.com/alibaba/libgrape-lite"
    },
    "environment": {
      "name": "ecs.r7.16xlarge",
      "acronym": "r7",
      "version": "1.0.0",
      "link": "https://help.aliyun.com/document_detail/25378.html?spm\u003d5176.ecsnewbuy.help.dexternal.155d3675Y8BpwF#r7\"",
      "machines": [
        {
          "quantity": "8",
          "cpu": "Intel(R) Xeon(R) Platinum 8369B CPU @ 2.70GHz",
          "memory": "512GiB",
          "network": "VPC",
          "storage": "Cloud Parallel File Storage"
        }
      ]
    },
    "tool": {
      "graphalytics-core": {
        "name": "graphalytics-core",
        "version": "1.10.0",
        "link": "https://github.com/ldbc/ldbc_graphalytics"
      },
      "graphalytics-platforms-libgrape": {
        "name": "graphalytics-platforms-libgrape",
        "version": "0.4-SNAPSHOT",
        "link": "https://github.com/alibaba/libgrape-lite"
      }
    },
    "pricing": "199308.88"
  },
  "benchmark": {
    "type": "custom",
    "name": "Benchmark for dataset size XL",
    "duration": "29751203",
    "timeout": "7200",
    "resources": {},
    "output": {
      "required": "-",
      "directory": "./output"
    },
    "validation": {
      "required": "-",
      "directory": "/mnt/nas/ldbc_graphalytics_datasets"
    },
    "configurations": {
      "graph.graph500-30.cdlp.max-iterations": "10",
      "environment.machine.memory": "512GiB",
      "graph.datagen-9_4-fb.sssp.weight-property": "weight",
      "graph.graph500-27.meta.vertices": "63081040",
      "graph.datagen-9_1-fb.meta.vertices": "16087483",
      "graph.com-friendster.cdlp.max-iterations": "10",
      "graph.com-friendster.bfs.source-vertex": "101",
      "environment.machine.quantity": "8",
      "environment.machine.storage": "Cloud Parallel File Storage",
      "graph.graph500-29.pr.damping-factor": "0.85",
      "graphs.validation-directory": "/mnt/nas/ldbc_graphalytics_datasets",
      "benchmark.runner.max-memory": "",
      "graph.datagen-sf3k-fb.pr.num-iterations": "10",
      "graph.graph500-28.pr.damping-factor": "0.85",
      "graph.datagen-9_2-zf.vertex-file": "datagen-9_2-zf.v",
      "graph.datagen-sf3k-fb.pr.damping-factor": "0.85",
      "graph.graph500-27.pr.damping-factor": "0.85",
      "graph.datagen-9_4-fb.edge-properties.types": "real",
      "graph.datagen-sf10k-fb.directed": "false",
      "graph.graph500-30.edge-file": "graph500-30.e",
      "graph.graph500-28.pr.num-iterations": "10",
      "graph.twitter_mpi.cdlp.max-iterations": "10",
      "graph.graph500-30.pr.damping-factor": "0.85",
      "benchmark.name": "Benchmark for dataset size XL",
      "graph.datagen-9_1-fb.edge-properties.types": "real",
      "graph.datagen-sf10k-fb.algorithms": "bfs",
      "graph.datagen-sf10k-fb.vertex-file": "datagen-sf10k-fb.v",
      "graph.datagen-sf10k-fb.edge-properties.types": "real",
      "graph.com-friendster.meta.edges": "1806067135",
      "graph.graph500-26.meta.vertices": "32804978",
      "benchmark.custom.timeout": "7200",
      "graph.datagen-9_0-fb.edge-file": "datagen-9_0-fb.e",
      "graph.datagen-9_2-zf.sssp.weight-property": "weight",
      "graph.datagen-9_2-zf.sssp.source-vertex": "6",
      "graph.datagen-9_1-fb.cdlp.max-iterations": "10",
      "platform.name": "libgrape-lite",
      "graph.datagen-9_2-zf.bfs.source-vertex": "6",
      "graph.datagen-sf10k-fb.cdlp.max-iterations": "10",
      "graph.datagen-9_4-fb.sssp.source-vertex": "6",
      "graph.graph500-26.meta.edges": "1051922853",
      "graph.datagen-9_2-zf.pr.damping-factor": "0.85",
      "graph.datagen-9_3-zf.pr.num-iterations": "10",
      "graph.datagen-9_3-zf.edge-properties.types": "real",
      "graph.graph500-30.directed": "false",
      "graph.graph500-28.meta.vertices": "121242388",
      "graph.graph500-30.meta.vertices": "447797986",
      "graph.datagen-9_4-fb.cdlp.max-iterations": "10",
      "graph.datagen-9_1-fb.algorithms": "bfs",
      "benchmark.custom.algorithms": "BFS",
      "graph.datagen-9_3-zf.bfs.source-vertex": "6",
      "graph.twitter_mpi.meta.edges": "1963263508",
      "graph.graph500-27.pr.num-iterations": "10",
      "graph.datagen-9_4-fb.edge-properties.names": "weight",
      "graph.datagen-9_3-zf.vertex-file": "datagen-9_3-zf.v",
      "graph.datagen-9_4-fb.vertex-file": "datagen-9_4-fb.v",
      "graph.datagen-9_2-zf.directed": "false",
      "graph.datagen-9_2-zf.edge-file": "datagen-9_2-zf.e",
      "graph.graph500-26.cdlp.max-iterations": "10",
      "graph.datagen-9_3-zf.edge-file": "datagen-9_3-zf.e",
      "graph.datagen-sf3k-fb.algorithms": "bfs",
      "graph.graph500-26.bfs.source-vertex": "62455266",
      "graph.datagen-9_2-zf.cdlp.max-iterations": "10",
      "graph.graph500-26.algorithms": "bfs",
      "environment.name": "ecs.r7.16xlarge",
      "graphs.output-directory": "./output",
      "graph.datagen-9_4-fb.meta.vertices": "29310565",
      "graph.datagen-sf3k-fb.meta.edges": "2912009743",
      "graph.datagen-sf3k-fb.edge-properties.names": "weight",
      "graph.graph500-27.bfs.source-vertex": "0",
      "graph.graph500-27.cdlp.max-iterations": "10",
      "graph.graph500-30.pr.num-iterations": "10",
      "graph.graph500-30.vertex-file": "graph500-30.v",
      "graph.datagen-sf3k-fb.bfs.source-vertex": "933",
      "graph.graph500-29.edge-file": "graph500-29.e",
      "graph.twitter_mpi.algorithms": "bfs",
      "graph.datagen-9_2-zf.meta.vertices": "434943376",
      "graph.graph500-28.directed": "false",
      "graph.datagen-9_1-fb.pr.num-iterations": "10",
      "graph.datagen-sf10k-fb.pr.num-iterations": "10",
      "graph.datagen-sf10k-fb.sssp.source-vertex": "6",
      "graph.graph500-30.bfs.source-vertex": "0",
      "graph.twitter_mpi.bfs.source-vertex": "420",
      "graph.graph500-28.cdlp.max-iterations": "10",
      "graph.graph500-28.algorithms": "bfs",
      "graph.datagen-9_0-fb.edge-properties.names": "weight",
      "graph.datagen-sf3k-fb.meta.vertices": "33484375",
      "graph.datagen-9_3-zf.edge-properties.names": "weight",
      "graph.twitter_mpi.edge-file": "twitter_mpi.e",
      "graph.graph500-26.pr.damping-factor": "0.85",
      "graph.graph500-29.meta.vertices": "232999630",
      "graph.datagen-sf3k-fb.edge-file": "datagen-sf3k-fb.e",
      "graph.datagen-9_0-fb.vertex-file": "datagen-9_0-fb.v",
      "graph.datagen-9_1-fb.sssp.source-vertex": "6",
      "graph.graph500-29.cdlp.max-iterations": "10",
      "graph.datagen-9_0-fb.pr.damping-factor": "0.85",
      "platform.acronym": "libgrape",
      "graph.com-friendster.edge-file": "com-friendster.e",
      "graph.graph500-26.vertex-file": "graph500-26.v",
      "graph.graph500-27.algorithms": "bfs",
      "benchmark.type": "custom",
      "graph.com-friendster.pr.damping-factor": "0.85",
      "graph.datagen-9_0-fb.algorithms": "bfs",
      "graph.graph500-28.vertex-file": "graph500-28.v",
      "graph.datagen-9_1-fb.directed": "false",
      "graph.datagen-9_3-zf.meta.edges": "1309998551",
      "graph.graph500-27.vertex-file": "graph500-27.v",
      "graph.graph500-29.vertex-file": "graph500-29.v",
      "graph.datagen-9_4-fb.directed": "false",
      "environment.machine.cpu": "Intel(R) Xeon(R) Platinum 8369B CPU @ 2.70GHz",
      "environment.acronym": "r7",
      "graph.datagen-9_0-fb.cdlp.max-iterations": "10",
      "graph.datagen-sf3k-fb.edge-properties.types": "real",
      "graph.datagen-9_0-fb.meta.edges": "1049527225",
      "graph.graph500-28.meta.edges": "4236163958",
      "graph.datagen-9_2-zf.edge-properties.types": "real",
      "graph.datagen-sf3k-fb.sssp.weight-property": "weight",
      "graph.datagen-sf3k-fb.vertex-file": "datagen-sf3k-fb.v",
      "graph.graph500-27.meta.edges": "2111642032",
      "graph.datagen-9_0-fb.sssp.source-vertex": "6",
      "graph.datagen-9_1-fb.bfs.source-vertex": "6",
      "graph.datagen-9_3-zf.sssp.weight-property": "weight",
      "graphs.names": "[com-friendster, datagen-9_0-fb, datagen-9_1-fb, datagen-9_2-zf, datagen-9_3-zf, datagen-9_4-fb, datagen-sf10k-fb, datagen-sf3k-fb, graph500-26, graph500-27, graph500-28, graph500-29, graph500-30, twitter_mpi]",
      "graph.twitter_mpi.pr.damping-factor": "0.85",
      "graph.datagen-9_0-fb.sssp.weight-property": "weight",
      "platform.libgrape.nodes": "\"172.24.177.236,172.24.177.229,172.24.177.233,172.24.177.231,172.24.177.232,172.24.177.235,172.24.177.234,172.24.177.230\"",
      "graph.datagen-9_3-zf.cdlp.max-iterations": "10",
      "graph.com-friendster.meta.vertices": "65608366",
      "graph.graph500-30.algorithms": "bfs",
      "graph.datagen-9_4-fb.edge-file": "datagen-9_4-fb.e",
      "graph.graph500-28.edge-file": "graph500-28.e",
      "graph.com-friendster.pr.num-iterations": "10",
      "graph.graph500-29.directed": "false",
      "graph.twitter_mpi.pr.num-iterations": "10",
      "benchmark.runner.port": "8014",
      "graph.datagen-9_0-fb.bfs.source-vertex": "6",
      "graph.datagen-sf3k-fb.directed": "false",
      "graph.graph500-29.bfs.source-vertex": "0",
      "graph.datagen-9_0-fb.edge-properties.types": "real",
      "graph.datagen-sf10k-fb.sssp.weight-property": "weight",
      "graph.com-friendster.directed": "false",
      "graph.datagen-9_1-fb.vertex-file": "datagen-9_1-fb.v",
      "graph.datagen-9_2-zf.meta.edges": "1042340732",
      "benchmark.description": "Libgrape-lite LDBC Benchmark",
      "graph.datagen-sf10k-fb.bfs.source-vertex": "933",
      "benchmark.custom.validation-required": "true",
      "graph.graph500-29.meta.edges": "8493569115",
      "graph.datagen-9_4-fb.pr.num-iterations": "10",
      "graph.datagen-9_0-fb.meta.vertices": "12857671",
      "graph.graph500-27.edge-file": "graph500-27.e",
      "graph.datagen-9_1-fb.edge-properties.names": "weight",
      "graph.datagen-9_2-zf.pr.num-iterations": "10",
      "graph.graph500-27.directed": "false",
      "graph.datagen-sf3k-fb.cdlp.max-iterations": "10",
      "benchmark.custom.graphs": "graph500-26",
      "graph.datagen-sf3k-fb.sssp.source-vertex": "6",
      "graph.datagen-9_4-fb.pr.damping-factor": "0.85",
      "graph.datagen-9_2-zf.edge-properties.names": "weight",
      "graph.datagen-9_4-fb.algorithms": "bfs",
      "environment.machine.network": "VPC",
      "graph.twitter_mpi.vertex-file": "twitter_mpi.v",
      "platform.version": "0.3.0",
      "graph.datagen-9_3-zf.pr.damping-factor": "0.85",
      "graph.graph500-26.edge-file": "graph500-26.e",
      "graph.datagen-9_1-fb.meta.edges": "1342158397",
      "graph.datagen-9_3-zf.directed": "false",
      "graph.graph500-30.meta.edges": "17022117362",
      "graph.datagen-sf10k-fb.meta.vertices": "100218750",
      "graph.datagen-9_1-fb.sssp.weight-property": "weight",
      "graph.graph500-26.pr.num-iterations": "10",
      "graph.graph500-26.directed": "false",
      "environment.link": "https://help.aliyun.com/document_detail/25378.html?spm\u003d5176.ecsnewbuy.help.dexternal.155d3675Y8BpwF#r7\"",
      "graph.datagen-9_3-zf.meta.vertices": "555270053",
      "graph.graph500-28.bfs.source-vertex": "0",
      "graph.datagen-9_3-zf.algorithms": "bfs",
      "graph.datagen-9_4-fb.meta.edges": "2588948669",
      "platform.libgrape.home": "/mnt/nas/libgrape-lite-2",
      "graph.twitter_mpi.directed": "true",
      "platform.link": "https://github.com/alibaba/libgrape-lite",
      "graph.datagen-9_1-fb.pr.damping-factor": "0.85",
      "graph.datagen-sf10k-fb.pr.damping-factor": "0.85",
      "system.pricing": "199308.88",
      "benchmark.executor.port": "8013",
      "benchmark.custom.repetitions": "3",
      "graphs.root-directory": "/mnt/nas/ldbc_graphalytics_datasets",
      "graph.com-friendster.vertex-file": "com-friendster.v",
      "graph.twitter_mpi.meta.vertices": "52579678",
      "graph.datagen-9_2-zf.algorithms": "bfs",
      "graph.datagen-9_0-fb.pr.num-iterations": "10",
      "graph.graph500-29.algorithms": "bfs",
      "graph.datagen-9_1-fb.edge-file": "datagen-9_1-fb.e",
      "graph.datagen-9_0-fb.directed": "false",
      "benchmark.custom.output-required": "true",
      "graph.datagen-sf10k-fb.edge-properties.names": "weight",
      "environment.version": "1.0.0",
      "graph.graph500-29.pr.num-iterations": "10",
      "graph.datagen-9_4-fb.bfs.source-vertex": "6",
      "graph.com-friendster.algorithms": "bfs",
      "graph.datagen-9_3-zf.sssp.source-vertex": "6",
      "graph.datagen-sf10k-fb.edge-file": "datagen-sf10k-fb.e",
      "graph.datagen-sf10k-fb.meta.edges": "9404822538"
    }
  },
  "result": {
    "experiments": {
      "e633621": {
        "id": "e633621",
        "type": "custom:exp",
        "jobs": [
          "j496063",
          "j916083",
          "j666397",
          "j514710",
          "j604773",
          "j762333",
          "j863376",
          "j916617",
          "j726558",
          "j715902",
          "j680708",
          "j898509",
          "j629278",
          "j844069",
          "j689550",
          "j907604",
          "j831959",
          "j788013",
          "j827226",
          "j488864",
          "j757615",
          "j808130",
          "j721943",
          "j564013",
          "j899823",
          "j574083",
          "j657174",
          "j519096",
          "j512594",
          "j524258",
          "j465398",
          "j869682",
          "j882125",
          "j491599",
          "j780531",
          "j617020",
          "j603682",
          "j776167",
          "j901752",
          "j694896",
          "j575648",
          "j774897",
          "j473806",
          "j493548",
          "j856195",
          "j812837",
          "j628851",
          "j616993",
          "j866039",
          "j798779",
          "j509552",
          "j602302",
          "j576433",
          "j887281",
          "j599661",
          "j576300"
        ]
      }
    },
    "jobs": {
      "j798779": {
        "id": "j798779",
        "algorithm": "PR",
        "dataset": "graph500-26",
        "scale": "1",
        "repetition": "3",
        "runs": [
          "r583612",
          "r722908",
          "r639408"
        ]
      },
      "j616993": {
        "id": "j616993",
        "algorithm": "PR",
        "dataset": "datagen-sf3k-fb",
        "scale": "1",
        "repetition": "3",
        "runs": [
          "r509710",
          "r661663",
          "r474261"
        ]
      },
      "j465398": {
        "id": "j465398",
        "algorithm": "BFS",
        "dataset": "datagen-9_3-zf",
        "scale": "1",
        "repetition": "3",
        "runs": [
          "r649980",
          "r736950",
          "r701850"
        ]
      },
      "j916617": {
        "id": "j916617",
        "algorithm": "WCC",
        "dataset": "datagen-9_4-fb",
        "scale": "1",
        "repetition": "3",
        "runs": [
          "r631676",
          "r497791",
          "r665065"
        ]
      },
      "j715902": {
        "id": "j715902",
        "algorithm": "WCC",
        "dataset": "datagen-9_2-zf",
        "scale": "1",
        "repetition": "3",
        "runs": [
          "r489877",
          "r897961",
          "r639926"
        ]
      },
      "j898509": {
        "id": "j898509",
        "algorithm": "SSSP",
        "dataset": "datagen-9_3-zf",
        "scale": "1",
        "repetition": "3",
        "runs": [
          "r545754",
          "r713358",
          "r869113"
        ]
      },
      "j901752": {
        "id": "j901752",
        "algorithm": "LCC",
        "dataset": "graph500-27",
        "scale": "1",
        "repetition": "3",
        "runs": [
          "r805073",
          "r720131",
          "r576192"
        ]
      },
      "j602302": {
        "id": "j602302",
        "algorithm": "PR",
        "dataset": "datagen-9_0-fb",
        "scale": "1",
        "repetition": "3",
        "runs": [
          "r527476",
          "r749543",
          "r618716"
        ]
      },
      "j488864": {
        "id": "j488864",
        "algorithm": "CDLP",
        "dataset": "graph500-26",
        "scale": "1",
        "repetition": "3",
        "runs": [
          "r807370",
          "r663179",
          "r657416"
        ]
      },
      "j575648": {
        "id": "j575648",
        "algorithm": "LCC",
        "dataset": "datagen-9_3-zf",
        "scale": "1",
        "repetition": "3",
        "runs": [
          "r507920",
          "r526017",
          "r774592"
        ]
      },
      "j762333": {
        "id": "j762333",
        "algorithm": "WCC",
        "dataset": "datagen-9_0-fb",
        "scale": "1",
        "repetition": "3",
        "runs": [
          "r720609",
          "r502050",
          "r918506"
        ]
      },
      "j856195": {
        "id": "j856195",
        "algorithm": "LCC",
        "dataset": "datagen-9_1-fb",
        "scale": "1",
        "repetition": "3",
        "runs": [
          "r517840",
          "r569735",
          "r496145"
        ]
      },
      "j628851": {
        "id": "j628851",
        "algorithm": "PR",
        "dataset": "twitter_mpi",
        "scale": "1",
        "repetition": "3",
        "runs": [
          "r653047",
          "r508713",
          "r782762"
        ]
      },
      "j657174": {
        "id": "j657174",
        "algorithm": "BFS",
        "dataset": "twitter_mpi",
        "scale": "1",
        "repetition": "3",
        "runs": [
          "r889703",
          "r467235",
          "r494861"
        ]
      },
      "j493548": {
        "id": "j493548",
        "algorithm": "LCC",
        "dataset": "datagen-9_4-fb",
        "scale": "1",
        "repetition": "3",
        "runs": [
          "r778427",
          "r793428",
          "r788200"
        ]
      },
      "j812837": {
        "id": "j812837",
        "algorithm": "LCC",
        "dataset": "datagen-9_2-zf",
        "scale": "1",
        "repetition": "3",
        "runs": [
          "r874386",
          "r814768",
          "r504833"
        ]
      },
      "j774897": {
        "id": "j774897",
        "algorithm": "LCC",
        "dataset": "datagen-9_0-fb",
        "scale": "1",
        "repetition": "3",
        "runs": [
          "r640126",
          "r642503",
          "r830306"
        ]
      },
      "j599661": {
        "id": "j599661",
        "algorithm": "PR",
        "dataset": "datagen-9_1-fb",
        "scale": "1",
        "repetition": "3",
        "runs": [
          "r780073",
          "r518122",
          "r690448"
        ]
      },
      "j899823": {
        "id": "j899823",
        "algorithm": "CDLP",
        "dataset": "datagen-9_1-fb",
        "scale": "1",
        "repetition": "3",
        "runs": [
          "r543582",
          "r810289",
          "r571516"
        ]
      },
      "j496063": {
        "id": "j496063",
        "algorithm": "WCC",
        "dataset": "twitter_mpi",
        "scale": "1",
        "repetition": "3",
        "runs": [
          "r857126",
          "r861165",
          "r722101"
        ]
      },
      "j512594": {
        "id": "j512594",
        "algorithm": "BFS",
        "dataset": "graph500-27",
        "scale": "1",
        "repetition": "3",
        "runs": [
          "r830159",
          "r645586",
          "r756458"
        ]
      },
      "j780531": {
        "id": "j780531",
        "algorithm": "BFS",
        "dataset": "datagen-9_1-fb",
        "scale": "1",
        "repetition": "3",
        "runs": [
          "r759462",
          "r789187",
          "r892414"
        ]
      },
      "j629278": {
        "id": "j629278",
        "algorithm": "SSSP",
        "dataset": "datagen-9_0-fb",
        "scale": "1",
        "repetition": "3",
        "runs": [
          "r910201",
          "r799823",
          "r678337"
        ]
      },
      "j524258": {
        "id": "j524258",
        "algorithm": "BFS",
        "dataset": "graph500-26",
        "scale": "1",
        "repetition": "3",
        "runs": [
          "r678334",
          "r636420",
          "r888062"
        ]
      },
      "j473806": {
        "id": "j473806",
        "algorithm": "LCC",
        "dataset": "com-friendster",
        "scale": "1",
        "repetition": "3",
        "runs": [
          "r783189",
          "r550480",
          "r537635"
        ]
      },
      "j757615": {
        "id": "j757615",
        "algorithm": "CDLP",
        "dataset": "datagen-9_3-zf",
        "scale": "1",
        "repetition": "3",
        "runs": [
          "r900748",
          "r815430",
          "r841094"
        ]
      },
      "j617020": {
        "id": "j617020",
        "algorithm": "BFS",
        "dataset": "datagen-9_2-zf",
        "scale": "1",
        "repetition": "3",
        "runs": [
          "r673233",
          "r546138",
          "r799832"
        ]
      },
      "j509552": {
        "id": "j509552",
        "algorithm": "PR",
        "dataset": "datagen-9_3-zf",
        "scale": "1",
        "repetition": "3",
        "runs": [
          "r699621",
          "r664824",
          "r877700"
        ]
      },
      "j788013": {
        "id": "j788013",
        "algorithm": "CDLP",
        "dataset": "datagen-sf3k-fb",
        "scale": "1",
        "repetition": "3",
        "runs": [
          "r601030",
          "r670598",
          "r828193"
        ]
      },
      "j882125": {
        "id": "j882125",
        "algorithm": "BFS",
        "dataset": "com-friendster",
        "scale": "1",
        "repetition": "3",
        "runs": [
          "r875654",
          "r730838",
          "r909186"
        ]
      },
      "j869682": {
        "id": "j869682",
        "algorithm": "BFS",
        "dataset": "datagen-9_0-fb",
        "scale": "1",
        "repetition": "3",
        "runs": [
          "r839608",
          "r465804",
          "r590923"
        ]
      },
      "j666397": {
        "id": "j666397",
        "algorithm": "WCC",
        "dataset": "graph500-27",
        "scale": "1",
        "repetition": "3",
        "runs": [
          "r567755",
          "r562509",
          "r856098"
        ]
      },
      "j689550": {
        "id": "j689550",
        "algorithm": "SSSP",
        "dataset": "datagen-9_1-fb",
        "scale": "1",
        "repetition": "3",
        "runs": [
          "r477697",
          "r461544",
          "r692020"
        ]
      },
      "j776167": {
        "id": "j776167",
        "algorithm": "LCC",
        "dataset": "datagen-sf3k-fb",
        "scale": "1",
        "repetition": "3",
        "runs": [
          "r747856",
          "r892952",
          "r609619"
        ]
      },
      "j576433": {
        "id": "j576433",
        "algorithm": "PR",
        "dataset": "com-friendster",
        "scale": "1",
        "repetition": "3",
        "runs": [
          "r908428",
          "r841825",
          "r758899"
        ]
      },
      "j916083": {
        "id": "j916083",
        "algorithm": "WCC",
        "dataset": "datagen-sf3k-fb",
        "scale": "1",
        "repetition": "3",
        "runs": [
          "r595734",
          "r468552",
          "r732148"
        ]
      },
      "j863376": {
        "id": "j863376",
        "algorithm": "WCC",
        "dataset": "com-friendster",
        "scale": "1",
        "repetition": "3",
        "runs": [
          "r556362",
          "r894557",
          "r602754"
        ]
      },
      "j808130": {
        "id": "j808130",
        "algorithm": "CDLP",
        "dataset": "datagen-9_0-fb",
        "scale": "1",
        "repetition": "3",
        "runs": [
          "r467622",
          "r834790",
          "r884138"
        ]
      },
      "j680708": {
        "id": "j680708",
        "algorithm": "SSSP",
        "dataset": "datagen-sf3k-fb",
        "scale": "1",
        "repetition": "3",
        "runs": [
          "r818927",
          "r669498",
          "r669461"
        ]
      },
      "j574083": {
        "id": "j574083",
        "algorithm": "CDLP",
        "dataset": "datagen-9_2-zf",
        "scale": "1",
        "repetition": "3",
        "runs": [
          "r581155",
          "r639917",
          "r643910"
        ]
      },
      "j519096": {
        "id": "j519096",
        "algorithm": "BFS",
        "dataset": "datagen-sf3k-fb",
        "scale": "1",
        "repetition": "3",
        "runs": [
          "r840099",
          "r608712",
          "r779480"
        ]
      },
      "j721943": {
        "id": "j721943",
        "algorithm": "CDLP",
        "dataset": "com-friendster",
        "scale": "1",
        "repetition": "3",
        "runs": [
          "r703230",
          "r510720",
          "r723095"
        ]
      },
      "j887281": {
        "id": "j887281",
        "algorithm": "PR",
        "dataset": "datagen-9_4-fb",
        "scale": "1",
        "repetition": "3",
        "runs": [
          "r821329",
          "r595305",
          "r516260"
        ]
      },
      "j576300": {
        "id": "j576300",
        "algorithm": "PR",
        "dataset": "datagen-9_2-zf",
        "scale": "1",
        "repetition": "3",
        "runs": [
          "r762920",
          "r876465",
          "r469074"
        ]
      },
      "j726558": {
        "id": "j726558",
        "algorithm": "WCC",
        "dataset": "datagen-9_1-fb",
        "scale": "1",
        "repetition": "3",
        "runs": [
          "r633923",
          "r897101",
          "r586380"
        ]
      },
      "j907604": {
        "id": "j907604",
        "algorithm": "SSSP",
        "dataset": "datagen-9_2-zf",
        "scale": "1",
        "repetition": "3",
        "runs": [
          "r569144",
          "r600571",
          "r500516"
        ]
      },
      "j604773": {
        "id": "j604773",
        "algorithm": "WCC",
        "dataset": "datagen-9_3-zf",
        "scale": "1",
        "repetition": "3",
        "runs": [
          "r573535",
          "r788260",
          "r700895"
        ]
      },
      "j603682": {
        "id": "j603682",
        "algorithm": "LCC",
        "dataset": "twitter_mpi",
        "scale": "1",
        "repetition": "3",
        "runs": [
          "r598906",
          "r486462",
          "r807675"
        ]
      },
      "j514710": {
        "id": "j514710",
        "algorithm": "WCC",
        "dataset": "graph500-26",
        "scale": "1",
        "repetition": "3",
        "runs": [
          "r474060",
          "r617439",
          "r499689"
        ]
      },
      "j831959": {
        "id": "j831959",
        "algorithm": "CDLP",
        "dataset": "twitter_mpi",
        "scale": "1",
        "repetition": "3",
        "runs": [
          "r475152",
          "r480295",
          "r887712"
        ]
      },
      "j491599": {
        "id": "j491599",
        "algorithm": "BFS",
        "dataset": "datagen-9_4-fb",
        "scale": "1",
        "repetition": "3",
        "runs": [
          "r801979",
          "r562638",
          "r679409"
        ]
      },
      "j694896": {
        "id": "j694896",
        "algorithm": "LCC",
        "dataset": "graph500-26",
        "scale": "1",
        "repetition": "3",
        "runs": [
          "r760877",
          "r536148",
          "r626095"
        ]
      },
      "j844069": {
        "id": "j844069",
        "algorithm": "SSSP",
        "dataset": "datagen-9_4-fb",
        "scale": "1",
        "repetition": "3",
        "runs": [
          "r600355",
          "r910501",
          "r670423"
        ]
      },
      "j827226": {
        "id": "j827226",
        "algorithm": "CDLP",
        "dataset": "graph500-27",
        "scale": "1",
        "repetition": "3",
        "runs": [
          "r797364",
          "r801969",
          "r475915"
        ]
      },
      "j866039": {
        "id": "j866039",
        "algorithm": "PR",
        "dataset": "graph500-27",
        "scale": "1",
        "repetition": "3",
        "runs": [
          "r716116",
          "r659754",
          "r863609"
        ]
      },
      "j564013": {
        "id": "j564013",
        "algorithm": "CDLP",
        "dataset": "datagen-9_4-fb",
        "scale": "1",
        "repetition": "3",
        "runs": [
          "r844374",
          "r559966",
          "r833436"
        ]
      }
    },
    "runs": {
      "r486462": {
        "id": "r486462",
        "timestamp": "1687522087005",
        "success": "true",
        "load_time": "0.000",
        "makespan": "52.312",
        "processing_time": "20.891"
      },
      "r678334": {
        "id": "r678334",
        "timestamp": "1687525892878",
        "success": "true",
        "load_time": "0.000",
        "makespan": "21.945",
        "processing_time": "0.146"
      },
      "r869113": {
        "id": "r869113",
        "timestamp": "1687526847037",
        "success": "true",
        "load_time": "0.000",
        "makespan": "270.641",
        "processing_time": "0.715"
      },
      "r801969": {
        "id": "r801969",
        "timestamp": "1687524926651",
        "success": "true",
        "load_time": "0.000",
        "makespan": "38.416",
        "processing_time": "1.739"
      },
      "r639926": {
        "id": "r639926",
        "timestamp": "1687547623511",
        "success": "true",
        "load_time": "0.000",
        "makespan": "186.187",
        "processing_time": "0.331"
      },
      "r543582": {
        "id": "r543582",
        "timestamp": "1687550578847",
        "success": "true",
        "load_time": "0.000",
        "makespan": "16.087",
        "processing_time": "1.046"
      },
      "r840099": {
        "id": "r840099",
        "timestamp": "1687523148256",
        "success": "true",
        "load_time": "0.000",
        "makespan": "23.698",
        "processing_time": "0.084"
      },
      "r639408": {
        "id": "r639408",
        "timestamp": "1687525793840",
        "success": "true",
        "load_time": "0.000",
        "makespan": "25.891",
        "processing_time": "1.437"
      },
      "r894557": {
        "id": "r894557",
        "timestamp": "1687539200470",
        "success": "true",
        "load_time": "0.000",
        "makespan": "49.648",
        "processing_time": "0.856"
      },
      "r892414": {
        "id": "r892414",
        "timestamp": "1687550650873",
        "success": "true",
        "load_time": "0.000",
        "makespan": "14.938",
        "processing_time": "0.063"
      },
      "r799832": {
        "id": "r799832",
        "timestamp": "1687542894074",
        "success": "true",
        "load_time": "0.000",
        "makespan": "229.792",
        "processing_time": "0.405"
      },
      "r833436": {
        "id": "r833436",
        "timestamp": "1687540715802",
        "success": "true",
        "load_time": "0.000",
        "makespan": "24.275",
        "processing_time": "1.912"
      },
      "r496145": {
        "id": "r496145",
        "timestamp": "1687550538831",
        "success": "true",
        "load_time": "0.000",
        "makespan": "19.415",
        "processing_time": "3.631"
      },
      "r601030": {
        "id": "r601030",
        "timestamp": "1687523584368",
        "success": "true",
        "load_time": "0.000",
        "makespan": "25.980",
        "processing_time": "2.163"
      },
      "r465804": {
        "id": "r465804",
        "timestamp": "1687538431298",
        "success": "true",
        "load_time": "0.000",
        "makespan": "12.553",
        "processing_time": "0.064"
      },
      "r814768": {
        "id": "r814768",
        "timestamp": "1687548676591",
        "success": "true",
        "load_time": "0.000",
        "makespan": "211.481",
        "processing_time": "0.854"
      },
      "r643910": {
        "id": "r643910",
        "timestamp": "1687546219395",
        "success": "true",
        "load_time": "0.000",
        "makespan": "190.192",
        "processing_time": "1.367"
      },
      "r909186": {
        "id": "r909186",
        "timestamp": "1687539887594",
        "success": "true",
        "load_time": "0.000",
        "makespan": "36.618",
        "processing_time": "0.307"
      },
      "r857126": {
        "id": "r857126",
        "timestamp": "1687522390071",
        "success": "true",
        "load_time": "0.000",
        "makespan": "37.320",
        "processing_time": "0.768"
      },
      "r788260": {
        "id": "r788260",
        "timestamp": "1687529991348",
        "success": "true",
        "load_time": "0.000",
        "makespan": "276.460",
        "processing_time": "0.438"
      },
      "r507920": {
        "id": "r507920",
        "timestamp": "1687528490199",
        "success": "true",
        "load_time": "0.000",
        "makespan": "262.357",
        "processing_time": "1.060"
      },
      "r569735": {
        "id": "r569735",
        "timestamp": "1687550734902",
        "success": "true",
        "load_time": "0.000",
        "makespan": "19.428",
        "processing_time": "3.665"
      },
      "r874386": {
        "id": "r874386",
        "timestamp": "1687542439032",
        "success": "true",
        "load_time": "0.000",
        "makespan": "254.965",
        "processing_time": "0.854"
      },
      "r910201": {
        "id": "r910201",
        "timestamp": "1687537853044",
        "success": "true",
        "load_time": "0.000",
        "makespan": "25.040",
        "processing_time": "0.145"
      },
      "r678337": {
        "id": "r678337",
        "timestamp": "1687537932078",
        "success": "true",
        "load_time": "0.000",
        "makespan": "15.885",
        "processing_time": "0.143"
      },
      "r736950": {
        "id": "r736950",
        "timestamp": "1687531305458",
        "success": "true",
        "load_time": "0.000",
        "makespan": "275.598",
        "processing_time": "0.497"
      },
      "r801979": {
        "id": "r801979",
        "timestamp": "1687540537755",
        "success": "true",
        "load_time": "0.000",
        "makespan": "21.987",
        "processing_time": "0.081"
      },
      "r830159": {
        "id": "r830159",
        "timestamp": "1687524997668",
        "success": "true",
        "load_time": "0.000",
        "makespan": "35.982",
        "processing_time": "0.217"
      },
      "r595734": {
        "id": "r595734",
        "timestamp": "1687523367318",
        "success": "true",
        "load_time": "0.000",
        "makespan": "23.812",
        "processing_time": "0.379"
      },
      "r640126": {
        "id": "r640126",
        "timestamp": "1687538224205",
        "success": "true",
        "load_time": "0.000",
        "makespan": "16.309",
        "processing_time": "2.948"
      },
      "r600571": {
        "id": "r600571",
        "timestamp": "1687541098909",
        "success": "true",
        "load_time": "0.000",
        "makespan": "259.314",
        "processing_time": "0.555"
      },
      "r556362": {
        "id": "r556362",
        "timestamp": "1687539518529",
        "success": "true",
        "load_time": "0.000",
        "makespan": "37.139",
        "processing_time": "0.836"
      },
      "r810289": {
        "id": "r810289",
        "timestamp": "1687550774917",
        "success": "true",
        "load_time": "0.000",
        "makespan": "15.923",
        "processing_time": "1.040"
      },
      "r807675": {
        "id": "r807675",
        "timestamp": "1687521754942",
        "success": "true",
        "load_time": "0.000",
        "makespan": "52.430",
        "processing_time": "20.778"
      },
      "r602754": {
        "id": "r602754",
        "timestamp": "1687539738569",
        "success": "true",
        "load_time": "0.000",
        "makespan": "36.831",
        "processing_time": "0.847"
      },
      "r821329": {
        "id": "r821329",
        "timestamp": "1687540939863",
        "success": "true",
        "load_time": "0.000",
        "makespan": "24.952",
        "processing_time": "1.285"
      },
      "r545754": {
        "id": "r545754",
        "timestamp": "1687526255985",
        "success": "true",
        "load_time": "0.000",
        "makespan": "317.983",
        "processing_time": "0.720"
      },
      "r636420": {
        "id": "r636420",
        "timestamp": "1687526065925",
        "success": "true",
        "load_time": "0.000",
        "makespan": "21.994",
        "processing_time": "0.136"
      },
      "r908428": {
        "id": "r908428",
        "timestamp": "1687538804386",
        "success": "true",
        "load_time": "0.000",
        "makespan": "59.209",
        "processing_time": "2.812"
      },
      "r657416": {
        "id": "r657416",
        "timestamp": "1687526156954",
        "success": "true",
        "load_time": "0.000",
        "makespan": "22.688",
        "processing_time": "0.901"
      },
      "r910501": {
        "id": "r910501",
        "timestamp": "1687540136648",
        "success": "true",
        "load_time": "0.000",
        "makespan": "29.807",
        "processing_time": "0.312"
      },
      "r875654": {
        "id": "r875654",
        "timestamp": "1687539668553",
        "success": "true",
        "load_time": "0.000",
        "makespan": "36.555",
        "processing_time": "0.293"
      },
      "r518122": {
        "id": "r518122",
        "timestamp": "1687550613859",
        "success": "true",
        "load_time": "0.000",
        "makespan": "16.356",
        "processing_time": "0.733"
      },
      "r500516": {
        "id": "r500516",
        "timestamp": "1687542009992",
        "success": "true",
        "load_time": "0.000",
        "makespan": "213.615",
        "processing_time": "0.542"
      },
      "r504833": {
        "id": "r504833",
        "timestamp": "1687549088629",
        "success": "true",
        "load_time": "0.000",
        "makespan": "213.160",
        "processing_time": "0.868"
      },
      "r815430": {
        "id": "r815430",
        "timestamp": "1687531789502",
        "success": "true",
        "load_time": "0.000",
        "makespan": "279.545",
        "processing_time": "1.721"
      },
      "r494861": {
        "id": "r494861",
        "timestamp": "1687522020987",
        "success": "true",
        "load_time": "0.000",
        "makespan": "36.814",
        "processing_time": "0.222"
      },
      "r617439": {
        "id": "r617439",
        "timestamp": "1687525505762",
        "success": "true",
        "load_time": "0.000",
        "makespan": "22.437",
        "processing_time": "0.379"
      },
      "r760877": {
        "id": "r760877",
        "timestamp": "1687525334726",
        "success": "true",
        "load_time": "0.000",
        "makespan": "41.921",
        "processing_time": "12.486"
      },
      "r474060": {
        "id": "r474060",
        "timestamp": "1687525404742",
        "success": "true",
        "load_time": "0.000",
        "makespan": "27.837",
        "processing_time": "0.360"
      },
      "r461544": {
        "id": "r461544",
        "timestamp": "1687550292745",
        "success": "true",
        "load_time": "0.000",
        "makespan": "31.042",
        "processing_time": "0.177"
      },
      "r475152": {
        "id": "r475152",
        "timestamp": "1687521467869",
        "success": "true",
        "load_time": "0.000",
        "makespan": "49.353",
        "processing_time": "11.180"
      },
      "r807370": {
        "id": "r807370",
        "timestamp": "1687526110939",
        "success": "true",
        "load_time": "0.000",
        "makespan": "23.009",
        "processing_time": "0.892"
      },
      "r830306": {
        "id": "r830306",
        "timestamp": "1687538095142",
        "success": "true",
        "load_time": "0.000",
        "makespan": "16.490",
        "processing_time": "3.031"
      },
      "r828193": {
        "id": "r828193",
        "timestamp": "1687523036224",
        "success": "true",
        "load_time": "0.000",
        "makespan": "26.073",
        "processing_time": "2.160"
      },
      "r701850": {
        "id": "r701850",
        "timestamp": "1687534871765",
        "success": "true",
        "load_time": "0.000",
        "makespan": "274.583",
        "processing_time": "0.483"
      },
      "r477697": {
        "id": "r477697",
        "timestamp": "1687550384772",
        "success": "true",
        "load_time": "0.000",
        "makespan": "19.275",
        "processing_time": "0.177"
      },
      "r720131": {
        "id": "r720131",
        "timestamp": "1687525066684",
        "success": "true",
        "load_time": "0.000",
        "makespan": "68.491",
        "processing_time": "28.315"
      },
      "r499689": {
        "id": "r499689",
        "timestamp": "1687525600780",
        "success": "true",
        "load_time": "0.000",
        "makespan": "22.105",
        "processing_time": "0.374"
      },
      "r876465": {
        "id": "r876465",
        "timestamp": "1687549502668",
        "success": "true",
        "load_time": "0.000",
        "makespan": "215.601",
        "processing_time": "0.990"
      },
      "r690448": {
        "id": "r690448",
        "timestamp": "1687550461802",
        "success": "true",
        "load_time": "0.000",
        "makespan": "20.107",
        "processing_time": "0.717"
      },
      "r918506": {
        "id": "r918506",
        "timestamp": "1687538013110",
        "success": "true",
        "load_time": "0.000",
        "makespan": "12.711",
        "processing_time": "0.148"
      },
      "r527476": {
        "id": "r527476",
        "timestamp": "1687538191189",
        "success": "true",
        "load_time": "0.000",
        "makespan": "13.921",
        "processing_time": "0.611"
      },
      "r703230": {
        "id": "r703230",
        "timestamp": "1687539363496",
        "success": "true",
        "load_time": "0.000",
        "makespan": "51.439",
        "processing_time": "2.778"
      },
      "r679409": {
        "id": "r679409",
        "timestamp": "1687540306694",
        "success": "true",
        "load_time": "0.000",
        "makespan": "30.098",
        "processing_time": "0.092"
      },
      "r788200": {
        "id": "r788200",
        "timestamp": "1687540436725",
        "success": "true",
        "load_time": "0.000",
        "makespan": "30.660",
        "processing_time": "6.502"
      },
      "r841094": {
        "id": "r841094",
        "timestamp": "1687537402000",
        "success": "true",
        "load_time": "0.000",
        "makespan": "228.950",
        "processing_time": "1.730"
      },
      "r631676": {
        "id": "r631676",
        "timestamp": "1687540358708",
        "success": "true",
        "load_time": "0.000",
        "makespan": "22.254",
        "processing_time": "0.315"
      },
      "r608712": {
        "id": "r608712",
        "timestamp": "1687522989211",
        "success": "true",
        "load_time": "0.000",
        "makespan": "23.532",
        "processing_time": "0.089"
      },
      "r877700": {
        "id": "r877700",
        "timestamp": "1687536871952",
        "success": "true",
        "load_time": "0.000",
        "makespan": "262.414",
        "processing_time": "1.184"
      },
      "r762920": {
        "id": "r762920",
        "timestamp": "1687543287113",
        "success": "true",
        "load_time": "0.000",
        "makespan": "221.221",
        "processing_time": "0.972"
      },
      "r517840": {
        "id": "r517840",
        "timestamp": "1687550980995",
        "success": "true",
        "load_time": "0.000",
        "makespan": "19.636",
        "processing_time": "3.647"
      },
      "r598906": {
        "id": "r598906",
        "timestamp": "1687521269835",
        "success": "true",
        "load_time": "0.000",
        "makespan": "62.225",
        "processing_time": "21.044"
      },
      "r649980": {
        "id": "r649980",
        "timestamp": "1687535354811",
        "success": "true",
        "load_time": "0.000",
        "makespan": "225.350",
        "processing_time": "0.493"
      },
      "r805073": {
        "id": "r805073",
        "timestamp": "1687524487556",
        "success": "true",
        "load_time": "0.000",
        "makespan": "68.184",
        "processing_time": "28.342"
      },
      "r700895": {
        "id": "r700895",
        "timestamp": "1687533606652",
        "success": "true",
        "load_time": "0.000",
        "makespan": "226.284",
        "processing_time": "0.431"
      },
      "r550480": {
        "id": "r550480",
        "timestamp": "1687538491326",
        "success": "true",
        "load_time": "0.000",
        "makespan": "73.650",
        "processing_time": "9.943"
      },
      "r669461": {
        "id": "r669461",
        "timestamp": "1687523635384",
        "success": "true",
        "load_time": "0.000",
        "makespan": "58.804",
        "processing_time": "0.339"
      },
      "r480295": {
        "id": "r480295",
        "timestamp": "1687521546887",
        "success": "true",
        "load_time": "0.000",
        "makespan": "39.889",
        "processing_time": "11.058"
      },
      "r509710": {
        "id": "r509710",
        "timestamp": "1687523312302",
        "success": "true",
        "load_time": "0.000",
        "makespan": "27.024",
        "processing_time": "1.423"
      },
      "r730838": {
        "id": "r730838",
        "timestamp": "1687539449514",
        "success": "true",
        "load_time": "0.000",
        "makespan": "36.421",
        "processing_time": "0.287"
      },
      "r653047": {
        "id": "r653047",
        "timestamp": "1687522175024",
        "success": "true",
        "load_time": "0.000",
        "makespan": "37.059",
        "processing_time": "2.930"
      },
      "r844374": {
        "id": "r844374",
        "timestamp": "1687540763817",
        "success": "true",
        "load_time": "0.000",
        "makespan": "24.039",
        "processing_time": "1.911"
      },
      "r626095": {
        "id": "r626095",
        "timestamp": "1687525937892",
        "success": "true",
        "load_time": "0.000",
        "makespan": "36.380",
        "processing_time": "12.606"
      },
      "r759462": {
        "id": "r759462",
        "timestamp": "1687550896962",
        "success": "true",
        "load_time": "0.000",
        "makespan": "14.921",
        "processing_time": "0.061"
      },
      "r467622": {
        "id": "r467622",
        "timestamp": "1687538400282",
        "success": "true",
        "load_time": "0.000",
        "makespan": "13.535",
        "processing_time": "0.839"
      },
      "r595305": {
        "id": "r595305",
        "timestamp": "1687541047894",
        "success": "true",
        "load_time": "0.000",
        "makespan": "24.999",
        "processing_time": "1.283"
      },
      "r559966": {
        "id": "r559966",
        "timestamp": "1687540250679",
        "success": "true",
        "load_time": "0.000",
        "makespan": "32.214",
        "processing_time": "1.914"
      },
      "r497791": {
        "id": "r497791",
        "timestamp": "1687540638783",
        "success": "true",
        "load_time": "0.000",
        "makespan": "22.313",
        "processing_time": "0.316"
      },
      "r590923": {
        "id": "r590923",
        "timestamp": "1687538461312",
        "success": "true",
        "load_time": "0.000",
        "makespan": "12.600",
        "processing_time": "0.066"
      },
      "r841825": {
        "id": "r841825",
        "timestamp": "1687539013427",
        "success": "true",
        "load_time": "0.000",
        "makespan": "59.333",
        "processing_time": "2.769"
      },
      "r778427": {
        "id": "r778427",
        "timestamp": "1687540581779",
        "success": "true",
        "load_time": "0.000",
        "makespan": "30.512",
        "processing_time": "6.593"
      },
      "r818927": {
        "id": "r818927",
        "timestamp": "1687523721402",
        "success": "true",
        "load_time": "0.000",
        "makespan": "32.414",
        "processing_time": "0.348"
      },
      "r669498": {
        "id": "r669498",
        "timestamp": "1687523781419",
        "success": "true",
        "load_time": "0.000",
        "makespan": "32.300",
        "processing_time": "0.335"
      },
      "r732148": {
        "id": "r732148",
        "timestamp": "1687522732159",
        "success": "true",
        "load_time": "0.000",
        "makespan": "33.175",
        "processing_time": "0.373"
      },
      "r642503": {
        "id": "r642503",
        "timestamp": "1687538057127",
        "success": "true",
        "load_time": "0.000",
        "makespan": "19.041",
        "processing_time": "2.975"
      },
      "r758899": {
        "id": "r758899",
        "timestamp": "1687539956610",
        "success": "true",
        "load_time": "0.000",
        "makespan": "59.099",
        "processing_time": "2.765"
      },
      "r562509": {
        "id": "r562509",
        "timestamp": "1687523840433",
        "success": "true",
        "load_time": "0.000",
        "makespan": "48.822",
        "processing_time": "0.738"
      },
      "r782762": {
        "id": "r782762",
        "timestamp": "1687521681924",
        "success": "true",
        "load_time": "0.000",
        "makespan": "37.251",
        "processing_time": "2.856"
      },
      "r567755": {
        "id": "r567755",
        "timestamp": "1687525175703",
        "success": "true",
        "load_time": "0.000",
        "makespan": "36.482",
        "processing_time": "0.739"
      },
      "r468552": {
        "id": "r468552",
        "timestamp": "1687522841178",
        "success": "true",
        "load_time": "0.000",
        "makespan": "24.053",
        "processing_time": "0.368"
      },
      "r546138": {
        "id": "r546138",
        "timestamp": "1687543718154",
        "success": "true",
        "load_time": "0.000",
        "makespan": "191.288",
        "processing_time": "0.418"
      },
      "r897101": {
        "id": "r897101",
        "timestamp": "1687550809933",
        "success": "true",
        "load_time": "0.000",
        "makespan": "14.894",
        "processing_time": "0.193"
      },
      "r569144": {
        "id": "r569144",
        "timestamp": "1687541572954",
        "success": "true",
        "load_time": "0.000",
        "makespan": "221.473",
        "processing_time": "0.555"
      },
      "r780073": {
        "id": "r780073",
        "timestamp": "1687550501817",
        "success": "true",
        "load_time": "0.000",
        "makespan": "16.367",
        "processing_time": "0.722"
      },
      "r467235": {
        "id": "r467235",
        "timestamp": "1687521367846",
        "success": "true",
        "load_time": "0.000",
        "makespan": "70.859",
        "processing_time": "0.223"
      },
      "r779480": {
        "id": "r779480",
        "timestamp": "1687522942197",
        "success": "true",
        "load_time": "0.000",
        "makespan": "23.595",
        "processing_time": "0.095"
      },
      "r793428": {
        "id": "r793428",
        "timestamp": "1687540990878",
        "success": "true",
        "load_time": "0.000",
        "makespan": "30.541",
        "processing_time": "6.572"
      },
      "r774592": {
        "id": "r774592",
        "timestamp": "1687527925139",
        "success": "true",
        "load_time": "0.000",
        "makespan": "309.969",
        "processing_time": "1.049"
      },
      "r839608": {
        "id": "r839608",
        "timestamp": "1687538130159",
        "success": "true",
        "load_time": "0.000",
        "makespan": "12.577",
        "processing_time": "0.071"
      },
      "r586380": {
        "id": "r586380",
        "timestamp": "1687550683886",
        "success": "true",
        "load_time": "0.000",
        "makespan": "14.952",
        "processing_time": "0.195"
      },
      "r670423": {
        "id": "r670423",
        "timestamp": "1687540193662",
        "success": "true",
        "load_time": "0.000",
        "makespan": "29.733",
        "processing_time": "0.332"
      },
      "r749543": {
        "id": "r749543",
        "timestamp": "1687538259220",
        "success": "true",
        "load_time": "0.000",
        "makespan": "13.843",
        "processing_time": "0.601"
      },
      "r887712": {
        "id": "r887712",
        "timestamp": "1687522603124",
        "success": "true",
        "load_time": "0.000",
        "makespan": "39.710",
        "processing_time": "11.055"
      },
      "r863609": {
        "id": "r863609",
        "timestamp": "1687524011455",
        "success": "true",
        "load_time": "0.000",
        "makespan": "55.471",
        "processing_time": "2.401"
      },
      "r699621": {
        "id": "r699621",
        "timestamp": "1687536340903",
        "success": "true",
        "load_time": "0.000",
        "makespan": "260.161",
        "processing_time": "1.164"
      },
      "r834790": {
        "id": "r834790",
        "timestamp": "1687538160173",
        "success": "true",
        "load_time": "0.000",
        "makespan": "13.238",
        "processing_time": "0.845"
      },
      "r562638": {
        "id": "r562638",
        "timestamp": "1687540493739",
        "success": "true",
        "load_time": "0.000",
        "makespan": "22.044",
        "processing_time": "0.081"
      },
      "r526017": {
        "id": "r526017",
        "timestamp": "1687535788854",
        "success": "true",
        "load_time": "0.000",
        "makespan": "295.117",
        "processing_time": "1.062"
      },
      "r576192": {
        "id": "r576192",
        "timestamp": "1687524817631",
        "success": "true",
        "load_time": "0.000",
        "makespan": "68.293",
        "processing_time": "28.163"
      },
      "r723095": {
        "id": "r723095",
        "timestamp": "1687538608347",
        "success": "true",
        "load_time": "0.000",
        "makespan": "51.968",
        "processing_time": "2.762"
      },
      "r783189": {
        "id": "r783189",
        "timestamp": "1687538904406",
        "success": "true",
        "load_time": "0.000",
        "makespan": "65.202",
        "processing_time": "9.613"
      },
      "r716116": {
        "id": "r716116",
        "timestamp": "1687524405533",
        "success": "true",
        "load_time": "0.000",
        "makespan": "43.094",
        "processing_time": "2.354"
      },
      "r897961": {
        "id": "r897961",
        "timestamp": "1687546582432",
        "success": "true",
        "load_time": "0.000",
        "makespan": "187.435",
        "processing_time": "0.329"
      },
      "r633923": {
        "id": "r633923",
        "timestamp": "1687550929977",
        "success": "true",
        "load_time": "0.000",
        "makespan": "14.917",
        "processing_time": "0.194"
      },
      "r664824": {
        "id": "r664824",
        "timestamp": "1687529461294",
        "success": "true",
        "load_time": "0.000",
        "makespan": "261.152",
        "processing_time": "1.159"
      },
      "r747856": {
        "id": "r747856",
        "timestamp": "1687523087240",
        "success": "true",
        "load_time": "0.000",
        "makespan": "32.882",
        "processing_time": "7.310"
      },
      "r892952": {
        "id": "r892952",
        "timestamp": "1687523468337",
        "success": "true",
        "load_time": "0.000",
        "makespan": "32.920",
        "processing_time": "7.219"
      },
      "r516260": {
        "id": "r516260",
        "timestamp": "1687540810832",
        "success": "true",
        "load_time": "0.000",
        "makespan": "25.103",
        "processing_time": "1.274"
      },
      "r489877": {
        "id": "r489877",
        "timestamp": "1687544844265",
        "success": "true",
        "load_time": "0.000",
        "makespan": "187.428",
        "processing_time": "0.328"
      },
      "r571516": {
        "id": "r571516",
        "timestamp": "1687550861948",
        "success": "true",
        "load_time": "0.000",
        "makespan": "15.954",
        "processing_time": "1.044"
      },
      "r663179": {
        "id": "r663179",
        "timestamp": "1687525846856",
        "success": "true",
        "load_time": "0.000",
        "makespan": "22.771",
        "processing_time": "0.878"
      },
      "r573535": {
        "id": "r573535",
        "timestamp": "1687532289549",
        "success": "true",
        "load_time": "0.000",
        "makespan": "227.184",
        "processing_time": "0.423"
      },
      "r537635": {
        "id": "r537635",
        "timestamp": "1687538695365",
        "success": "true",
        "load_time": "0.000",
        "makespan": "65.111",
        "processing_time": "9.318"
      },
      "r474261": {
        "id": "r474261",
        "timestamp": "1687523529353",
        "success": "true",
        "load_time": "0.000",
        "makespan": "26.894",
        "processing_time": "1.436"
      },
      "r536148": {
        "id": "r536148",
        "timestamp": "1687526001908",
        "success": "true",
        "load_time": "0.000",
        "makespan": "36.281",
        "processing_time": "12.480"
      },
      "r856098": {
        "id": "r856098",
        "timestamp": "1687524245506",
        "success": "true",
        "load_time": "0.000",
        "makespan": "36.541",
        "processing_time": "0.731"
      },
      "r900748": {
        "id": "r900748",
        "timestamp": "1687529009252",
        "success": "true",
        "load_time": "0.000",
        "makespan": "230.651",
        "processing_time": "1.744"
      },
      "r510720": {
        "id": "r510720",
        "timestamp": "1687539113445",
        "success": "true",
        "load_time": "0.000",
        "makespan": "52.105",
        "processing_time": "2.766"
      },
      "r756458": {
        "id": "r756458",
        "timestamp": "1687524678597",
        "success": "true",
        "load_time": "0.000",
        "makespan": "36.132",
        "processing_time": "0.217"
      },
      "r502050": {
        "id": "r502050",
        "timestamp": "1687537967092",
        "success": "true",
        "load_time": "0.000",
        "makespan": "15.345",
        "processing_time": "0.157"
      },
      "r889703": {
        "id": "r889703",
        "timestamp": "1687521615906",
        "success": "true",
        "load_time": "0.000",
        "makespan": "37.027",
        "processing_time": "0.223"
      },
      "r884138": {
        "id": "r884138",
        "timestamp": "1687538292235",
        "success": "true",
        "load_time": "0.000",
        "makespan": "13.443",
        "processing_time": "0.840"
      },
      "r692020": {
        "id": "r692020",
        "timestamp": "1687550344759",
        "success": "true",
        "load_time": "0.000",
        "makespan": "19.187",
        "processing_time": "0.185"
      },
      "r609619": {
        "id": "r609619",
        "timestamp": "1687523196272",
        "success": "true",
        "load_time": "0.000",
        "makespan": "33.172",
        "processing_time": "7.419"
      },
      "r508713": {
        "id": "r508713",
        "timestamp": "1687522531106",
        "success": "true",
        "load_time": "0.000",
        "makespan": "36.860",
        "processing_time": "2.870"
      },
      "r670598": {
        "id": "r670598",
        "timestamp": "1687522672144",
        "success": "true",
        "load_time": "0.000",
        "makespan": "35.185",
        "processing_time": "2.163"
      },
      "r475915": {
        "id": "r475915",
        "timestamp": "1687524175490",
        "success": "true",
        "load_time": "0.000",
        "makespan": "38.117",
        "processing_time": "1.736"
      },
      "r659754": {
        "id": "r659754",
        "timestamp": "1687524596579",
        "success": "true",
        "load_time": "0.000",
        "makespan": "43.028",
        "processing_time": "2.350"
      },
      "r639917": {
        "id": "r639917",
        "timestamp": "1687545858365",
        "success": "true",
        "load_time": "0.000",
        "makespan": "188.677",
        "processing_time": "1.373"
      },
      "r888062": {
        "id": "r888062",
        "timestamp": "1687525748824",
        "success": "true",
        "load_time": "0.000",
        "makespan": "22.123",
        "processing_time": "0.145"
      },
      "r713358": {
        "id": "r713358",
        "timestamp": "1687527391094",
        "success": "true",
        "load_time": "0.000",
        "makespan": "261.030",
        "processing_time": "0.695"
      },
      "r720609": {
        "id": "r720609",
        "timestamp": "1687538356266",
        "success": "true",
        "load_time": "0.000",
        "makespan": "12.688",
        "processing_time": "0.148"
      },
      "r722908": {
        "id": "r722908",
        "timestamp": "1687525695797",
        "success": "true",
        "load_time": "0.000",
        "makespan": "25.777",
        "processing_time": "1.476"
      },
      "r661663": {
        "id": "r661663",
        "timestamp": "1687523257287",
        "success": "true",
        "load_time": "0.000",
        "makespan": "26.967",
        "processing_time": "1.461"
      },
      "r600355": {
        "id": "r600355",
        "timestamp": "1687540056630",
        "success": "true",
        "load_time": "0.000",
        "makespan": "53.395",
        "processing_time": "0.304"
      },
      "r618716": {
        "id": "r618716",
        "timestamp": "1687538323251",
        "success": "true",
        "load_time": "0.000",
        "makespan": "13.862",
        "processing_time": "0.607"
      },
      "r861165": {
        "id": "r861165",
        "timestamp": "1687521843961",
        "success": "true",
        "load_time": "0.000",
        "makespan": "71.688",
        "processing_time": "0.730"
      },
      "r799823": {
        "id": "r799823",
        "timestamp": "1687537897060",
        "success": "true",
        "load_time": "0.000",
        "makespan": "16.028",
        "processing_time": "0.144"
      },
      "r645586": {
        "id": "r645586",
        "timestamp": "1687524106474",
        "success": "true",
        "load_time": "0.000",
        "makespan": "35.925",
        "processing_time": "0.208"
      },
      "r665065": {
        "id": "r665065",
        "timestamp": "1687540861846",
        "success": "true",
        "load_time": "0.000",
        "makespan": "22.313",
        "processing_time": "0.324"
      },
      "r797364": {
        "id": "r797364",
        "timestamp": "1687524747620",
        "success": "true",
        "load_time": "0.000",
        "makespan": "37.994",
        "processing_time": "1.754"
      },
      "r722101": {
        "id": "r722101",
        "timestamp": "1687522248041",
        "success": "true",
        "load_time": "0.000",
        "makespan": "37.613",
        "processing_time": "0.763"
      },
      "r581155": {
        "id": "r581155",
        "timestamp": "1687549928707",
        "success": "true",
        "load_time": "0.000",
        "makespan": "191.027",
        "processing_time": "1.384"
      },
      "r673233": {
        "id": "r673233",
        "timestamp": "1687544072188",
        "success": "true",
        "load_time": "0.000",
        "makespan": "185.891",
        "processing_time": "0.396"
      },
      "r789187": {
        "id": "r789187",
        "timestamp": "1687550424788",
        "success": "true",
        "load_time": "0.000",
        "makespan": "18.670",
        "processing_time": "0.066"
      },
      "r583612": {
        "id": "r583612",
        "timestamp": "1687526202968",
        "success": "true",
        "load_time": "0.000",
        "makespan": "25.850",
        "processing_time": "1.444"
      },
      "r469074": {
        "id": "r469074",
        "timestamp": "1687544420222",
        "success": "true",
        "load_time": "0.000",
        "makespan": "215.060",
        "processing_time": "0.977"
      }
    }
  }
}
